[2026-04-11T00:00:01.439+0000] {processor.py:161} INFO - Started process (PID=716) to work on /opt/airflow/dags/trade_fish_dag.py
[2026-04-11T00:00:01.440+0000] {processor.py:830} INFO - Processing file /opt/airflow/dags/trade_fish_dag.py for tasks to queue
[2026-04-11T00:00:01.442+0000] {logging_mixin.py:188} INFO - [2026-04-11T00:00:01.442+0000] {dagbag.py:538} INFO - Filling up the DagBag from /opt/airflow/dags/trade_fish_dag.py
[2026-04-11T00:00:01.838+0000] {processor.py:840} INFO - DAG(s) 'fish_trade_pipeline' retrieved from /opt/airflow/dags/trade_fish_dag.py
[2026-04-11T00:00:01.857+0000] {logging_mixin.py:188} INFO - [2026-04-11T00:00:01.857+0000] {dag.py:3036} INFO - Sync 1 DAGs
[2026-04-11T00:00:01.871+0000] {logging_mixin.py:188} INFO - [2026-04-11T00:00:01.871+0000] {dag.py:3823} INFO - Setting next_dagrun for fish_trade_pipeline to 2026-05-01 10:00:00+00:00, run_after=2026-06-01 10:00:00+00:00
[2026-04-11T00:00:01.889+0000] {processor.py:183} INFO - Processing /opt/airflow/dags/trade_fish_dag.py took 0.455 seconds
[2026-04-11T00:00:32.216+0000] {processor.py:161} INFO - Started process (PID=728) to work on /opt/airflow/dags/trade_fish_dag.py
[2026-04-11T00:00:32.218+0000] {processor.py:830} INFO - Processing file /opt/airflow/dags/trade_fish_dag.py for tasks to queue
[2026-04-11T00:00:32.219+0000] {logging_mixin.py:188} INFO - [2026-04-11T00:00:32.218+0000] {dagbag.py:538} INFO - Filling up the DagBag from /opt/airflow/dags/trade_fish_dag.py
[2026-04-11T00:00:32.630+0000] {processor.py:840} INFO - DAG(s) 'fish_trade_pipeline' retrieved from /opt/airflow/dags/trade_fish_dag.py
[2026-04-11T00:00:32.650+0000] {logging_mixin.py:188} INFO - [2026-04-11T00:00:32.650+0000] {dag.py:3036} INFO - Sync 1 DAGs
[2026-04-11T00:00:32.664+0000] {logging_mixin.py:188} INFO - [2026-04-11T00:00:32.664+0000] {dag.py:3823} INFO - Setting next_dagrun for fish_trade_pipeline to 2026-05-01 10:00:00+00:00, run_after=2026-06-01 10:00:00+00:00
[2026-04-11T00:00:32.681+0000] {processor.py:183} INFO - Processing /opt/airflow/dags/trade_fish_dag.py took 0.468 seconds
[2026-04-11T00:01:02.975+0000] {processor.py:161} INFO - Started process (PID=740) to work on /opt/airflow/dags/trade_fish_dag.py
[2026-04-11T00:01:02.976+0000] {processor.py:830} INFO - Processing file /opt/airflow/dags/trade_fish_dag.py for tasks to queue
[2026-04-11T00:01:02.977+0000] {logging_mixin.py:188} INFO - [2026-04-11T00:01:02.977+0000] {dagbag.py:538} INFO - Filling up the DagBag from /opt/airflow/dags/trade_fish_dag.py
[2026-04-11T00:01:03.359+0000] {processor.py:840} INFO - DAG(s) 'fish_trade_pipeline' retrieved from /opt/airflow/dags/trade_fish_dag.py
[2026-04-11T00:01:03.380+0000] {logging_mixin.py:188} INFO - [2026-04-11T00:01:03.380+0000] {dag.py:3036} INFO - Sync 1 DAGs
[2026-04-11T00:01:03.394+0000] {logging_mixin.py:188} INFO - [2026-04-11T00:01:03.394+0000] {dag.py:3823} INFO - Setting next_dagrun for fish_trade_pipeline to 2026-05-01 10:00:00+00:00, run_after=2026-06-01 10:00:00+00:00
[2026-04-11T00:01:03.472+0000] {processor.py:183} INFO - Processing /opt/airflow/dags/trade_fish_dag.py took 0.499 seconds
[2026-04-11T00:01:33.846+0000] {processor.py:161} INFO - Started process (PID=752) to work on /opt/airflow/dags/trade_fish_dag.py
[2026-04-11T00:01:33.847+0000] {processor.py:830} INFO - Processing file /opt/airflow/dags/trade_fish_dag.py for tasks to queue
[2026-04-11T00:01:33.848+0000] {logging_mixin.py:188} INFO - [2026-04-11T00:01:33.848+0000] {dagbag.py:538} INFO - Filling up the DagBag from /opt/airflow/dags/trade_fish_dag.py
[2026-04-11T00:01:34.270+0000] {processor.py:840} INFO - DAG(s) 'fish_trade_pipeline' retrieved from /opt/airflow/dags/trade_fish_dag.py
[2026-04-11T00:01:34.294+0000] {logging_mixin.py:188} INFO - [2026-04-11T00:01:34.294+0000] {dag.py:3036} INFO - Sync 1 DAGs
[2026-04-11T00:01:34.311+0000] {logging_mixin.py:188} INFO - [2026-04-11T00:01:34.311+0000] {dag.py:3823} INFO - Setting next_dagrun for fish_trade_pipeline to 2026-05-01 10:00:00+00:00, run_after=2026-06-01 10:00:00+00:00
[2026-04-11T00:01:34.329+0000] {processor.py:183} INFO - Processing /opt/airflow/dags/trade_fish_dag.py took 0.486 seconds
[2026-04-11T00:02:04.596+0000] {processor.py:161} INFO - Started process (PID=764) to work on /opt/airflow/dags/trade_fish_dag.py
[2026-04-11T00:02:04.597+0000] {processor.py:830} INFO - Processing file /opt/airflow/dags/trade_fish_dag.py for tasks to queue
[2026-04-11T00:02:04.598+0000] {logging_mixin.py:188} INFO - [2026-04-11T00:02:04.598+0000] {dagbag.py:538} INFO - Filling up the DagBag from /opt/airflow/dags/trade_fish_dag.py
[2026-04-11T00:02:04.991+0000] {processor.py:840} INFO - DAG(s) 'fish_trade_pipeline' retrieved from /opt/airflow/dags/trade_fish_dag.py
[2026-04-11T00:02:05.017+0000] {logging_mixin.py:188} INFO - [2026-04-11T00:02:05.016+0000] {dag.py:3036} INFO - Sync 1 DAGs
[2026-04-11T00:02:05.035+0000] {logging_mixin.py:188} INFO - [2026-04-11T00:02:05.034+0000] {dag.py:3823} INFO - Setting next_dagrun for fish_trade_pipeline to 2026-05-01 10:00:00+00:00, run_after=2026-06-01 10:00:00+00:00
[2026-04-11T00:02:05.049+0000] {processor.py:183} INFO - Processing /opt/airflow/dags/trade_fish_dag.py took 0.451 seconds
[2026-04-11T00:02:35.344+0000] {processor.py:161} INFO - Started process (PID=776) to work on /opt/airflow/dags/trade_fish_dag.py
[2026-04-11T00:02:35.346+0000] {processor.py:830} INFO - Processing file /opt/airflow/dags/trade_fish_dag.py for tasks to queue
[2026-04-11T00:02:35.347+0000] {logging_mixin.py:188} INFO - [2026-04-11T00:02:35.347+0000] {dagbag.py:538} INFO - Filling up the DagBag from /opt/airflow/dags/trade_fish_dag.py
[2026-04-11T00:02:35.770+0000] {processor.py:840} INFO - DAG(s) 'fish_trade_pipeline' retrieved from /opt/airflow/dags/trade_fish_dag.py
[2026-04-11T00:02:35.792+0000] {logging_mixin.py:188} INFO - [2026-04-11T00:02:35.791+0000] {dag.py:3036} INFO - Sync 1 DAGs
[2026-04-11T00:02:35.807+0000] {logging_mixin.py:188} INFO - [2026-04-11T00:02:35.807+0000] {dag.py:3823} INFO - Setting next_dagrun for fish_trade_pipeline to 2026-05-01 10:00:00+00:00, run_after=2026-06-01 10:00:00+00:00
[2026-04-11T00:02:35.821+0000] {processor.py:183} INFO - Processing /opt/airflow/dags/trade_fish_dag.py took 0.482 seconds
[2026-04-11T00:03:06.150+0000] {processor.py:161} INFO - Started process (PID=788) to work on /opt/airflow/dags/trade_fish_dag.py
[2026-04-11T00:03:06.152+0000] {processor.py:830} INFO - Processing file /opt/airflow/dags/trade_fish_dag.py for tasks to queue
[2026-04-11T00:03:06.153+0000] {logging_mixin.py:188} INFO - [2026-04-11T00:03:06.153+0000] {dagbag.py:538} INFO - Filling up the DagBag from /opt/airflow/dags/trade_fish_dag.py
[2026-04-11T00:03:06.633+0000] {processor.py:840} INFO - DAG(s) 'fish_trade_pipeline' retrieved from /opt/airflow/dags/trade_fish_dag.py
[2026-04-11T00:03:06.657+0000] {logging_mixin.py:188} INFO - [2026-04-11T00:03:06.656+0000] {dag.py:3036} INFO - Sync 1 DAGs
[2026-04-11T00:03:06.688+0000] {logging_mixin.py:188} INFO - [2026-04-11T00:03:06.687+0000] {dag.py:3823} INFO - Setting next_dagrun for fish_trade_pipeline to 2026-05-01 10:00:00+00:00, run_after=2026-06-01 10:00:00+00:00
[2026-04-11T00:03:06.717+0000] {processor.py:183} INFO - Processing /opt/airflow/dags/trade_fish_dag.py took 0.572 seconds
[2026-04-11T00:03:37.011+0000] {processor.py:161} INFO - Started process (PID=800) to work on /opt/airflow/dags/trade_fish_dag.py
[2026-04-11T00:03:37.012+0000] {processor.py:830} INFO - Processing file /opt/airflow/dags/trade_fish_dag.py for tasks to queue
[2026-04-11T00:03:37.014+0000] {logging_mixin.py:188} INFO - [2026-04-11T00:03:37.014+0000] {dagbag.py:538} INFO - Filling up the DagBag from /opt/airflow/dags/trade_fish_dag.py
[2026-04-11T00:03:37.539+0000] {processor.py:840} INFO - DAG(s) 'fish_trade_pipeline' retrieved from /opt/airflow/dags/trade_fish_dag.py
[2026-04-11T00:03:37.560+0000] {logging_mixin.py:188} INFO - [2026-04-11T00:03:37.560+0000] {dag.py:3036} INFO - Sync 1 DAGs
[2026-04-11T00:03:37.576+0000] {logging_mixin.py:188} INFO - [2026-04-11T00:03:37.576+0000] {dag.py:3823} INFO - Setting next_dagrun for fish_trade_pipeline to 2026-05-01 10:00:00+00:00, run_after=2026-06-01 10:00:00+00:00
[2026-04-11T00:03:37.593+0000] {processor.py:183} INFO - Processing /opt/airflow/dags/trade_fish_dag.py took 0.588 seconds
[2026-04-11T00:04:07.847+0000] {processor.py:161} INFO - Started process (PID=826) to work on /opt/airflow/dags/trade_fish_dag.py
[2026-04-11T00:04:07.849+0000] {processor.py:830} INFO - Processing file /opt/airflow/dags/trade_fish_dag.py for tasks to queue
[2026-04-11T00:04:07.850+0000] {logging_mixin.py:188} INFO - [2026-04-11T00:04:07.850+0000] {dagbag.py:538} INFO - Filling up the DagBag from /opt/airflow/dags/trade_fish_dag.py
[2026-04-11T00:04:08.343+0000] {processor.py:840} INFO - DAG(s) 'fish_trade_pipeline' retrieved from /opt/airflow/dags/trade_fish_dag.py
[2026-04-11T00:04:08.365+0000] {logging_mixin.py:188} INFO - [2026-04-11T00:04:08.365+0000] {dag.py:3036} INFO - Sync 1 DAGs
[2026-04-11T00:04:08.382+0000] {logging_mixin.py:188} INFO - [2026-04-11T00:04:08.381+0000] {dag.py:3823} INFO - Setting next_dagrun for fish_trade_pipeline to 2026-05-01 10:00:00+00:00, run_after=2026-06-01 10:00:00+00:00
[2026-04-11T00:04:08.400+0000] {processor.py:183} INFO - Processing /opt/airflow/dags/trade_fish_dag.py took 0.556 seconds
[2026-04-11T00:04:38.678+0000] {processor.py:161} INFO - Started process (PID=838) to work on /opt/airflow/dags/trade_fish_dag.py
[2026-04-11T00:04:38.680+0000] {processor.py:830} INFO - Processing file /opt/airflow/dags/trade_fish_dag.py for tasks to queue
[2026-04-11T00:04:38.680+0000] {logging_mixin.py:188} INFO - [2026-04-11T00:04:38.680+0000] {dagbag.py:538} INFO - Filling up the DagBag from /opt/airflow/dags/trade_fish_dag.py
[2026-04-11T00:04:39.065+0000] {processor.py:840} INFO - DAG(s) 'fish_trade_pipeline' retrieved from /opt/airflow/dags/trade_fish_dag.py
[2026-04-11T00:04:39.084+0000] {logging_mixin.py:188} INFO - [2026-04-11T00:04:39.083+0000] {dag.py:3036} INFO - Sync 1 DAGs
[2026-04-11T00:04:39.098+0000] {logging_mixin.py:188} INFO - [2026-04-11T00:04:39.098+0000] {dag.py:3823} INFO - Setting next_dagrun for fish_trade_pipeline to 2026-05-01 10:00:00+00:00, run_after=2026-06-01 10:00:00+00:00
[2026-04-11T00:04:39.115+0000] {processor.py:183} INFO - Processing /opt/airflow/dags/trade_fish_dag.py took 0.439 seconds
[2026-04-11T00:05:09.411+0000] {processor.py:161} INFO - Started process (PID=850) to work on /opt/airflow/dags/trade_fish_dag.py
[2026-04-11T00:05:09.412+0000] {processor.py:830} INFO - Processing file /opt/airflow/dags/trade_fish_dag.py for tasks to queue
[2026-04-11T00:05:09.413+0000] {logging_mixin.py:188} INFO - [2026-04-11T00:05:09.413+0000] {dagbag.py:538} INFO - Filling up the DagBag from /opt/airflow/dags/trade_fish_dag.py
[2026-04-11T00:05:09.844+0000] {processor.py:840} INFO - DAG(s) 'fish_trade_pipeline' retrieved from /opt/airflow/dags/trade_fish_dag.py
[2026-04-11T00:05:09.863+0000] {logging_mixin.py:188} INFO - [2026-04-11T00:05:09.862+0000] {dag.py:3036} INFO - Sync 1 DAGs
[2026-04-11T00:05:09.875+0000] {logging_mixin.py:188} INFO - [2026-04-11T00:05:09.875+0000] {dag.py:3823} INFO - Setting next_dagrun for fish_trade_pipeline to 2026-05-01 10:00:00+00:00, run_after=2026-06-01 10:00:00+00:00
[2026-04-11T00:05:09.946+0000] {processor.py:183} INFO - Processing /opt/airflow/dags/trade_fish_dag.py took 0.537 seconds
[2026-04-11T00:05:40.264+0000] {processor.py:161} INFO - Started process (PID=862) to work on /opt/airflow/dags/trade_fish_dag.py
[2026-04-11T00:05:40.266+0000] {processor.py:830} INFO - Processing file /opt/airflow/dags/trade_fish_dag.py for tasks to queue
[2026-04-11T00:05:40.267+0000] {logging_mixin.py:188} INFO - [2026-04-11T00:05:40.266+0000] {dagbag.py:538} INFO - Filling up the DagBag from /opt/airflow/dags/trade_fish_dag.py
[2026-04-11T00:05:40.736+0000] {processor.py:840} INFO - DAG(s) 'fish_trade_pipeline' retrieved from /opt/airflow/dags/trade_fish_dag.py
[2026-04-11T00:05:40.759+0000] {logging_mixin.py:188} INFO - [2026-04-11T00:05:40.759+0000] {dag.py:3036} INFO - Sync 1 DAGs
[2026-04-11T00:05:40.774+0000] {logging_mixin.py:188} INFO - [2026-04-11T00:05:40.774+0000] {dag.py:3823} INFO - Setting next_dagrun for fish_trade_pipeline to 2026-05-01 10:00:00+00:00, run_after=2026-06-01 10:00:00+00:00
[2026-04-11T00:05:40.798+0000] {processor.py:183} INFO - Processing /opt/airflow/dags/trade_fish_dag.py took 0.537 seconds
[2026-04-11T00:06:10.919+0000] {processor.py:161} INFO - Started process (PID=874) to work on /opt/airflow/dags/trade_fish_dag.py
[2026-04-11T00:06:10.920+0000] {processor.py:830} INFO - Processing file /opt/airflow/dags/trade_fish_dag.py for tasks to queue
[2026-04-11T00:06:10.922+0000] {logging_mixin.py:188} INFO - [2026-04-11T00:06:10.921+0000] {dagbag.py:538} INFO - Filling up the DagBag from /opt/airflow/dags/trade_fish_dag.py
[2026-04-11T00:06:11.331+0000] {processor.py:840} INFO - DAG(s) 'fish_trade_pipeline' retrieved from /opt/airflow/dags/trade_fish_dag.py
[2026-04-11T00:06:11.353+0000] {logging_mixin.py:188} INFO - [2026-04-11T00:06:11.352+0000] {dag.py:3036} INFO - Sync 1 DAGs
[2026-04-11T00:06:11.371+0000] {logging_mixin.py:188} INFO - [2026-04-11T00:06:11.371+0000] {dag.py:3823} INFO - Setting next_dagrun for fish_trade_pipeline to 2026-05-01 10:00:00+00:00, run_after=2026-06-01 10:00:00+00:00
[2026-04-11T00:06:11.388+0000] {processor.py:183} INFO - Processing /opt/airflow/dags/trade_fish_dag.py took 0.473 seconds
[2026-04-11T00:06:41.672+0000] {processor.py:161} INFO - Started process (PID=886) to work on /opt/airflow/dags/trade_fish_dag.py
[2026-04-11T00:06:41.674+0000] {processor.py:830} INFO - Processing file /opt/airflow/dags/trade_fish_dag.py for tasks to queue
[2026-04-11T00:06:41.675+0000] {logging_mixin.py:188} INFO - [2026-04-11T00:06:41.674+0000] {dagbag.py:538} INFO - Filling up the DagBag from /opt/airflow/dags/trade_fish_dag.py
[2026-04-11T00:06:42.258+0000] {processor.py:840} INFO - DAG(s) 'fish_trade_pipeline' retrieved from /opt/airflow/dags/trade_fish_dag.py
[2026-04-11T00:06:42.315+0000] {logging_mixin.py:188} INFO - [2026-04-11T00:06:42.315+0000] {dag.py:3036} INFO - Sync 1 DAGs
[2026-04-11T00:06:42.336+0000] {logging_mixin.py:188} INFO - [2026-04-11T00:06:42.336+0000] {dag.py:3823} INFO - Setting next_dagrun for fish_trade_pipeline to 2026-05-01 10:00:00+00:00, run_after=2026-06-01 10:00:00+00:00
[2026-04-11T00:06:42.422+0000] {processor.py:183} INFO - Processing /opt/airflow/dags/trade_fish_dag.py took 0.753 seconds
[2026-04-11T00:07:12.633+0000] {processor.py:161} INFO - Started process (PID=898) to work on /opt/airflow/dags/trade_fish_dag.py
[2026-04-11T00:07:12.634+0000] {processor.py:830} INFO - Processing file /opt/airflow/dags/trade_fish_dag.py for tasks to queue
[2026-04-11T00:07:12.635+0000] {logging_mixin.py:188} INFO - [2026-04-11T00:07:12.634+0000] {dagbag.py:538} INFO - Filling up the DagBag from /opt/airflow/dags/trade_fish_dag.py
[2026-04-11T00:07:13.058+0000] {processor.py:840} INFO - DAG(s) 'fish_trade_pipeline' retrieved from /opt/airflow/dags/trade_fish_dag.py
[2026-04-11T00:07:13.080+0000] {logging_mixin.py:188} INFO - [2026-04-11T00:07:13.080+0000] {dag.py:3036} INFO - Sync 1 DAGs
[2026-04-11T00:07:13.098+0000] {logging_mixin.py:188} INFO - [2026-04-11T00:07:13.098+0000] {dag.py:3823} INFO - Setting next_dagrun for fish_trade_pipeline to 2026-05-01 10:00:00+00:00, run_after=2026-06-01 10:00:00+00:00
[2026-04-11T00:07:13.115+0000] {processor.py:183} INFO - Processing /opt/airflow/dags/trade_fish_dag.py took 0.485 seconds
[2026-04-11T00:07:43.423+0000] {processor.py:161} INFO - Started process (PID=910) to work on /opt/airflow/dags/trade_fish_dag.py
[2026-04-11T00:07:43.425+0000] {processor.py:830} INFO - Processing file /opt/airflow/dags/trade_fish_dag.py for tasks to queue
[2026-04-11T00:07:43.427+0000] {logging_mixin.py:188} INFO - [2026-04-11T00:07:43.426+0000] {dagbag.py:538} INFO - Filling up the DagBag from /opt/airflow/dags/trade_fish_dag.py
[2026-04-11T00:07:43.978+0000] {processor.py:840} INFO - DAG(s) 'fish_trade_pipeline' retrieved from /opt/airflow/dags/trade_fish_dag.py
[2026-04-11T00:07:43.999+0000] {logging_mixin.py:188} INFO - [2026-04-11T00:07:43.999+0000] {dag.py:3036} INFO - Sync 1 DAGs
[2026-04-11T00:07:44.017+0000] {logging_mixin.py:188} INFO - [2026-04-11T00:07:44.017+0000] {dag.py:3823} INFO - Setting next_dagrun for fish_trade_pipeline to 2026-05-01 10:00:00+00:00, run_after=2026-06-01 10:00:00+00:00
[2026-04-11T00:07:44.040+0000] {processor.py:183} INFO - Processing /opt/airflow/dags/trade_fish_dag.py took 0.622 seconds
[2026-04-11T00:08:14.244+0000] {processor.py:161} INFO - Started process (PID=922) to work on /opt/airflow/dags/trade_fish_dag.py
[2026-04-11T00:08:14.245+0000] {processor.py:830} INFO - Processing file /opt/airflow/dags/trade_fish_dag.py for tasks to queue
[2026-04-11T00:08:14.246+0000] {logging_mixin.py:188} INFO - [2026-04-11T00:08:14.245+0000] {dagbag.py:538} INFO - Filling up the DagBag from /opt/airflow/dags/trade_fish_dag.py
[2026-04-11T00:08:14.606+0000] {processor.py:840} INFO - DAG(s) 'fish_trade_pipeline' retrieved from /opt/airflow/dags/trade_fish_dag.py
[2026-04-11T00:08:14.628+0000] {logging_mixin.py:188} INFO - [2026-04-11T00:08:14.628+0000] {dag.py:3036} INFO - Sync 1 DAGs
[2026-04-11T00:08:14.650+0000] {logging_mixin.py:188} INFO - [2026-04-11T00:08:14.650+0000] {dag.py:3823} INFO - Setting next_dagrun for fish_trade_pipeline to 2026-05-01 10:00:00+00:00, run_after=2026-06-01 10:00:00+00:00
[2026-04-11T00:08:14.729+0000] {processor.py:183} INFO - Processing /opt/airflow/dags/trade_fish_dag.py took 0.488 seconds
[2026-04-11T00:08:45.069+0000] {processor.py:161} INFO - Started process (PID=940) to work on /opt/airflow/dags/trade_fish_dag.py
[2026-04-11T00:08:45.070+0000] {processor.py:830} INFO - Processing file /opt/airflow/dags/trade_fish_dag.py for tasks to queue
[2026-04-11T00:08:45.072+0000] {logging_mixin.py:188} INFO - [2026-04-11T00:08:45.071+0000] {dagbag.py:538} INFO - Filling up the DagBag from /opt/airflow/dags/trade_fish_dag.py
[2026-04-11T00:08:45.570+0000] {processor.py:840} INFO - DAG(s) 'fish_trade_pipeline' retrieved from /opt/airflow/dags/trade_fish_dag.py
[2026-04-11T00:08:45.591+0000] {logging_mixin.py:188} INFO - [2026-04-11T00:08:45.591+0000] {dag.py:3036} INFO - Sync 1 DAGs
[2026-04-11T00:08:45.607+0000] {logging_mixin.py:188} INFO - [2026-04-11T00:08:45.607+0000] {dag.py:3823} INFO - Setting next_dagrun for fish_trade_pipeline to 2026-05-01 10:00:00+00:00, run_after=2026-06-01 10:00:00+00:00
[2026-04-11T00:08:45.624+0000] {processor.py:183} INFO - Processing /opt/airflow/dags/trade_fish_dag.py took 0.558 seconds
[2026-04-11T00:09:15.808+0000] {processor.py:161} INFO - Started process (PID=955) to work on /opt/airflow/dags/trade_fish_dag.py
[2026-04-11T00:09:15.809+0000] {processor.py:830} INFO - Processing file /opt/airflow/dags/trade_fish_dag.py for tasks to queue
[2026-04-11T00:09:15.810+0000] {logging_mixin.py:188} INFO - [2026-04-11T00:09:15.810+0000] {dagbag.py:538} INFO - Filling up the DagBag from /opt/airflow/dags/trade_fish_dag.py
[2026-04-11T00:09:16.212+0000] {processor.py:840} INFO - DAG(s) 'fish_trade_pipeline' retrieved from /opt/airflow/dags/trade_fish_dag.py
[2026-04-11T00:09:16.234+0000] {logging_mixin.py:188} INFO - [2026-04-11T00:09:16.234+0000] {dag.py:3036} INFO - Sync 1 DAGs
[2026-04-11T00:09:16.250+0000] {logging_mixin.py:188} INFO - [2026-04-11T00:09:16.250+0000] {dag.py:3823} INFO - Setting next_dagrun for fish_trade_pipeline to 2026-05-01 10:00:00+00:00, run_after=2026-06-01 10:00:00+00:00
[2026-04-11T00:09:16.269+0000] {processor.py:183} INFO - Processing /opt/airflow/dags/trade_fish_dag.py took 0.465 seconds
[2026-04-11T00:10:14.115+0000] {processor.py:161} INFO - Started process (PID=166) to work on /opt/airflow/dags/trade_fish_dag.py
[2026-04-11T00:10:14.117+0000] {processor.py:830} INFO - Processing file /opt/airflow/dags/trade_fish_dag.py for tasks to queue
[2026-04-11T00:10:14.118+0000] {logging_mixin.py:188} INFO - [2026-04-11T00:10:14.117+0000] {dagbag.py:538} INFO - Filling up the DagBag from /opt/airflow/dags/trade_fish_dag.py
[2026-04-11T00:10:15.168+0000] {processor.py:840} INFO - DAG(s) 'fish_trade_pipeline' retrieved from /opt/airflow/dags/trade_fish_dag.py
[2026-04-11T00:10:15.320+0000] {logging_mixin.py:188} INFO - [2026-04-11T00:10:15.319+0000] {override.py:1769} INFO - Created Permission View: can delete on DAG:fish_trade_pipeline
[2026-04-11T00:10:15.328+0000] {logging_mixin.py:188} INFO - [2026-04-11T00:10:15.327+0000] {override.py:1769} INFO - Created Permission View: can read on DAG:fish_trade_pipeline
[2026-04-11T00:10:15.334+0000] {logging_mixin.py:188} INFO - [2026-04-11T00:10:15.334+0000] {override.py:1769} INFO - Created Permission View: can edit on DAG:fish_trade_pipeline
[2026-04-11T00:10:15.335+0000] {logging_mixin.py:188} INFO - [2026-04-11T00:10:15.334+0000] {dag.py:3036} INFO - Sync 1 DAGs
[2026-04-11T00:10:15.343+0000] {logging_mixin.py:188} INFO - [2026-04-11T00:10:15.343+0000] {dag.py:3058} INFO - Creating ORM DAG for fish_trade_pipeline
[2026-04-11T00:10:15.350+0000] {logging_mixin.py:188} INFO - [2026-04-11T00:10:15.350+0000] {dag.py:3823} INFO - Setting next_dagrun for fish_trade_pipeline to 2026-05-01 10:00:00+00:00, run_after=2026-06-01 10:00:00+00:00
[2026-04-11T00:10:15.368+0000] {processor.py:183} INFO - Processing /opt/airflow/dags/trade_fish_dag.py took 1.256 seconds
[2026-04-11T00:10:45.548+0000] {processor.py:161} INFO - Started process (PID=178) to work on /opt/airflow/dags/trade_fish_dag.py
[2026-04-11T00:10:45.550+0000] {processor.py:830} INFO - Processing file /opt/airflow/dags/trade_fish_dag.py for tasks to queue
[2026-04-11T00:10:45.551+0000] {logging_mixin.py:188} INFO - [2026-04-11T00:10:45.550+0000] {dagbag.py:538} INFO - Filling up the DagBag from /opt/airflow/dags/trade_fish_dag.py
[2026-04-11T00:10:45.964+0000] {processor.py:840} INFO - DAG(s) 'fish_trade_pipeline' retrieved from /opt/airflow/dags/trade_fish_dag.py
[2026-04-11T00:10:45.984+0000] {logging_mixin.py:188} INFO - [2026-04-11T00:10:45.984+0000] {dag.py:3036} INFO - Sync 1 DAGs
[2026-04-11T00:10:45.997+0000] {logging_mixin.py:188} INFO - [2026-04-11T00:10:45.997+0000] {dag.py:3823} INFO - Setting next_dagrun for fish_trade_pipeline to 2026-05-01 10:00:00+00:00, run_after=2026-06-01 10:00:00+00:00
[2026-04-11T00:10:46.073+0000] {processor.py:183} INFO - Processing /opt/airflow/dags/trade_fish_dag.py took 0.528 seconds
[2026-04-11T00:11:16.323+0000] {processor.py:161} INFO - Started process (PID=196) to work on /opt/airflow/dags/trade_fish_dag.py
[2026-04-11T00:11:16.324+0000] {processor.py:830} INFO - Processing file /opt/airflow/dags/trade_fish_dag.py for tasks to queue
[2026-04-11T00:11:16.325+0000] {logging_mixin.py:188} INFO - [2026-04-11T00:11:16.324+0000] {dagbag.py:538} INFO - Filling up the DagBag from /opt/airflow/dags/trade_fish_dag.py
[2026-04-11T00:11:16.704+0000] {processor.py:840} INFO - DAG(s) 'fish_trade_pipeline' retrieved from /opt/airflow/dags/trade_fish_dag.py
[2026-04-11T00:11:16.726+0000] {logging_mixin.py:188} INFO - [2026-04-11T00:11:16.726+0000] {dag.py:3036} INFO - Sync 1 DAGs
[2026-04-11T00:11:16.740+0000] {logging_mixin.py:188} INFO - [2026-04-11T00:11:16.740+0000] {dag.py:3823} INFO - Setting next_dagrun for fish_trade_pipeline to 2026-05-01 10:00:00+00:00, run_after=2026-06-01 10:00:00+00:00
[2026-04-11T00:11:16.796+0000] {processor.py:183} INFO - Processing /opt/airflow/dags/trade_fish_dag.py took 0.477 seconds
[2026-04-11T00:11:47.089+0000] {processor.py:161} INFO - Started process (PID=208) to work on /opt/airflow/dags/trade_fish_dag.py
[2026-04-11T00:11:47.090+0000] {processor.py:830} INFO - Processing file /opt/airflow/dags/trade_fish_dag.py for tasks to queue
[2026-04-11T00:11:47.091+0000] {logging_mixin.py:188} INFO - [2026-04-11T00:11:47.091+0000] {dagbag.py:538} INFO - Filling up the DagBag from /opt/airflow/dags/trade_fish_dag.py
[2026-04-11T00:11:47.496+0000] {processor.py:840} INFO - DAG(s) 'fish_trade_pipeline' retrieved from /opt/airflow/dags/trade_fish_dag.py
[2026-04-11T00:11:47.518+0000] {logging_mixin.py:188} INFO - [2026-04-11T00:11:47.518+0000] {dag.py:3036} INFO - Sync 1 DAGs
[2026-04-11T00:11:47.534+0000] {logging_mixin.py:188} INFO - [2026-04-11T00:11:47.533+0000] {dag.py:3823} INFO - Setting next_dagrun for fish_trade_pipeline to 2026-05-01 10:00:00+00:00, run_after=2026-06-01 10:00:00+00:00
[2026-04-11T00:11:47.551+0000] {processor.py:183} INFO - Processing /opt/airflow/dags/trade_fish_dag.py took 0.466 seconds
[2026-04-11T00:12:17.867+0000] {processor.py:161} INFO - Started process (PID=220) to work on /opt/airflow/dags/trade_fish_dag.py
[2026-04-11T00:12:17.868+0000] {processor.py:830} INFO - Processing file /opt/airflow/dags/trade_fish_dag.py for tasks to queue
[2026-04-11T00:12:17.869+0000] {logging_mixin.py:188} INFO - [2026-04-11T00:12:17.869+0000] {dagbag.py:538} INFO - Filling up the DagBag from /opt/airflow/dags/trade_fish_dag.py
[2026-04-11T00:12:18.319+0000] {processor.py:840} INFO - DAG(s) 'fish_trade_pipeline' retrieved from /opt/airflow/dags/trade_fish_dag.py
[2026-04-11T00:12:18.341+0000] {logging_mixin.py:188} INFO - [2026-04-11T00:12:18.341+0000] {dag.py:3036} INFO - Sync 1 DAGs
[2026-04-11T00:12:18.358+0000] {logging_mixin.py:188} INFO - [2026-04-11T00:12:18.358+0000] {dag.py:3823} INFO - Setting next_dagrun for fish_trade_pipeline to 2026-05-01 10:00:00+00:00, run_after=2026-06-01 10:00:00+00:00
[2026-04-11T00:12:18.378+0000] {processor.py:183} INFO - Processing /opt/airflow/dags/trade_fish_dag.py took 0.514 seconds
[2026-04-11T00:12:48.688+0000] {processor.py:161} INFO - Started process (PID=232) to work on /opt/airflow/dags/trade_fish_dag.py
[2026-04-11T00:12:48.689+0000] {processor.py:830} INFO - Processing file /opt/airflow/dags/trade_fish_dag.py for tasks to queue
[2026-04-11T00:12:48.690+0000] {logging_mixin.py:188} INFO - [2026-04-11T00:12:48.690+0000] {dagbag.py:538} INFO - Filling up the DagBag from /opt/airflow/dags/trade_fish_dag.py
[2026-04-11T00:12:49.086+0000] {processor.py:840} INFO - DAG(s) 'fish_trade_pipeline' retrieved from /opt/airflow/dags/trade_fish_dag.py
[2026-04-11T00:12:49.107+0000] {logging_mixin.py:188} INFO - [2026-04-11T00:12:49.107+0000] {dag.py:3036} INFO - Sync 1 DAGs
[2026-04-11T00:12:49.122+0000] {logging_mixin.py:188} INFO - [2026-04-11T00:12:49.122+0000] {dag.py:3823} INFO - Setting next_dagrun for fish_trade_pipeline to 2026-05-01 10:00:00+00:00, run_after=2026-06-01 10:00:00+00:00
[2026-04-11T00:12:49.139+0000] {processor.py:183} INFO - Processing /opt/airflow/dags/trade_fish_dag.py took 0.454 seconds
[2026-04-11T00:13:19.469+0000] {processor.py:161} INFO - Started process (PID=244) to work on /opt/airflow/dags/trade_fish_dag.py
[2026-04-11T00:13:19.470+0000] {processor.py:830} INFO - Processing file /opt/airflow/dags/trade_fish_dag.py for tasks to queue
[2026-04-11T00:13:19.471+0000] {logging_mixin.py:188} INFO - [2026-04-11T00:13:19.471+0000] {dagbag.py:538} INFO - Filling up the DagBag from /opt/airflow/dags/trade_fish_dag.py
[2026-04-11T00:13:19.856+0000] {processor.py:840} INFO - DAG(s) 'fish_trade_pipeline' retrieved from /opt/airflow/dags/trade_fish_dag.py
[2026-04-11T00:13:19.877+0000] {logging_mixin.py:188} INFO - [2026-04-11T00:13:19.876+0000] {dag.py:3036} INFO - Sync 1 DAGs
[2026-04-11T00:13:19.893+0000] {logging_mixin.py:188} INFO - [2026-04-11T00:13:19.893+0000] {dag.py:3823} INFO - Setting next_dagrun for fish_trade_pipeline to 2026-05-01 10:00:00+00:00, run_after=2026-06-01 10:00:00+00:00
[2026-04-11T00:13:19.910+0000] {processor.py:183} INFO - Processing /opt/airflow/dags/trade_fish_dag.py took 0.444 seconds
[2026-04-11T00:13:50.190+0000] {processor.py:161} INFO - Started process (PID=256) to work on /opt/airflow/dags/trade_fish_dag.py
[2026-04-11T00:13:50.191+0000] {processor.py:830} INFO - Processing file /opt/airflow/dags/trade_fish_dag.py for tasks to queue
[2026-04-11T00:13:50.192+0000] {logging_mixin.py:188} INFO - [2026-04-11T00:13:50.192+0000] {dagbag.py:538} INFO - Filling up the DagBag from /opt/airflow/dags/trade_fish_dag.py
[2026-04-11T00:13:50.609+0000] {processor.py:840} INFO - DAG(s) 'fish_trade_pipeline' retrieved from /opt/airflow/dags/trade_fish_dag.py
[2026-04-11T00:13:50.631+0000] {logging_mixin.py:188} INFO - [2026-04-11T00:13:50.630+0000] {dag.py:3036} INFO - Sync 1 DAGs
[2026-04-11T00:13:50.646+0000] {logging_mixin.py:188} INFO - [2026-04-11T00:13:50.646+0000] {dag.py:3823} INFO - Setting next_dagrun for fish_trade_pipeline to 2026-05-01 10:00:00+00:00, run_after=2026-06-01 10:00:00+00:00
[2026-04-11T00:13:50.662+0000] {processor.py:183} INFO - Processing /opt/airflow/dags/trade_fish_dag.py took 0.475 seconds
[2026-04-11T00:14:21.003+0000] {processor.py:161} INFO - Started process (PID=268) to work on /opt/airflow/dags/trade_fish_dag.py
[2026-04-11T00:14:21.005+0000] {processor.py:830} INFO - Processing file /opt/airflow/dags/trade_fish_dag.py for tasks to queue
[2026-04-11T00:14:21.006+0000] {logging_mixin.py:188} INFO - [2026-04-11T00:14:21.005+0000] {dagbag.py:538} INFO - Filling up the DagBag from /opt/airflow/dags/trade_fish_dag.py
[2026-04-11T00:14:21.448+0000] {processor.py:840} INFO - DAG(s) 'fish_trade_pipeline' retrieved from /opt/airflow/dags/trade_fish_dag.py
[2026-04-11T00:14:21.468+0000] {logging_mixin.py:188} INFO - [2026-04-11T00:14:21.467+0000] {dag.py:3036} INFO - Sync 1 DAGs
[2026-04-11T00:14:21.482+0000] {logging_mixin.py:188} INFO - [2026-04-11T00:14:21.482+0000] {dag.py:3823} INFO - Setting next_dagrun for fish_trade_pipeline to 2026-05-01 10:00:00+00:00, run_after=2026-06-01 10:00:00+00:00
[2026-04-11T00:14:21.502+0000] {processor.py:183} INFO - Processing /opt/airflow/dags/trade_fish_dag.py took 0.502 seconds
[2026-04-11T00:14:51.726+0000] {processor.py:161} INFO - Started process (PID=279) to work on /opt/airflow/dags/trade_fish_dag.py
[2026-04-11T00:14:51.727+0000] {processor.py:830} INFO - Processing file /opt/airflow/dags/trade_fish_dag.py for tasks to queue
[2026-04-11T00:14:51.728+0000] {logging_mixin.py:188} INFO - [2026-04-11T00:14:51.728+0000] {dagbag.py:538} INFO - Filling up the DagBag from /opt/airflow/dags/trade_fish_dag.py
[2026-04-11T00:14:52.250+0000] {processor.py:840} INFO - DAG(s) 'fish_trade_pipeline' retrieved from /opt/airflow/dags/trade_fish_dag.py
[2026-04-11T00:14:52.272+0000] {logging_mixin.py:188} INFO - [2026-04-11T00:14:52.271+0000] {dag.py:3036} INFO - Sync 1 DAGs
[2026-04-11T00:14:52.289+0000] {logging_mixin.py:188} INFO - [2026-04-11T00:14:52.289+0000] {dag.py:3823} INFO - Setting next_dagrun for fish_trade_pipeline to 2026-05-01 10:00:00+00:00, run_after=2026-06-01 10:00:00+00:00
[2026-04-11T00:14:52.310+0000] {processor.py:183} INFO - Processing /opt/airflow/dags/trade_fish_dag.py took 0.587 seconds
[2026-04-11T00:15:36.810+0000] {processor.py:161} INFO - Started process (PID=166) to work on /opt/airflow/dags/trade_fish_dag.py
[2026-04-11T00:15:36.812+0000] {processor.py:830} INFO - Processing file /opt/airflow/dags/trade_fish_dag.py for tasks to queue
[2026-04-11T00:15:36.813+0000] {logging_mixin.py:188} INFO - [2026-04-11T00:15:36.812+0000] {dagbag.py:538} INFO - Filling up the DagBag from /opt/airflow/dags/trade_fish_dag.py
[2026-04-11T00:15:37.848+0000] {processor.py:840} INFO - DAG(s) 'fish_trade_pipeline' retrieved from /opt/airflow/dags/trade_fish_dag.py
[2026-04-11T00:15:38.002+0000] {logging_mixin.py:188} INFO - [2026-04-11T00:15:38.001+0000] {dag.py:3036} INFO - Sync 1 DAGs
[2026-04-11T00:15:38.018+0000] {logging_mixin.py:188} INFO - [2026-04-11T00:15:38.018+0000] {dag.py:3823} INFO - Setting next_dagrun for fish_trade_pipeline to 2026-05-01 10:00:00+00:00, run_after=2026-06-01 10:00:00+00:00
[2026-04-11T00:15:38.035+0000] {processor.py:183} INFO - Processing /opt/airflow/dags/trade_fish_dag.py took 1.227 seconds
[2026-04-11T00:16:08.303+0000] {processor.py:161} INFO - Started process (PID=185) to work on /opt/airflow/dags/trade_fish_dag.py
[2026-04-11T00:16:08.305+0000] {processor.py:830} INFO - Processing file /opt/airflow/dags/trade_fish_dag.py for tasks to queue
[2026-04-11T00:16:08.306+0000] {logging_mixin.py:188} INFO - [2026-04-11T00:16:08.306+0000] {dagbag.py:538} INFO - Filling up the DagBag from /opt/airflow/dags/trade_fish_dag.py
[2026-04-11T00:16:08.732+0000] {processor.py:840} INFO - DAG(s) 'fish_trade_pipeline' retrieved from /opt/airflow/dags/trade_fish_dag.py
[2026-04-11T00:16:08.755+0000] {logging_mixin.py:188} INFO - [2026-04-11T00:16:08.755+0000] {dag.py:3036} INFO - Sync 1 DAGs
[2026-04-11T00:16:08.769+0000] {logging_mixin.py:188} INFO - [2026-04-11T00:16:08.769+0000] {dag.py:3823} INFO - Setting next_dagrun for fish_trade_pipeline to 2026-05-01 10:00:00+00:00, run_after=2026-06-01 10:00:00+00:00
[2026-04-11T00:16:08.786+0000] {processor.py:183} INFO - Processing /opt/airflow/dags/trade_fish_dag.py took 0.487 seconds
[2026-04-11T00:16:39.097+0000] {processor.py:161} INFO - Started process (PID=197) to work on /opt/airflow/dags/trade_fish_dag.py
[2026-04-11T00:16:39.099+0000] {processor.py:830} INFO - Processing file /opt/airflow/dags/trade_fish_dag.py for tasks to queue
[2026-04-11T00:16:39.099+0000] {logging_mixin.py:188} INFO - [2026-04-11T00:16:39.099+0000] {dagbag.py:538} INFO - Filling up the DagBag from /opt/airflow/dags/trade_fish_dag.py
[2026-04-11T00:16:39.569+0000] {processor.py:840} INFO - DAG(s) 'fish_trade_pipeline' retrieved from /opt/airflow/dags/trade_fish_dag.py
[2026-04-11T00:16:39.588+0000] {logging_mixin.py:188} INFO - [2026-04-11T00:16:39.588+0000] {dag.py:3036} INFO - Sync 1 DAGs
[2026-04-11T00:16:39.602+0000] {logging_mixin.py:188} INFO - [2026-04-11T00:16:39.602+0000] {dag.py:3823} INFO - Setting next_dagrun for fish_trade_pipeline to 2026-05-01 10:00:00+00:00, run_after=2026-06-01 10:00:00+00:00
[2026-04-11T00:16:39.619+0000] {processor.py:183} INFO - Processing /opt/airflow/dags/trade_fish_dag.py took 0.529 seconds
[2026-04-11T00:17:09.794+0000] {processor.py:161} INFO - Started process (PID=209) to work on /opt/airflow/dags/trade_fish_dag.py
[2026-04-11T00:17:09.795+0000] {processor.py:830} INFO - Processing file /opt/airflow/dags/trade_fish_dag.py for tasks to queue
[2026-04-11T00:17:09.796+0000] {logging_mixin.py:188} INFO - [2026-04-11T00:17:09.796+0000] {dagbag.py:538} INFO - Filling up the DagBag from /opt/airflow/dags/trade_fish_dag.py
[2026-04-11T00:17:10.171+0000] {processor.py:840} INFO - DAG(s) 'fish_trade_pipeline' retrieved from /opt/airflow/dags/trade_fish_dag.py
[2026-04-11T00:17:10.192+0000] {logging_mixin.py:188} INFO - [2026-04-11T00:17:10.192+0000] {dag.py:3036} INFO - Sync 1 DAGs
[2026-04-11T00:17:10.206+0000] {logging_mixin.py:188} INFO - [2026-04-11T00:17:10.206+0000] {dag.py:3823} INFO - Setting next_dagrun for fish_trade_pipeline to 2026-05-01 10:00:00+00:00, run_after=2026-06-01 10:00:00+00:00
[2026-04-11T00:17:10.220+0000] {processor.py:183} INFO - Processing /opt/airflow/dags/trade_fish_dag.py took 0.428 seconds
[2026-04-11T00:17:40.546+0000] {processor.py:161} INFO - Started process (PID=221) to work on /opt/airflow/dags/trade_fish_dag.py
[2026-04-11T00:17:40.548+0000] {processor.py:830} INFO - Processing file /opt/airflow/dags/trade_fish_dag.py for tasks to queue
[2026-04-11T00:17:40.549+0000] {logging_mixin.py:188} INFO - [2026-04-11T00:17:40.549+0000] {dagbag.py:538} INFO - Filling up the DagBag from /opt/airflow/dags/trade_fish_dag.py
[2026-04-11T00:17:40.967+0000] {processor.py:840} INFO - DAG(s) 'fish_trade_pipeline' retrieved from /opt/airflow/dags/trade_fish_dag.py
[2026-04-11T00:17:40.987+0000] {logging_mixin.py:188} INFO - [2026-04-11T00:17:40.987+0000] {dag.py:3036} INFO - Sync 1 DAGs
[2026-04-11T00:17:41.003+0000] {logging_mixin.py:188} INFO - [2026-04-11T00:17:41.002+0000] {dag.py:3823} INFO - Setting next_dagrun for fish_trade_pipeline to 2026-05-01 10:00:00+00:00, run_after=2026-06-01 10:00:00+00:00
[2026-04-11T00:17:41.024+0000] {processor.py:183} INFO - Processing /opt/airflow/dags/trade_fish_dag.py took 0.481 seconds
[2026-04-11T00:18:11.307+0000] {processor.py:161} INFO - Started process (PID=232) to work on /opt/airflow/dags/trade_fish_dag.py
[2026-04-11T00:18:11.308+0000] {processor.py:830} INFO - Processing file /opt/airflow/dags/trade_fish_dag.py for tasks to queue
[2026-04-11T00:18:11.309+0000] {logging_mixin.py:188} INFO - [2026-04-11T00:18:11.309+0000] {dagbag.py:538} INFO - Filling up the DagBag from /opt/airflow/dags/trade_fish_dag.py
[2026-04-11T00:18:11.751+0000] {processor.py:840} INFO - DAG(s) 'fish_trade_pipeline' retrieved from /opt/airflow/dags/trade_fish_dag.py
[2026-04-11T00:18:11.774+0000] {logging_mixin.py:188} INFO - [2026-04-11T00:18:11.773+0000] {dag.py:3036} INFO - Sync 1 DAGs
[2026-04-11T00:18:11.790+0000] {logging_mixin.py:188} INFO - [2026-04-11T00:18:11.790+0000] {dag.py:3823} INFO - Setting next_dagrun for fish_trade_pipeline to 2026-05-01 10:00:00+00:00, run_after=2026-06-01 10:00:00+00:00
[2026-04-11T00:18:11.814+0000] {processor.py:183} INFO - Processing /opt/airflow/dags/trade_fish_dag.py took 0.510 seconds
[2026-04-11T00:18:42.206+0000] {processor.py:161} INFO - Started process (PID=244) to work on /opt/airflow/dags/trade_fish_dag.py
[2026-04-11T00:18:42.207+0000] {processor.py:830} INFO - Processing file /opt/airflow/dags/trade_fish_dag.py for tasks to queue
[2026-04-11T00:18:42.209+0000] {logging_mixin.py:188} INFO - [2026-04-11T00:18:42.208+0000] {dagbag.py:538} INFO - Filling up the DagBag from /opt/airflow/dags/trade_fish_dag.py
[2026-04-11T00:18:42.755+0000] {processor.py:840} INFO - DAG(s) 'fish_trade_pipeline' retrieved from /opt/airflow/dags/trade_fish_dag.py
[2026-04-11T00:18:42.774+0000] {logging_mixin.py:188} INFO - [2026-04-11T00:18:42.773+0000] {dag.py:3036} INFO - Sync 1 DAGs
[2026-04-11T00:18:42.789+0000] {logging_mixin.py:188} INFO - [2026-04-11T00:18:42.789+0000] {dag.py:3823} INFO - Setting next_dagrun for fish_trade_pipeline to 2026-05-01 10:00:00+00:00, run_after=2026-06-01 10:00:00+00:00
[2026-04-11T00:18:42.808+0000] {processor.py:183} INFO - Processing /opt/airflow/dags/trade_fish_dag.py took 0.606 seconds
[2026-04-11T00:19:13.204+0000] {processor.py:161} INFO - Started process (PID=256) to work on /opt/airflow/dags/trade_fish_dag.py
[2026-04-11T00:19:13.206+0000] {processor.py:830} INFO - Processing file /opt/airflow/dags/trade_fish_dag.py for tasks to queue
[2026-04-11T00:19:13.207+0000] {logging_mixin.py:188} INFO - [2026-04-11T00:19:13.207+0000] {dagbag.py:538} INFO - Filling up the DagBag from /opt/airflow/dags/trade_fish_dag.py
[2026-04-11T00:19:13.582+0000] {processor.py:840} INFO - DAG(s) 'fish_trade_pipeline' retrieved from /opt/airflow/dags/trade_fish_dag.py
[2026-04-11T00:19:13.601+0000] {logging_mixin.py:188} INFO - [2026-04-11T00:19:13.601+0000] {dag.py:3036} INFO - Sync 1 DAGs
[2026-04-11T00:19:13.615+0000] {logging_mixin.py:188} INFO - [2026-04-11T00:19:13.614+0000] {dag.py:3823} INFO - Setting next_dagrun for fish_trade_pipeline to 2026-05-01 10:00:00+00:00, run_after=2026-06-01 10:00:00+00:00
[2026-04-11T00:19:13.633+0000] {processor.py:183} INFO - Processing /opt/airflow/dags/trade_fish_dag.py took 0.435 seconds
[2026-04-11T00:19:43.735+0000] {processor.py:161} INFO - Started process (PID=268) to work on /opt/airflow/dags/trade_fish_dag.py
[2026-04-11T00:19:43.736+0000] {processor.py:830} INFO - Processing file /opt/airflow/dags/trade_fish_dag.py for tasks to queue
[2026-04-11T00:19:43.737+0000] {logging_mixin.py:188} INFO - [2026-04-11T00:19:43.737+0000] {dagbag.py:538} INFO - Filling up the DagBag from /opt/airflow/dags/trade_fish_dag.py
[2026-04-11T00:19:44.225+0000] {processor.py:840} INFO - DAG(s) 'fish_trade_pipeline' retrieved from /opt/airflow/dags/trade_fish_dag.py
[2026-04-11T00:19:44.249+0000] {logging_mixin.py:188} INFO - [2026-04-11T00:19:44.248+0000] {dag.py:3036} INFO - Sync 1 DAGs
[2026-04-11T00:19:44.266+0000] {logging_mixin.py:188} INFO - [2026-04-11T00:19:44.265+0000] {dag.py:3823} INFO - Setting next_dagrun for fish_trade_pipeline to 2026-05-01 10:00:00+00:00, run_after=2026-06-01 10:00:00+00:00
[2026-04-11T00:19:44.284+0000] {processor.py:183} INFO - Processing /opt/airflow/dags/trade_fish_dag.py took 0.552 seconds
[2026-04-11T00:20:14.570+0000] {processor.py:161} INFO - Started process (PID=280) to work on /opt/airflow/dags/trade_fish_dag.py
[2026-04-11T00:20:14.571+0000] {processor.py:830} INFO - Processing file /opt/airflow/dags/trade_fish_dag.py for tasks to queue
[2026-04-11T00:20:14.572+0000] {logging_mixin.py:188} INFO - [2026-04-11T00:20:14.572+0000] {dagbag.py:538} INFO - Filling up the DagBag from /opt/airflow/dags/trade_fish_dag.py
[2026-04-11T00:20:14.950+0000] {processor.py:840} INFO - DAG(s) 'fish_trade_pipeline' retrieved from /opt/airflow/dags/trade_fish_dag.py
[2026-04-11T00:20:14.969+0000] {logging_mixin.py:188} INFO - [2026-04-11T00:20:14.969+0000] {dag.py:3036} INFO - Sync 1 DAGs
[2026-04-11T00:20:14.983+0000] {logging_mixin.py:188} INFO - [2026-04-11T00:20:14.983+0000] {dag.py:3823} INFO - Setting next_dagrun for fish_trade_pipeline to 2026-05-01 10:00:00+00:00, run_after=2026-06-01 10:00:00+00:00
[2026-04-11T00:20:15.001+0000] {processor.py:183} INFO - Processing /opt/airflow/dags/trade_fish_dag.py took 0.433 seconds
[2026-04-11T00:20:45.241+0000] {processor.py:161} INFO - Started process (PID=292) to work on /opt/airflow/dags/trade_fish_dag.py
[2026-04-11T00:20:45.242+0000] {processor.py:830} INFO - Processing file /opt/airflow/dags/trade_fish_dag.py for tasks to queue
[2026-04-11T00:20:45.243+0000] {logging_mixin.py:188} INFO - [2026-04-11T00:20:45.242+0000] {dagbag.py:538} INFO - Filling up the DagBag from /opt/airflow/dags/trade_fish_dag.py
[2026-04-11T00:20:45.678+0000] {processor.py:840} INFO - DAG(s) 'fish_trade_pipeline' retrieved from /opt/airflow/dags/trade_fish_dag.py
[2026-04-11T00:20:45.710+0000] {logging_mixin.py:188} INFO - [2026-04-11T00:20:45.709+0000] {dag.py:3036} INFO - Sync 1 DAGs
[2026-04-11T00:20:45.726+0000] {logging_mixin.py:188} INFO - [2026-04-11T00:20:45.726+0000] {dag.py:3823} INFO - Setting next_dagrun for fish_trade_pipeline to 2026-05-01 10:00:00+00:00, run_after=2026-06-01 10:00:00+00:00
[2026-04-11T00:20:45.745+0000] {processor.py:183} INFO - Processing /opt/airflow/dags/trade_fish_dag.py took 0.507 seconds
[2026-04-11T00:21:16.026+0000] {processor.py:161} INFO - Started process (PID=304) to work on /opt/airflow/dags/trade_fish_dag.py
[2026-04-11T00:21:16.028+0000] {processor.py:830} INFO - Processing file /opt/airflow/dags/trade_fish_dag.py for tasks to queue
[2026-04-11T00:21:16.029+0000] {logging_mixin.py:188} INFO - [2026-04-11T00:21:16.028+0000] {dagbag.py:538} INFO - Filling up the DagBag from /opt/airflow/dags/trade_fish_dag.py
[2026-04-11T00:21:16.462+0000] {processor.py:840} INFO - DAG(s) 'fish_trade_pipeline' retrieved from /opt/airflow/dags/trade_fish_dag.py
[2026-04-11T00:21:16.487+0000] {logging_mixin.py:188} INFO - [2026-04-11T00:21:16.487+0000] {dag.py:3036} INFO - Sync 1 DAGs
[2026-04-11T00:21:16.503+0000] {logging_mixin.py:188} INFO - [2026-04-11T00:21:16.503+0000] {dag.py:3823} INFO - Setting next_dagrun for fish_trade_pipeline to 2026-05-01 10:00:00+00:00, run_after=2026-06-01 10:00:00+00:00
[2026-04-11T00:21:16.521+0000] {processor.py:183} INFO - Processing /opt/airflow/dags/trade_fish_dag.py took 0.497 seconds
[2026-04-11T00:21:46.829+0000] {processor.py:161} INFO - Started process (PID=316) to work on /opt/airflow/dags/trade_fish_dag.py
[2026-04-11T00:21:46.831+0000] {processor.py:830} INFO - Processing file /opt/airflow/dags/trade_fish_dag.py for tasks to queue
[2026-04-11T00:21:46.832+0000] {logging_mixin.py:188} INFO - [2026-04-11T00:21:46.832+0000] {dagbag.py:538} INFO - Filling up the DagBag from /opt/airflow/dags/trade_fish_dag.py
[2026-04-11T00:21:47.265+0000] {processor.py:840} INFO - DAG(s) 'fish_trade_pipeline' retrieved from /opt/airflow/dags/trade_fish_dag.py
[2026-04-11T00:21:47.283+0000] {logging_mixin.py:188} INFO - [2026-04-11T00:21:47.283+0000] {dag.py:3036} INFO - Sync 1 DAGs
[2026-04-11T00:21:47.298+0000] {logging_mixin.py:188} INFO - [2026-04-11T00:21:47.298+0000] {dag.py:3823} INFO - Setting next_dagrun for fish_trade_pipeline to 2026-05-01 10:00:00+00:00, run_after=2026-06-01 10:00:00+00:00
[2026-04-11T00:21:47.375+0000] {processor.py:183} INFO - Processing /opt/airflow/dags/trade_fish_dag.py took 0.550 seconds
[2026-04-11T00:22:17.693+0000] {processor.py:161} INFO - Started process (PID=328) to work on /opt/airflow/dags/trade_fish_dag.py
[2026-04-11T00:22:17.694+0000] {processor.py:830} INFO - Processing file /opt/airflow/dags/trade_fish_dag.py for tasks to queue
[2026-04-11T00:22:17.695+0000] {logging_mixin.py:188} INFO - [2026-04-11T00:22:17.695+0000] {dagbag.py:538} INFO - Filling up the DagBag from /opt/airflow/dags/trade_fish_dag.py
[2026-04-11T00:22:18.113+0000] {processor.py:840} INFO - DAG(s) 'fish_trade_pipeline' retrieved from /opt/airflow/dags/trade_fish_dag.py
[2026-04-11T00:22:18.135+0000] {logging_mixin.py:188} INFO - [2026-04-11T00:22:18.134+0000] {dag.py:3036} INFO - Sync 1 DAGs
[2026-04-11T00:22:18.150+0000] {logging_mixin.py:188} INFO - [2026-04-11T00:22:18.149+0000] {dag.py:3823} INFO - Setting next_dagrun for fish_trade_pipeline to 2026-05-01 10:00:00+00:00, run_after=2026-06-01 10:00:00+00:00
[2026-04-11T00:22:18.164+0000] {processor.py:183} INFO - Processing /opt/airflow/dags/trade_fish_dag.py took 0.474 seconds
[2026-04-11T00:22:48.374+0000] {processor.py:161} INFO - Started process (PID=341) to work on /opt/airflow/dags/trade_fish_dag.py
[2026-04-11T00:22:48.376+0000] {processor.py:830} INFO - Processing file /opt/airflow/dags/trade_fish_dag.py for tasks to queue
[2026-04-11T00:22:48.377+0000] {logging_mixin.py:188} INFO - [2026-04-11T00:22:48.376+0000] {dagbag.py:538} INFO - Filling up the DagBag from /opt/airflow/dags/trade_fish_dag.py
[2026-04-11T00:22:48.757+0000] {processor.py:840} INFO - DAG(s) 'fish_trade_pipeline' retrieved from /opt/airflow/dags/trade_fish_dag.py
[2026-04-11T00:22:48.779+0000] {logging_mixin.py:188} INFO - [2026-04-11T00:22:48.779+0000] {dag.py:3036} INFO - Sync 1 DAGs
[2026-04-11T00:22:48.795+0000] {logging_mixin.py:188} INFO - [2026-04-11T00:22:48.795+0000] {dag.py:3823} INFO - Setting next_dagrun for fish_trade_pipeline to 2026-05-01 10:00:00+00:00, run_after=2026-06-01 10:00:00+00:00
[2026-04-11T00:22:48.866+0000] {processor.py:183} INFO - Processing /opt/airflow/dags/trade_fish_dag.py took 0.495 seconds
[2026-04-11T00:23:19.181+0000] {processor.py:161} INFO - Started process (PID=353) to work on /opt/airflow/dags/trade_fish_dag.py
[2026-04-11T00:23:19.182+0000] {processor.py:830} INFO - Processing file /opt/airflow/dags/trade_fish_dag.py for tasks to queue
[2026-04-11T00:23:19.183+0000] {logging_mixin.py:188} INFO - [2026-04-11T00:23:19.183+0000] {dagbag.py:538} INFO - Filling up the DagBag from /opt/airflow/dags/trade_fish_dag.py
[2026-04-11T00:23:19.557+0000] {processor.py:840} INFO - DAG(s) 'fish_trade_pipeline' retrieved from /opt/airflow/dags/trade_fish_dag.py
[2026-04-11T00:23:19.578+0000] {logging_mixin.py:188} INFO - [2026-04-11T00:23:19.578+0000] {dag.py:3036} INFO - Sync 1 DAGs
[2026-04-11T00:23:19.592+0000] {logging_mixin.py:188} INFO - [2026-04-11T00:23:19.592+0000] {dag.py:3823} INFO - Setting next_dagrun for fish_trade_pipeline to 2026-05-01 10:00:00+00:00, run_after=2026-06-01 10:00:00+00:00
[2026-04-11T00:23:19.611+0000] {processor.py:183} INFO - Processing /opt/airflow/dags/trade_fish_dag.py took 0.433 seconds
[2026-04-11T00:23:49.907+0000] {processor.py:161} INFO - Started process (PID=365) to work on /opt/airflow/dags/trade_fish_dag.py
[2026-04-11T00:23:49.908+0000] {processor.py:830} INFO - Processing file /opt/airflow/dags/trade_fish_dag.py for tasks to queue
[2026-04-11T00:23:49.908+0000] {logging_mixin.py:188} INFO - [2026-04-11T00:23:49.908+0000] {dagbag.py:538} INFO - Filling up the DagBag from /opt/airflow/dags/trade_fish_dag.py
[2026-04-11T00:23:50.298+0000] {processor.py:840} INFO - DAG(s) 'fish_trade_pipeline' retrieved from /opt/airflow/dags/trade_fish_dag.py
[2026-04-11T00:23:50.317+0000] {logging_mixin.py:188} INFO - [2026-04-11T00:23:50.317+0000] {dag.py:3036} INFO - Sync 1 DAGs
[2026-04-11T00:23:50.332+0000] {logging_mixin.py:188} INFO - [2026-04-11T00:23:50.332+0000] {dag.py:3823} INFO - Setting next_dagrun for fish_trade_pipeline to 2026-05-01 10:00:00+00:00, run_after=2026-06-01 10:00:00+00:00
[2026-04-11T00:23:50.399+0000] {processor.py:183} INFO - Processing /opt/airflow/dags/trade_fish_dag.py took 0.495 seconds
[2026-04-11T00:24:20.677+0000] {processor.py:161} INFO - Started process (PID=384) to work on /opt/airflow/dags/trade_fish_dag.py
[2026-04-11T00:24:20.681+0000] {processor.py:830} INFO - Processing file /opt/airflow/dags/trade_fish_dag.py for tasks to queue
[2026-04-11T00:24:20.682+0000] {logging_mixin.py:188} INFO - [2026-04-11T00:24:20.682+0000] {dagbag.py:538} INFO - Filling up the DagBag from /opt/airflow/dags/trade_fish_dag.py
[2026-04-11T00:24:21.153+0000] {processor.py:840} INFO - DAG(s) 'fish_trade_pipeline' retrieved from /opt/airflow/dags/trade_fish_dag.py
[2026-04-11T00:24:21.176+0000] {logging_mixin.py:188} INFO - [2026-04-11T00:24:21.176+0000] {dag.py:3036} INFO - Sync 1 DAGs
[2026-04-11T00:24:21.193+0000] {logging_mixin.py:188} INFO - [2026-04-11T00:24:21.193+0000] {dag.py:3823} INFO - Setting next_dagrun for fish_trade_pipeline to 2026-05-01 10:00:00+00:00, run_after=2026-06-01 10:00:00+00:00
[2026-04-11T00:24:21.210+0000] {processor.py:183} INFO - Processing /opt/airflow/dags/trade_fish_dag.py took 0.536 seconds
[2026-04-11T00:24:51.529+0000] {processor.py:161} INFO - Started process (PID=410) to work on /opt/airflow/dags/trade_fish_dag.py
[2026-04-11T00:24:51.531+0000] {processor.py:830} INFO - Processing file /opt/airflow/dags/trade_fish_dag.py for tasks to queue
[2026-04-11T00:24:51.532+0000] {logging_mixin.py:188} INFO - [2026-04-11T00:24:51.531+0000] {dagbag.py:538} INFO - Filling up the DagBag from /opt/airflow/dags/trade_fish_dag.py
[2026-04-11T00:24:51.922+0000] {processor.py:840} INFO - DAG(s) 'fish_trade_pipeline' retrieved from /opt/airflow/dags/trade_fish_dag.py
[2026-04-11T00:24:51.940+0000] {logging_mixin.py:188} INFO - [2026-04-11T00:24:51.940+0000] {dag.py:3036} INFO - Sync 1 DAGs
[2026-04-11T00:24:51.954+0000] {logging_mixin.py:188} INFO - [2026-04-11T00:24:51.954+0000] {dag.py:3823} INFO - Setting next_dagrun for fish_trade_pipeline to 2026-05-01 10:00:00+00:00, run_after=2026-06-01 10:00:00+00:00
[2026-04-11T00:24:51.967+0000] {processor.py:183} INFO - Processing /opt/airflow/dags/trade_fish_dag.py took 0.441 seconds
[2026-04-11T00:25:22.239+0000] {processor.py:161} INFO - Started process (PID=428) to work on /opt/airflow/dags/trade_fish_dag.py
[2026-04-11T00:25:22.241+0000] {processor.py:830} INFO - Processing file /opt/airflow/dags/trade_fish_dag.py for tasks to queue
[2026-04-11T00:25:22.242+0000] {logging_mixin.py:188} INFO - [2026-04-11T00:25:22.241+0000] {dagbag.py:538} INFO - Filling up the DagBag from /opt/airflow/dags/trade_fish_dag.py
[2026-04-11T00:25:22.644+0000] {processor.py:840} INFO - DAG(s) 'fish_trade_pipeline' retrieved from /opt/airflow/dags/trade_fish_dag.py
[2026-04-11T00:25:22.664+0000] {logging_mixin.py:188} INFO - [2026-04-11T00:25:22.664+0000] {dag.py:3036} INFO - Sync 1 DAGs
[2026-04-11T00:25:22.678+0000] {logging_mixin.py:188} INFO - [2026-04-11T00:25:22.678+0000] {dag.py:3823} INFO - Setting next_dagrun for fish_trade_pipeline to 2026-05-01 10:00:00+00:00, run_after=2026-06-01 10:00:00+00:00
[2026-04-11T00:25:22.698+0000] {processor.py:183} INFO - Processing /opt/airflow/dags/trade_fish_dag.py took 0.462 seconds
[2026-04-11T00:25:53.086+0000] {processor.py:161} INFO - Started process (PID=440) to work on /opt/airflow/dags/trade_fish_dag.py
[2026-04-11T00:25:53.088+0000] {processor.py:830} INFO - Processing file /opt/airflow/dags/trade_fish_dag.py for tasks to queue
[2026-04-11T00:25:53.089+0000] {logging_mixin.py:188} INFO - [2026-04-11T00:25:53.088+0000] {dagbag.py:538} INFO - Filling up the DagBag from /opt/airflow/dags/trade_fish_dag.py
[2026-04-11T00:25:53.518+0000] {processor.py:840} INFO - DAG(s) 'fish_trade_pipeline' retrieved from /opt/airflow/dags/trade_fish_dag.py
[2026-04-11T00:25:53.537+0000] {logging_mixin.py:188} INFO - [2026-04-11T00:25:53.537+0000] {dag.py:3036} INFO - Sync 1 DAGs
[2026-04-11T00:25:53.551+0000] {logging_mixin.py:188} INFO - [2026-04-11T00:25:53.550+0000] {dag.py:3823} INFO - Setting next_dagrun for fish_trade_pipeline to 2026-05-01 10:00:00+00:00, run_after=2026-06-01 10:00:00+00:00
[2026-04-11T00:25:53.566+0000] {processor.py:183} INFO - Processing /opt/airflow/dags/trade_fish_dag.py took 0.483 seconds
[2026-04-11T00:26:23.728+0000] {processor.py:161} INFO - Started process (PID=461) to work on /opt/airflow/dags/trade_fish_dag.py
[2026-04-11T00:26:23.729+0000] {processor.py:830} INFO - Processing file /opt/airflow/dags/trade_fish_dag.py for tasks to queue
[2026-04-11T00:26:23.730+0000] {logging_mixin.py:188} INFO - [2026-04-11T00:26:23.730+0000] {dagbag.py:538} INFO - Filling up the DagBag from /opt/airflow/dags/trade_fish_dag.py
[2026-04-11T00:26:24.145+0000] {processor.py:840} INFO - DAG(s) 'fish_trade_pipeline' retrieved from /opt/airflow/dags/trade_fish_dag.py
[2026-04-11T00:26:24.169+0000] {logging_mixin.py:188} INFO - [2026-04-11T00:26:24.169+0000] {dag.py:3036} INFO - Sync 1 DAGs
[2026-04-11T00:26:24.187+0000] {logging_mixin.py:188} INFO - [2026-04-11T00:26:24.187+0000] {dag.py:3823} INFO - Setting next_dagrun for fish_trade_pipeline to 2026-05-01 10:00:00+00:00, run_after=2026-06-01 10:00:00+00:00
[2026-04-11T00:26:24.205+0000] {processor.py:183} INFO - Processing /opt/airflow/dags/trade_fish_dag.py took 0.480 seconds
[2026-04-11T00:27:26.938+0000] {processor.py:161} INFO - Started process (PID=166) to work on /opt/airflow/dags/trade_fish_dag.py
[2026-04-11T00:27:26.939+0000] {processor.py:830} INFO - Processing file /opt/airflow/dags/trade_fish_dag.py for tasks to queue
[2026-04-11T00:27:26.941+0000] {logging_mixin.py:188} INFO - [2026-04-11T00:27:26.940+0000] {dagbag.py:538} INFO - Filling up the DagBag from /opt/airflow/dags/trade_fish_dag.py
[2026-04-11T00:27:27.987+0000] {processor.py:840} INFO - DAG(s) 'fish_trade_pipeline' retrieved from /opt/airflow/dags/trade_fish_dag.py
[2026-04-11T00:27:28.137+0000] {logging_mixin.py:188} INFO - [2026-04-11T00:27:28.137+0000] {dag.py:3036} INFO - Sync 1 DAGs
[2026-04-11T00:27:28.153+0000] {logging_mixin.py:188} INFO - [2026-04-11T00:27:28.153+0000] {dag.py:3823} INFO - Setting next_dagrun for fish_trade_pipeline to 2026-05-01 10:00:00+00:00, run_after=2026-06-01 10:00:00+00:00
[2026-04-11T00:27:28.168+0000] {processor.py:183} INFO - Processing /opt/airflow/dags/trade_fish_dag.py took 1.233 seconds
[2026-04-11T00:27:58.454+0000] {processor.py:161} INFO - Started process (PID=178) to work on /opt/airflow/dags/trade_fish_dag.py
[2026-04-11T00:27:58.455+0000] {processor.py:830} INFO - Processing file /opt/airflow/dags/trade_fish_dag.py for tasks to queue
[2026-04-11T00:27:58.456+0000] {logging_mixin.py:188} INFO - [2026-04-11T00:27:58.456+0000] {dagbag.py:538} INFO - Filling up the DagBag from /opt/airflow/dags/trade_fish_dag.py
[2026-04-11T00:27:58.871+0000] {processor.py:840} INFO - DAG(s) 'fish_trade_pipeline' retrieved from /opt/airflow/dags/trade_fish_dag.py
[2026-04-11T00:27:58.889+0000] {logging_mixin.py:188} INFO - [2026-04-11T00:27:58.889+0000] {dag.py:3036} INFO - Sync 1 DAGs
[2026-04-11T00:27:58.903+0000] {logging_mixin.py:188} INFO - [2026-04-11T00:27:58.903+0000] {dag.py:3823} INFO - Setting next_dagrun for fish_trade_pipeline to 2026-05-01 10:00:00+00:00, run_after=2026-06-01 10:00:00+00:00
[2026-04-11T00:27:58.973+0000] {processor.py:183} INFO - Processing /opt/airflow/dags/trade_fish_dag.py took 0.523 seconds
[2026-04-11T00:28:29.244+0000] {processor.py:161} INFO - Started process (PID=191) to work on /opt/airflow/dags/trade_fish_dag.py
[2026-04-11T00:28:29.245+0000] {processor.py:830} INFO - Processing file /opt/airflow/dags/trade_fish_dag.py for tasks to queue
[2026-04-11T00:28:29.247+0000] {logging_mixin.py:188} INFO - [2026-04-11T00:28:29.246+0000] {dagbag.py:538} INFO - Filling up the DagBag from /opt/airflow/dags/trade_fish_dag.py
[2026-04-11T00:28:29.710+0000] {processor.py:840} INFO - DAG(s) 'fish_trade_pipeline' retrieved from /opt/airflow/dags/trade_fish_dag.py
[2026-04-11T00:28:29.733+0000] {logging_mixin.py:188} INFO - [2026-04-11T00:28:29.732+0000] {dag.py:3036} INFO - Sync 1 DAGs
[2026-04-11T00:28:29.749+0000] {logging_mixin.py:188} INFO - [2026-04-11T00:28:29.748+0000] {dag.py:3823} INFO - Setting next_dagrun for fish_trade_pipeline to 2026-05-01 10:00:00+00:00, run_after=2026-06-01 10:00:00+00:00
[2026-04-11T00:28:29.771+0000] {processor.py:183} INFO - Processing /opt/airflow/dags/trade_fish_dag.py took 0.530 seconds
[2026-04-11T00:29:00.018+0000] {processor.py:161} INFO - Started process (PID=203) to work on /opt/airflow/dags/trade_fish_dag.py
[2026-04-11T00:29:00.020+0000] {processor.py:830} INFO - Processing file /opt/airflow/dags/trade_fish_dag.py for tasks to queue
[2026-04-11T00:29:00.021+0000] {logging_mixin.py:188} INFO - [2026-04-11T00:29:00.020+0000] {dagbag.py:538} INFO - Filling up the DagBag from /opt/airflow/dags/trade_fish_dag.py
[2026-04-11T00:29:00.479+0000] {processor.py:840} INFO - DAG(s) 'fish_trade_pipeline' retrieved from /opt/airflow/dags/trade_fish_dag.py
[2026-04-11T00:29:00.550+0000] {logging_mixin.py:188} INFO - [2026-04-11T00:29:00.549+0000] {dag.py:3036} INFO - Sync 1 DAGs
[2026-04-11T00:29:00.556+0000] {logging_mixin.py:188} INFO - [2026-04-11T00:29:00.556+0000] {dag.py:3058} INFO - Creating ORM DAG for fish_trade_pipeline
[2026-04-11T00:29:00.563+0000] {logging_mixin.py:188} INFO - [2026-04-11T00:29:00.563+0000] {dag.py:3823} INFO - Setting next_dagrun for fish_trade_pipeline to 2026-05-01 10:00:00+00:00, run_after=2026-06-01 10:00:00+00:00
[2026-04-11T00:29:00.586+0000] {processor.py:183} INFO - Processing /opt/airflow/dags/trade_fish_dag.py took 0.573 seconds
[2026-04-11T00:29:30.883+0000] {processor.py:161} INFO - Started process (PID=215) to work on /opt/airflow/dags/trade_fish_dag.py
[2026-04-11T00:29:30.885+0000] {processor.py:830} INFO - Processing file /opt/airflow/dags/trade_fish_dag.py for tasks to queue
[2026-04-11T00:29:30.886+0000] {logging_mixin.py:188} INFO - [2026-04-11T00:29:30.885+0000] {dagbag.py:538} INFO - Filling up the DagBag from /opt/airflow/dags/trade_fish_dag.py
[2026-04-11T00:29:31.364+0000] {processor.py:840} INFO - DAG(s) 'fish_trade_pipeline' retrieved from /opt/airflow/dags/trade_fish_dag.py
[2026-04-11T00:29:31.388+0000] {logging_mixin.py:188} INFO - [2026-04-11T00:29:31.387+0000] {dag.py:3036} INFO - Sync 1 DAGs
[2026-04-11T00:29:31.404+0000] {logging_mixin.py:188} INFO - [2026-04-11T00:29:31.404+0000] {dag.py:3823} INFO - Setting next_dagrun for fish_trade_pipeline to 2026-05-01 10:00:00+00:00, run_after=2026-06-01 10:00:00+00:00
[2026-04-11T00:29:31.423+0000] {processor.py:183} INFO - Processing /opt/airflow/dags/trade_fish_dag.py took 0.544 seconds
[2026-04-11T00:30:01.566+0000] {processor.py:161} INFO - Started process (PID=237) to work on /opt/airflow/dags/trade_fish_dag.py
[2026-04-11T00:30:01.568+0000] {processor.py:830} INFO - Processing file /opt/airflow/dags/trade_fish_dag.py for tasks to queue
[2026-04-11T00:30:01.569+0000] {logging_mixin.py:188} INFO - [2026-04-11T00:30:01.568+0000] {dagbag.py:538} INFO - Filling up the DagBag from /opt/airflow/dags/trade_fish_dag.py
[2026-04-11T00:30:02.011+0000] {processor.py:840} INFO - DAG(s) 'fish_trade_pipeline' retrieved from /opt/airflow/dags/trade_fish_dag.py
[2026-04-11T00:30:02.033+0000] {logging_mixin.py:188} INFO - [2026-04-11T00:30:02.033+0000] {dag.py:3036} INFO - Sync 1 DAGs
[2026-04-11T00:30:02.051+0000] {logging_mixin.py:188} INFO - [2026-04-11T00:30:02.051+0000] {dag.py:3823} INFO - Setting next_dagrun for fish_trade_pipeline to 2026-05-01 10:00:00+00:00, run_after=2026-06-01 10:00:00+00:00
[2026-04-11T00:30:02.070+0000] {processor.py:183} INFO - Processing /opt/airflow/dags/trade_fish_dag.py took 0.507 seconds
[2026-04-11T00:30:32.332+0000] {processor.py:161} INFO - Started process (PID=249) to work on /opt/airflow/dags/trade_fish_dag.py
[2026-04-11T00:30:32.334+0000] {processor.py:830} INFO - Processing file /opt/airflow/dags/trade_fish_dag.py for tasks to queue
[2026-04-11T00:30:32.335+0000] {logging_mixin.py:188} INFO - [2026-04-11T00:30:32.334+0000] {dagbag.py:538} INFO - Filling up the DagBag from /opt/airflow/dags/trade_fish_dag.py
[2026-04-11T00:30:32.718+0000] {processor.py:840} INFO - DAG(s) 'fish_trade_pipeline' retrieved from /opt/airflow/dags/trade_fish_dag.py
[2026-04-11T00:30:32.786+0000] {logging_mixin.py:188} INFO - [2026-04-11T00:30:32.786+0000] {dag.py:3036} INFO - Sync 1 DAGs
[2026-04-11T00:30:32.794+0000] {logging_mixin.py:188} INFO - [2026-04-11T00:30:32.794+0000] {dag.py:3058} INFO - Creating ORM DAG for fish_trade_pipeline
[2026-04-11T00:30:32.801+0000] {logging_mixin.py:188} INFO - [2026-04-11T00:30:32.801+0000] {dag.py:3823} INFO - Setting next_dagrun for fish_trade_pipeline to 2026-05-01 10:00:00+00:00, run_after=2026-06-01 10:00:00+00:00
[2026-04-11T00:30:32.818+0000] {processor.py:183} INFO - Processing /opt/airflow/dags/trade_fish_dag.py took 0.490 seconds
[2026-04-11T00:31:03.149+0000] {processor.py:161} INFO - Started process (PID=261) to work on /opt/airflow/dags/trade_fish_dag.py
[2026-04-11T00:31:03.151+0000] {processor.py:830} INFO - Processing file /opt/airflow/dags/trade_fish_dag.py for tasks to queue
[2026-04-11T00:31:03.152+0000] {logging_mixin.py:188} INFO - [2026-04-11T00:31:03.152+0000] {dagbag.py:538} INFO - Filling up the DagBag from /opt/airflow/dags/trade_fish_dag.py
[2026-04-11T00:31:03.649+0000] {processor.py:840} INFO - DAG(s) 'fish_trade_pipeline' retrieved from /opt/airflow/dags/trade_fish_dag.py
[2026-04-11T00:31:03.670+0000] {logging_mixin.py:188} INFO - [2026-04-11T00:31:03.670+0000] {dag.py:3036} INFO - Sync 1 DAGs
[2026-04-11T00:31:03.685+0000] {logging_mixin.py:188} INFO - [2026-04-11T00:31:03.685+0000] {dag.py:3823} INFO - Setting next_dagrun for fish_trade_pipeline to 2026-05-01 10:00:00+00:00, run_after=2026-06-01 10:00:00+00:00
[2026-04-11T00:31:03.701+0000] {processor.py:183} INFO - Processing /opt/airflow/dags/trade_fish_dag.py took 0.556 seconds
[2026-04-11T00:31:33.760+0000] {processor.py:161} INFO - Started process (PID=279) to work on /opt/airflow/dags/trade_fish_dag.py
[2026-04-11T00:31:33.762+0000] {processor.py:830} INFO - Processing file /opt/airflow/dags/trade_fish_dag.py for tasks to queue
[2026-04-11T00:31:33.763+0000] {logging_mixin.py:188} INFO - [2026-04-11T00:31:33.763+0000] {dagbag.py:538} INFO - Filling up the DagBag from /opt/airflow/dags/trade_fish_dag.py
[2026-04-11T00:31:34.167+0000] {processor.py:840} INFO - DAG(s) 'fish_trade_pipeline' retrieved from /opt/airflow/dags/trade_fish_dag.py
[2026-04-11T00:31:34.188+0000] {logging_mixin.py:188} INFO - [2026-04-11T00:31:34.188+0000] {dag.py:3036} INFO - Sync 1 DAGs
[2026-04-11T00:31:34.203+0000] {logging_mixin.py:188} INFO - [2026-04-11T00:31:34.203+0000] {dag.py:3823} INFO - Setting next_dagrun for fish_trade_pipeline to 2026-05-01 10:00:00+00:00, run_after=2026-06-01 10:00:00+00:00
[2026-04-11T00:31:34.271+0000] {processor.py:183} INFO - Processing /opt/airflow/dags/trade_fish_dag.py took 0.514 seconds
[2026-04-11T00:32:04.520+0000] {processor.py:161} INFO - Started process (PID=300) to work on /opt/airflow/dags/trade_fish_dag.py
[2026-04-11T00:32:04.521+0000] {processor.py:830} INFO - Processing file /opt/airflow/dags/trade_fish_dag.py for tasks to queue
[2026-04-11T00:32:04.522+0000] {logging_mixin.py:188} INFO - [2026-04-11T00:32:04.522+0000] {dagbag.py:538} INFO - Filling up the DagBag from /opt/airflow/dags/trade_fish_dag.py
[2026-04-11T00:32:04.919+0000] {processor.py:840} INFO - DAG(s) 'fish_trade_pipeline' retrieved from /opt/airflow/dags/trade_fish_dag.py
[2026-04-11T00:32:04.984+0000] {logging_mixin.py:188} INFO - [2026-04-11T00:32:04.983+0000] {dag.py:3036} INFO - Sync 1 DAGs
[2026-04-11T00:32:04.992+0000] {logging_mixin.py:188} INFO - [2026-04-11T00:32:04.991+0000] {dag.py:3058} INFO - Creating ORM DAG for fish_trade_pipeline
[2026-04-11T00:32:05.000+0000] {logging_mixin.py:188} INFO - [2026-04-11T00:32:04.999+0000] {dag.py:3823} INFO - Setting next_dagrun for fish_trade_pipeline to 2026-05-01 10:00:00+00:00, run_after=2026-06-01 10:00:00+00:00
[2026-04-11T00:32:05.022+0000] {processor.py:183} INFO - Processing /opt/airflow/dags/trade_fish_dag.py took 0.506 seconds
[2026-04-11T00:32:35.392+0000] {processor.py:161} INFO - Started process (PID=327) to work on /opt/airflow/dags/trade_fish_dag.py
[2026-04-11T00:32:35.398+0000] {processor.py:830} INFO - Processing file /opt/airflow/dags/trade_fish_dag.py for tasks to queue
[2026-04-11T00:32:35.399+0000] {logging_mixin.py:188} INFO - [2026-04-11T00:32:35.399+0000] {dagbag.py:538} INFO - Filling up the DagBag from /opt/airflow/dags/trade_fish_dag.py
[2026-04-11T00:32:35.861+0000] {processor.py:840} INFO - DAG(s) 'fish_trade_pipeline' retrieved from /opt/airflow/dags/trade_fish_dag.py
[2026-04-11T00:32:35.884+0000] {logging_mixin.py:188} INFO - [2026-04-11T00:32:35.883+0000] {dag.py:3036} INFO - Sync 1 DAGs
[2026-04-11T00:32:35.900+0000] {logging_mixin.py:188} INFO - [2026-04-11T00:32:35.900+0000] {dag.py:3823} INFO - Setting next_dagrun for fish_trade_pipeline to 2026-05-01 10:00:00+00:00, run_after=2026-06-01 10:00:00+00:00
[2026-04-11T00:32:35.919+0000] {processor.py:183} INFO - Processing /opt/airflow/dags/trade_fish_dag.py took 0.531 seconds
[2026-04-11T00:33:06.015+0000] {processor.py:161} INFO - Started process (PID=339) to work on /opt/airflow/dags/trade_fish_dag.py
[2026-04-11T00:33:06.016+0000] {processor.py:830} INFO - Processing file /opt/airflow/dags/trade_fish_dag.py for tasks to queue
[2026-04-11T00:33:06.018+0000] {logging_mixin.py:188} INFO - [2026-04-11T00:33:06.017+0000] {dagbag.py:538} INFO - Filling up the DagBag from /opt/airflow/dags/trade_fish_dag.py
[2026-04-11T00:33:06.442+0000] {processor.py:840} INFO - DAG(s) 'fish_trade_pipeline' retrieved from /opt/airflow/dags/trade_fish_dag.py
[2026-04-11T00:33:06.461+0000] {logging_mixin.py:188} INFO - [2026-04-11T00:33:06.461+0000] {dag.py:3036} INFO - Sync 1 DAGs
[2026-04-11T00:33:06.477+0000] {logging_mixin.py:188} INFO - [2026-04-11T00:33:06.477+0000] {dag.py:3823} INFO - Setting next_dagrun for fish_trade_pipeline to 2026-05-01 10:00:00+00:00, run_after=2026-06-01 10:00:00+00:00
[2026-04-11T00:33:06.549+0000] {processor.py:183} INFO - Processing /opt/airflow/dags/trade_fish_dag.py took 0.538 seconds
[2026-04-11T00:33:36.886+0000] {processor.py:161} INFO - Started process (PID=351) to work on /opt/airflow/dags/trade_fish_dag.py
[2026-04-11T00:33:36.887+0000] {processor.py:830} INFO - Processing file /opt/airflow/dags/trade_fish_dag.py for tasks to queue
[2026-04-11T00:33:36.888+0000] {logging_mixin.py:188} INFO - [2026-04-11T00:33:36.888+0000] {dagbag.py:538} INFO - Filling up the DagBag from /opt/airflow/dags/trade_fish_dag.py
[2026-04-11T00:33:37.306+0000] {processor.py:840} INFO - DAG(s) 'fish_trade_pipeline' retrieved from /opt/airflow/dags/trade_fish_dag.py
[2026-04-11T00:33:37.325+0000] {logging_mixin.py:188} INFO - [2026-04-11T00:33:37.324+0000] {dag.py:3036} INFO - Sync 1 DAGs
[2026-04-11T00:33:37.339+0000] {logging_mixin.py:188} INFO - [2026-04-11T00:33:37.339+0000] {dag.py:3823} INFO - Setting next_dagrun for fish_trade_pipeline to 2026-05-01 10:00:00+00:00, run_after=2026-06-01 10:00:00+00:00
[2026-04-11T00:33:37.409+0000] {processor.py:183} INFO - Processing /opt/airflow/dags/trade_fish_dag.py took 0.527 seconds
[2026-04-11T00:34:07.802+0000] {processor.py:161} INFO - Started process (PID=363) to work on /opt/airflow/dags/trade_fish_dag.py
[2026-04-11T00:34:07.804+0000] {processor.py:830} INFO - Processing file /opt/airflow/dags/trade_fish_dag.py for tasks to queue
[2026-04-11T00:34:07.806+0000] {logging_mixin.py:188} INFO - [2026-04-11T00:34:07.806+0000] {dagbag.py:538} INFO - Filling up the DagBag from /opt/airflow/dags/trade_fish_dag.py
[2026-04-11T00:34:08.204+0000] {processor.py:840} INFO - DAG(s) 'fish_trade_pipeline' retrieved from /opt/airflow/dags/trade_fish_dag.py
[2026-04-11T00:34:08.225+0000] {logging_mixin.py:188} INFO - [2026-04-11T00:34:08.225+0000] {dag.py:3036} INFO - Sync 1 DAGs
[2026-04-11T00:34:08.239+0000] {logging_mixin.py:188} INFO - [2026-04-11T00:34:08.239+0000] {dag.py:3823} INFO - Setting next_dagrun for fish_trade_pipeline to 2026-05-01 10:00:00+00:00, run_after=2026-06-01 10:00:00+00:00
[2026-04-11T00:34:08.254+0000] {processor.py:183} INFO - Processing /opt/airflow/dags/trade_fish_dag.py took 0.457 seconds
[2026-04-11T00:34:38.403+0000] {processor.py:161} INFO - Started process (PID=375) to work on /opt/airflow/dags/trade_fish_dag.py
[2026-04-11T00:34:38.404+0000] {processor.py:830} INFO - Processing file /opt/airflow/dags/trade_fish_dag.py for tasks to queue
[2026-04-11T00:34:38.405+0000] {logging_mixin.py:188} INFO - [2026-04-11T00:34:38.405+0000] {dagbag.py:538} INFO - Filling up the DagBag from /opt/airflow/dags/trade_fish_dag.py
[2026-04-11T00:34:38.874+0000] {processor.py:840} INFO - DAG(s) 'fish_trade_pipeline' retrieved from /opt/airflow/dags/trade_fish_dag.py
[2026-04-11T00:34:38.896+0000] {logging_mixin.py:188} INFO - [2026-04-11T00:34:38.896+0000] {dag.py:3036} INFO - Sync 1 DAGs
[2026-04-11T00:34:38.912+0000] {logging_mixin.py:188} INFO - [2026-04-11T00:34:38.912+0000] {dag.py:3823} INFO - Setting next_dagrun for fish_trade_pipeline to 2026-05-01 10:00:00+00:00, run_after=2026-06-01 10:00:00+00:00
[2026-04-11T00:34:38.982+0000] {processor.py:183} INFO - Processing /opt/airflow/dags/trade_fish_dag.py took 0.583 seconds
[2026-04-11T00:35:09.268+0000] {processor.py:161} INFO - Started process (PID=393) to work on /opt/airflow/dags/trade_fish_dag.py
[2026-04-11T00:35:09.270+0000] {processor.py:830} INFO - Processing file /opt/airflow/dags/trade_fish_dag.py for tasks to queue
[2026-04-11T00:35:09.271+0000] {logging_mixin.py:188} INFO - [2026-04-11T00:35:09.270+0000] {dagbag.py:538} INFO - Filling up the DagBag from /opt/airflow/dags/trade_fish_dag.py
[2026-04-11T00:35:09.711+0000] {processor.py:840} INFO - DAG(s) 'fish_trade_pipeline' retrieved from /opt/airflow/dags/trade_fish_dag.py
[2026-04-11T00:35:09.734+0000] {logging_mixin.py:188} INFO - [2026-04-11T00:35:09.734+0000] {dag.py:3036} INFO - Sync 1 DAGs
[2026-04-11T00:35:09.749+0000] {logging_mixin.py:188} INFO - [2026-04-11T00:35:09.749+0000] {dag.py:3823} INFO - Setting next_dagrun for fish_trade_pipeline to 2026-05-01 10:00:00+00:00, run_after=2026-06-01 10:00:00+00:00
[2026-04-11T00:35:09.769+0000] {processor.py:183} INFO - Processing /opt/airflow/dags/trade_fish_dag.py took 0.504 seconds
[2026-04-11T00:35:40.033+0000] {processor.py:161} INFO - Started process (PID=405) to work on /opt/airflow/dags/trade_fish_dag.py
[2026-04-11T00:35:40.034+0000] {processor.py:830} INFO - Processing file /opt/airflow/dags/trade_fish_dag.py for tasks to queue
[2026-04-11T00:35:40.036+0000] {logging_mixin.py:188} INFO - [2026-04-11T00:35:40.035+0000] {dagbag.py:538} INFO - Filling up the DagBag from /opt/airflow/dags/trade_fish_dag.py
[2026-04-11T00:35:40.533+0000] {processor.py:840} INFO - DAG(s) 'fish_trade_pipeline' retrieved from /opt/airflow/dags/trade_fish_dag.py
[2026-04-11T00:35:40.553+0000] {logging_mixin.py:188} INFO - [2026-04-11T00:35:40.553+0000] {dag.py:3036} INFO - Sync 1 DAGs
[2026-04-11T00:35:40.569+0000] {logging_mixin.py:188} INFO - [2026-04-11T00:35:40.568+0000] {dag.py:3823} INFO - Setting next_dagrun for fish_trade_pipeline to 2026-05-01 10:00:00+00:00, run_after=2026-06-01 10:00:00+00:00
[2026-04-11T00:35:40.587+0000] {processor.py:183} INFO - Processing /opt/airflow/dags/trade_fish_dag.py took 0.557 seconds
[2026-04-11T00:36:10.868+0000] {processor.py:161} INFO - Started process (PID=417) to work on /opt/airflow/dags/trade_fish_dag.py
[2026-04-11T00:36:10.870+0000] {processor.py:830} INFO - Processing file /opt/airflow/dags/trade_fish_dag.py for tasks to queue
[2026-04-11T00:36:10.871+0000] {logging_mixin.py:188} INFO - [2026-04-11T00:36:10.871+0000] {dagbag.py:538} INFO - Filling up the DagBag from /opt/airflow/dags/trade_fish_dag.py
[2026-04-11T00:36:11.283+0000] {processor.py:840} INFO - DAG(s) 'fish_trade_pipeline' retrieved from /opt/airflow/dags/trade_fish_dag.py
[2026-04-11T00:36:11.302+0000] {logging_mixin.py:188} INFO - [2026-04-11T00:36:11.302+0000] {dag.py:3036} INFO - Sync 1 DAGs
[2026-04-11T00:36:11.317+0000] {logging_mixin.py:188} INFO - [2026-04-11T00:36:11.317+0000] {dag.py:3823} INFO - Setting next_dagrun for fish_trade_pipeline to 2026-05-01 10:00:00+00:00, run_after=2026-06-01 10:00:00+00:00
[2026-04-11T00:36:11.389+0000] {processor.py:183} INFO - Processing /opt/airflow/dags/trade_fish_dag.py took 0.523 seconds
[2026-04-11T00:36:41.569+0000] {processor.py:161} INFO - Started process (PID=429) to work on /opt/airflow/dags/trade_fish_dag.py
[2026-04-11T00:36:41.570+0000] {processor.py:830} INFO - Processing file /opt/airflow/dags/trade_fish_dag.py for tasks to queue
[2026-04-11T00:36:41.571+0000] {logging_mixin.py:188} INFO - [2026-04-11T00:36:41.571+0000] {dagbag.py:538} INFO - Filling up the DagBag from /opt/airflow/dags/trade_fish_dag.py
[2026-04-11T00:36:41.933+0000] {processor.py:840} INFO - DAG(s) 'fish_trade_pipeline' retrieved from /opt/airflow/dags/trade_fish_dag.py
[2026-04-11T00:36:41.951+0000] {logging_mixin.py:188} INFO - [2026-04-11T00:36:41.951+0000] {dag.py:3036} INFO - Sync 1 DAGs
[2026-04-11T00:36:41.965+0000] {logging_mixin.py:188} INFO - [2026-04-11T00:36:41.965+0000] {dag.py:3823} INFO - Setting next_dagrun for fish_trade_pipeline to 2026-05-01 10:00:00+00:00, run_after=2026-06-01 10:00:00+00:00
[2026-04-11T00:36:42.031+0000] {processor.py:183} INFO - Processing /opt/airflow/dags/trade_fish_dag.py took 0.465 seconds
[2026-04-11T00:37:12.427+0000] {processor.py:161} INFO - Started process (PID=441) to work on /opt/airflow/dags/trade_fish_dag.py
[2026-04-11T00:37:12.429+0000] {processor.py:830} INFO - Processing file /opt/airflow/dags/trade_fish_dag.py for tasks to queue
[2026-04-11T00:37:12.430+0000] {logging_mixin.py:188} INFO - [2026-04-11T00:37:12.430+0000] {dagbag.py:538} INFO - Filling up the DagBag from /opt/airflow/dags/trade_fish_dag.py
[2026-04-11T00:37:12.888+0000] {processor.py:840} INFO - DAG(s) 'fish_trade_pipeline' retrieved from /opt/airflow/dags/trade_fish_dag.py
[2026-04-11T00:37:12.909+0000] {logging_mixin.py:188} INFO - [2026-04-11T00:37:12.909+0000] {dag.py:3036} INFO - Sync 1 DAGs
[2026-04-11T00:37:12.924+0000] {logging_mixin.py:188} INFO - [2026-04-11T00:37:12.924+0000] {dag.py:3823} INFO - Setting next_dagrun for fish_trade_pipeline to 2026-05-01 10:00:00+00:00, run_after=2026-06-01 10:00:00+00:00
[2026-04-11T00:37:12.949+0000] {processor.py:183} INFO - Processing /opt/airflow/dags/trade_fish_dag.py took 0.525 seconds
[2026-04-11T00:37:43.292+0000] {processor.py:161} INFO - Started process (PID=462) to work on /opt/airflow/dags/trade_fish_dag.py
[2026-04-11T00:37:43.293+0000] {processor.py:830} INFO - Processing file /opt/airflow/dags/trade_fish_dag.py for tasks to queue
[2026-04-11T00:37:43.295+0000] {logging_mixin.py:188} INFO - [2026-04-11T00:37:43.294+0000] {dagbag.py:538} INFO - Filling up the DagBag from /opt/airflow/dags/trade_fish_dag.py
[2026-04-11T00:37:43.779+0000] {processor.py:840} INFO - DAG(s) 'fish_trade_pipeline' retrieved from /opt/airflow/dags/trade_fish_dag.py
[2026-04-11T00:37:43.799+0000] {logging_mixin.py:188} INFO - [2026-04-11T00:37:43.799+0000] {dag.py:3036} INFO - Sync 1 DAGs
[2026-04-11T00:37:43.821+0000] {logging_mixin.py:188} INFO - [2026-04-11T00:37:43.820+0000] {dag.py:3823} INFO - Setting next_dagrun for fish_trade_pipeline to 2026-05-01 10:00:00+00:00, run_after=2026-06-01 10:00:00+00:00
[2026-04-11T00:37:43.837+0000] {processor.py:183} INFO - Processing /opt/airflow/dags/trade_fish_dag.py took 0.548 seconds
[2026-04-11T00:38:14.108+0000] {processor.py:161} INFO - Started process (PID=474) to work on /opt/airflow/dags/trade_fish_dag.py
[2026-04-11T00:38:14.109+0000] {processor.py:830} INFO - Processing file /opt/airflow/dags/trade_fish_dag.py for tasks to queue
[2026-04-11T00:38:14.110+0000] {logging_mixin.py:188} INFO - [2026-04-11T00:38:14.109+0000] {dagbag.py:538} INFO - Filling up the DagBag from /opt/airflow/dags/trade_fish_dag.py
[2026-04-11T00:38:14.542+0000] {processor.py:840} INFO - DAG(s) 'fish_trade_pipeline' retrieved from /opt/airflow/dags/trade_fish_dag.py
[2026-04-11T00:38:14.561+0000] {logging_mixin.py:188} INFO - [2026-04-11T00:38:14.561+0000] {dag.py:3036} INFO - Sync 1 DAGs
[2026-04-11T00:38:14.577+0000] {logging_mixin.py:188} INFO - [2026-04-11T00:38:14.577+0000] {dag.py:3823} INFO - Setting next_dagrun for fish_trade_pipeline to 2026-05-01 10:00:00+00:00, run_after=2026-06-01 10:00:00+00:00
[2026-04-11T00:38:14.594+0000] {processor.py:183} INFO - Processing /opt/airflow/dags/trade_fish_dag.py took 0.489 seconds
[2026-04-11T00:38:44.781+0000] {processor.py:161} INFO - Started process (PID=487) to work on /opt/airflow/dags/trade_fish_dag.py
[2026-04-11T00:38:44.782+0000] {processor.py:830} INFO - Processing file /opt/airflow/dags/trade_fish_dag.py for tasks to queue
[2026-04-11T00:38:44.783+0000] {logging_mixin.py:188} INFO - [2026-04-11T00:38:44.783+0000] {dagbag.py:538} INFO - Filling up the DagBag from /opt/airflow/dags/trade_fish_dag.py
[2026-04-11T00:38:45.161+0000] {processor.py:840} INFO - DAG(s) 'fish_trade_pipeline' retrieved from /opt/airflow/dags/trade_fish_dag.py
[2026-04-11T00:38:45.182+0000] {logging_mixin.py:188} INFO - [2026-04-11T00:38:45.181+0000] {dag.py:3036} INFO - Sync 1 DAGs
[2026-04-11T00:38:45.197+0000] {logging_mixin.py:188} INFO - [2026-04-11T00:38:45.196+0000] {dag.py:3823} INFO - Setting next_dagrun for fish_trade_pipeline to 2026-05-01 10:00:00+00:00, run_after=2026-06-01 10:00:00+00:00
[2026-04-11T00:38:45.213+0000] {processor.py:183} INFO - Processing /opt/airflow/dags/trade_fish_dag.py took 0.435 seconds
[2026-04-11T00:39:15.543+0000] {processor.py:161} INFO - Started process (PID=499) to work on /opt/airflow/dags/trade_fish_dag.py
[2026-04-11T00:39:15.544+0000] {processor.py:830} INFO - Processing file /opt/airflow/dags/trade_fish_dag.py for tasks to queue
[2026-04-11T00:39:15.545+0000] {logging_mixin.py:188} INFO - [2026-04-11T00:39:15.545+0000] {dagbag.py:538} INFO - Filling up the DagBag from /opt/airflow/dags/trade_fish_dag.py
[2026-04-11T00:39:16.018+0000] {processor.py:840} INFO - DAG(s) 'fish_trade_pipeline' retrieved from /opt/airflow/dags/trade_fish_dag.py
[2026-04-11T00:39:16.042+0000] {logging_mixin.py:188} INFO - [2026-04-11T00:39:16.042+0000] {dag.py:3036} INFO - Sync 1 DAGs
[2026-04-11T00:39:16.057+0000] {logging_mixin.py:188} INFO - [2026-04-11T00:39:16.057+0000] {dag.py:3823} INFO - Setting next_dagrun for fish_trade_pipeline to 2026-05-01 10:00:00+00:00, run_after=2026-06-01 10:00:00+00:00
[2026-04-11T00:39:16.072+0000] {processor.py:183} INFO - Processing /opt/airflow/dags/trade_fish_dag.py took 0.533 seconds
[2026-04-11T00:39:46.378+0000] {processor.py:161} INFO - Started process (PID=511) to work on /opt/airflow/dags/trade_fish_dag.py
[2026-04-11T00:39:46.380+0000] {processor.py:830} INFO - Processing file /opt/airflow/dags/trade_fish_dag.py for tasks to queue
[2026-04-11T00:39:46.382+0000] {logging_mixin.py:188} INFO - [2026-04-11T00:39:46.381+0000] {dagbag.py:538} INFO - Filling up the DagBag from /opt/airflow/dags/trade_fish_dag.py
[2026-04-11T00:39:46.797+0000] {processor.py:840} INFO - DAG(s) 'fish_trade_pipeline' retrieved from /opt/airflow/dags/trade_fish_dag.py
[2026-04-11T00:39:46.815+0000] {logging_mixin.py:188} INFO - [2026-04-11T00:39:46.815+0000] {dag.py:3036} INFO - Sync 1 DAGs
[2026-04-11T00:39:46.830+0000] {logging_mixin.py:188} INFO - [2026-04-11T00:39:46.830+0000] {dag.py:3823} INFO - Setting next_dagrun for fish_trade_pipeline to 2026-05-01 10:00:00+00:00, run_after=2026-06-01 10:00:00+00:00
[2026-04-11T00:39:46.847+0000] {processor.py:183} INFO - Processing /opt/airflow/dags/trade_fish_dag.py took 0.472 seconds
[2026-04-11T00:40:17.065+0000] {processor.py:161} INFO - Started process (PID=523) to work on /opt/airflow/dags/trade_fish_dag.py
[2026-04-11T00:40:17.066+0000] {processor.py:830} INFO - Processing file /opt/airflow/dags/trade_fish_dag.py for tasks to queue
[2026-04-11T00:40:17.068+0000] {logging_mixin.py:188} INFO - [2026-04-11T00:40:17.067+0000] {dagbag.py:538} INFO - Filling up the DagBag from /opt/airflow/dags/trade_fish_dag.py
[2026-04-11T00:40:17.485+0000] {processor.py:840} INFO - DAG(s) 'fish_trade_pipeline' retrieved from /opt/airflow/dags/trade_fish_dag.py
[2026-04-11T00:40:17.508+0000] {logging_mixin.py:188} INFO - [2026-04-11T00:40:17.507+0000] {dag.py:3036} INFO - Sync 1 DAGs
[2026-04-11T00:40:17.522+0000] {logging_mixin.py:188} INFO - [2026-04-11T00:40:17.522+0000] {dag.py:3823} INFO - Setting next_dagrun for fish_trade_pipeline to 2026-05-01 10:00:00+00:00, run_after=2026-06-01 10:00:00+00:00
[2026-04-11T00:40:17.540+0000] {processor.py:183} INFO - Processing /opt/airflow/dags/trade_fish_dag.py took 0.478 seconds
[2026-04-11T00:40:47.780+0000] {processor.py:161} INFO - Started process (PID=535) to work on /opt/airflow/dags/trade_fish_dag.py
[2026-04-11T00:40:47.781+0000] {processor.py:830} INFO - Processing file /opt/airflow/dags/trade_fish_dag.py for tasks to queue
[2026-04-11T00:40:47.782+0000] {logging_mixin.py:188} INFO - [2026-04-11T00:40:47.782+0000] {dagbag.py:538} INFO - Filling up the DagBag from /opt/airflow/dags/trade_fish_dag.py
[2026-04-11T00:40:48.197+0000] {processor.py:840} INFO - DAG(s) 'fish_trade_pipeline' retrieved from /opt/airflow/dags/trade_fish_dag.py
[2026-04-11T00:40:48.218+0000] {logging_mixin.py:188} INFO - [2026-04-11T00:40:48.218+0000] {dag.py:3036} INFO - Sync 1 DAGs
[2026-04-11T00:40:48.231+0000] {logging_mixin.py:188} INFO - [2026-04-11T00:40:48.231+0000] {dag.py:3823} INFO - Setting next_dagrun for fish_trade_pipeline to 2026-05-01 10:00:00+00:00, run_after=2026-06-01 10:00:00+00:00
[2026-04-11T00:40:48.248+0000] {processor.py:183} INFO - Processing /opt/airflow/dags/trade_fish_dag.py took 0.471 seconds
[2026-04-11T00:41:18.537+0000] {processor.py:161} INFO - Started process (PID=547) to work on /opt/airflow/dags/trade_fish_dag.py
[2026-04-11T00:41:18.538+0000] {processor.py:830} INFO - Processing file /opt/airflow/dags/trade_fish_dag.py for tasks to queue
[2026-04-11T00:41:18.540+0000] {logging_mixin.py:188} INFO - [2026-04-11T00:41:18.539+0000] {dagbag.py:538} INFO - Filling up the DagBag from /opt/airflow/dags/trade_fish_dag.py
[2026-04-11T00:41:19.053+0000] {processor.py:840} INFO - DAG(s) 'fish_trade_pipeline' retrieved from /opt/airflow/dags/trade_fish_dag.py
[2026-04-11T00:41:19.079+0000] {logging_mixin.py:188} INFO - [2026-04-11T00:41:19.079+0000] {dag.py:3036} INFO - Sync 1 DAGs
[2026-04-11T00:41:19.098+0000] {logging_mixin.py:188} INFO - [2026-04-11T00:41:19.098+0000] {dag.py:3823} INFO - Setting next_dagrun for fish_trade_pipeline to 2026-05-01 10:00:00+00:00, run_after=2026-06-01 10:00:00+00:00
[2026-04-11T00:41:19.121+0000] {processor.py:183} INFO - Processing /opt/airflow/dags/trade_fish_dag.py took 0.588 seconds
[2026-04-11T00:41:49.193+0000] {processor.py:161} INFO - Started process (PID=559) to work on /opt/airflow/dags/trade_fish_dag.py
[2026-04-11T00:41:49.195+0000] {processor.py:830} INFO - Processing file /opt/airflow/dags/trade_fish_dag.py for tasks to queue
[2026-04-11T00:41:49.196+0000] {logging_mixin.py:188} INFO - [2026-04-11T00:41:49.196+0000] {dagbag.py:538} INFO - Filling up the DagBag from /opt/airflow/dags/trade_fish_dag.py
[2026-04-11T00:41:49.716+0000] {processor.py:840} INFO - DAG(s) 'fish_trade_pipeline' retrieved from /opt/airflow/dags/trade_fish_dag.py
[2026-04-11T00:41:49.740+0000] {logging_mixin.py:188} INFO - [2026-04-11T00:41:49.739+0000] {dag.py:3036} INFO - Sync 1 DAGs
[2026-04-11T00:41:49.757+0000] {logging_mixin.py:188} INFO - [2026-04-11T00:41:49.757+0000] {dag.py:3823} INFO - Setting next_dagrun for fish_trade_pipeline to 2026-05-01 10:00:00+00:00, run_after=2026-06-01 10:00:00+00:00
[2026-04-11T00:41:49.777+0000] {processor.py:183} INFO - Processing /opt/airflow/dags/trade_fish_dag.py took 0.588 seconds
[2026-04-11T00:42:20.000+0000] {processor.py:161} INFO - Started process (PID=572) to work on /opt/airflow/dags/trade_fish_dag.py
[2026-04-11T00:42:20.001+0000] {processor.py:830} INFO - Processing file /opt/airflow/dags/trade_fish_dag.py for tasks to queue
[2026-04-11T00:42:20.003+0000] {logging_mixin.py:188} INFO - [2026-04-11T00:42:20.002+0000] {dagbag.py:538} INFO - Filling up the DagBag from /opt/airflow/dags/trade_fish_dag.py
[2026-04-11T00:42:20.457+0000] {processor.py:840} INFO - DAG(s) 'fish_trade_pipeline' retrieved from /opt/airflow/dags/trade_fish_dag.py
[2026-04-11T00:42:20.481+0000] {logging_mixin.py:188} INFO - [2026-04-11T00:42:20.481+0000] {dag.py:3036} INFO - Sync 1 DAGs
[2026-04-11T00:42:20.498+0000] {logging_mixin.py:188} INFO - [2026-04-11T00:42:20.498+0000] {dag.py:3823} INFO - Setting next_dagrun for fish_trade_pipeline to 2026-05-01 10:00:00+00:00, run_after=2026-06-01 10:00:00+00:00
[2026-04-11T00:42:20.517+0000] {processor.py:183} INFO - Processing /opt/airflow/dags/trade_fish_dag.py took 0.520 seconds
[2026-04-11T00:42:50.771+0000] {processor.py:161} INFO - Started process (PID=593) to work on /opt/airflow/dags/trade_fish_dag.py
[2026-04-11T00:42:50.773+0000] {processor.py:830} INFO - Processing file /opt/airflow/dags/trade_fish_dag.py for tasks to queue
[2026-04-11T00:42:50.774+0000] {logging_mixin.py:188} INFO - [2026-04-11T00:42:50.774+0000] {dagbag.py:538} INFO - Filling up the DagBag from /opt/airflow/dags/trade_fish_dag.py
[2026-04-11T00:42:51.247+0000] {processor.py:840} INFO - DAG(s) 'fish_trade_pipeline' retrieved from /opt/airflow/dags/trade_fish_dag.py
[2026-04-11T00:42:51.326+0000] {logging_mixin.py:188} INFO - [2026-04-11T00:42:51.326+0000] {dag.py:3036} INFO - Sync 1 DAGs
[2026-04-11T00:42:51.344+0000] {logging_mixin.py:188} INFO - [2026-04-11T00:42:51.344+0000] {dag.py:3823} INFO - Setting next_dagrun for fish_trade_pipeline to 2026-05-01 10:00:00+00:00, run_after=2026-06-01 10:00:00+00:00
[2026-04-11T00:42:51.364+0000] {processor.py:183} INFO - Processing /opt/airflow/dags/trade_fish_dag.py took 0.596 seconds
[2026-04-11T00:43:21.604+0000] {processor.py:161} INFO - Started process (PID=605) to work on /opt/airflow/dags/trade_fish_dag.py
[2026-04-11T00:43:21.605+0000] {processor.py:830} INFO - Processing file /opt/airflow/dags/trade_fish_dag.py for tasks to queue
[2026-04-11T00:43:21.607+0000] {logging_mixin.py:188} INFO - [2026-04-11T00:43:21.606+0000] {dagbag.py:538} INFO - Filling up the DagBag from /opt/airflow/dags/trade_fish_dag.py
[2026-04-11T00:43:22.089+0000] {processor.py:840} INFO - DAG(s) 'fish_trade_pipeline' retrieved from /opt/airflow/dags/trade_fish_dag.py
[2026-04-11T00:43:22.112+0000] {logging_mixin.py:188} INFO - [2026-04-11T00:43:22.112+0000] {dag.py:3036} INFO - Sync 1 DAGs
[2026-04-11T00:43:22.129+0000] {logging_mixin.py:188} INFO - [2026-04-11T00:43:22.128+0000] {dag.py:3823} INFO - Setting next_dagrun for fish_trade_pipeline to 2026-05-01 10:00:00+00:00, run_after=2026-06-01 10:00:00+00:00
[2026-04-11T00:43:22.147+0000] {processor.py:183} INFO - Processing /opt/airflow/dags/trade_fish_dag.py took 0.547 seconds
[2026-04-11T00:43:52.372+0000] {processor.py:161} INFO - Started process (PID=617) to work on /opt/airflow/dags/trade_fish_dag.py
[2026-04-11T00:43:52.374+0000] {processor.py:830} INFO - Processing file /opt/airflow/dags/trade_fish_dag.py for tasks to queue
[2026-04-11T00:43:52.376+0000] {logging_mixin.py:188} INFO - [2026-04-11T00:43:52.375+0000] {dagbag.py:538} INFO - Filling up the DagBag from /opt/airflow/dags/trade_fish_dag.py
[2026-04-11T00:43:52.822+0000] {processor.py:840} INFO - DAG(s) 'fish_trade_pipeline' retrieved from /opt/airflow/dags/trade_fish_dag.py
[2026-04-11T00:43:52.846+0000] {logging_mixin.py:188} INFO - [2026-04-11T00:43:52.846+0000] {dag.py:3036} INFO - Sync 1 DAGs
[2026-04-11T00:43:52.863+0000] {logging_mixin.py:188} INFO - [2026-04-11T00:43:52.862+0000] {dag.py:3823} INFO - Setting next_dagrun for fish_trade_pipeline to 2026-05-01 10:00:00+00:00, run_after=2026-06-01 10:00:00+00:00
[2026-04-11T00:43:52.884+0000] {processor.py:183} INFO - Processing /opt/airflow/dags/trade_fish_dag.py took 0.515 seconds
[2026-04-11T00:44:23.130+0000] {processor.py:161} INFO - Started process (PID=629) to work on /opt/airflow/dags/trade_fish_dag.py
[2026-04-11T00:44:23.132+0000] {processor.py:830} INFO - Processing file /opt/airflow/dags/trade_fish_dag.py for tasks to queue
[2026-04-11T00:44:23.133+0000] {logging_mixin.py:188} INFO - [2026-04-11T00:44:23.133+0000] {dagbag.py:538} INFO - Filling up the DagBag from /opt/airflow/dags/trade_fish_dag.py
[2026-04-11T00:44:23.566+0000] {processor.py:840} INFO - DAG(s) 'fish_trade_pipeline' retrieved from /opt/airflow/dags/trade_fish_dag.py
[2026-04-11T00:44:23.587+0000] {logging_mixin.py:188} INFO - [2026-04-11T00:44:23.587+0000] {dag.py:3036} INFO - Sync 1 DAGs
[2026-04-11T00:44:23.604+0000] {logging_mixin.py:188} INFO - [2026-04-11T00:44:23.603+0000] {dag.py:3823} INFO - Setting next_dagrun for fish_trade_pipeline to 2026-05-01 10:00:00+00:00, run_after=2026-06-01 10:00:00+00:00
[2026-04-11T00:44:23.625+0000] {processor.py:183} INFO - Processing /opt/airflow/dags/trade_fish_dag.py took 0.499 seconds
[2026-04-11T00:44:53.796+0000] {processor.py:161} INFO - Started process (PID=641) to work on /opt/airflow/dags/trade_fish_dag.py
[2026-04-11T00:44:53.799+0000] {processor.py:830} INFO - Processing file /opt/airflow/dags/trade_fish_dag.py for tasks to queue
[2026-04-11T00:44:53.800+0000] {logging_mixin.py:188} INFO - [2026-04-11T00:44:53.799+0000] {dagbag.py:538} INFO - Filling up the DagBag from /opt/airflow/dags/trade_fish_dag.py
[2026-04-11T00:44:54.279+0000] {processor.py:840} INFO - DAG(s) 'fish_trade_pipeline' retrieved from /opt/airflow/dags/trade_fish_dag.py
[2026-04-11T00:44:54.304+0000] {logging_mixin.py:188} INFO - [2026-04-11T00:44:54.303+0000] {dag.py:3036} INFO - Sync 1 DAGs
[2026-04-11T00:44:54.327+0000] {logging_mixin.py:188} INFO - [2026-04-11T00:44:54.326+0000] {dag.py:3823} INFO - Setting next_dagrun for fish_trade_pipeline to 2026-05-01 10:00:00+00:00, run_after=2026-06-01 10:00:00+00:00
[2026-04-11T00:44:54.397+0000] {processor.py:183} INFO - Processing /opt/airflow/dags/trade_fish_dag.py took 0.604 seconds
[2026-04-11T00:45:24.654+0000] {processor.py:161} INFO - Started process (PID=653) to work on /opt/airflow/dags/trade_fish_dag.py
[2026-04-11T00:45:24.656+0000] {processor.py:830} INFO - Processing file /opt/airflow/dags/trade_fish_dag.py for tasks to queue
[2026-04-11T00:45:24.657+0000] {logging_mixin.py:188} INFO - [2026-04-11T00:45:24.656+0000] {dagbag.py:538} INFO - Filling up the DagBag from /opt/airflow/dags/trade_fish_dag.py
[2026-04-11T00:45:25.132+0000] {processor.py:840} INFO - DAG(s) 'fish_trade_pipeline' retrieved from /opt/airflow/dags/trade_fish_dag.py
[2026-04-11T00:45:25.154+0000] {logging_mixin.py:188} INFO - [2026-04-11T00:45:25.153+0000] {dag.py:3036} INFO - Sync 1 DAGs
[2026-04-11T00:45:25.171+0000] {logging_mixin.py:188} INFO - [2026-04-11T00:45:25.170+0000] {dag.py:3823} INFO - Setting next_dagrun for fish_trade_pipeline to 2026-05-01 10:00:00+00:00, run_after=2026-06-01 10:00:00+00:00
[2026-04-11T00:45:25.187+0000] {processor.py:183} INFO - Processing /opt/airflow/dags/trade_fish_dag.py took 0.536 seconds
[2026-04-11T00:45:55.248+0000] {processor.py:161} INFO - Started process (PID=672) to work on /opt/airflow/dags/trade_fish_dag.py
[2026-04-11T00:45:55.249+0000] {processor.py:830} INFO - Processing file /opt/airflow/dags/trade_fish_dag.py for tasks to queue
[2026-04-11T00:45:55.251+0000] {logging_mixin.py:188} INFO - [2026-04-11T00:45:55.250+0000] {dagbag.py:538} INFO - Filling up the DagBag from /opt/airflow/dags/trade_fish_dag.py
[2026-04-11T00:45:55.738+0000] {processor.py:840} INFO - DAG(s) 'fish_trade_pipeline' retrieved from /opt/airflow/dags/trade_fish_dag.py
[2026-04-11T00:45:55.762+0000] {logging_mixin.py:188} INFO - [2026-04-11T00:45:55.762+0000] {dag.py:3036} INFO - Sync 1 DAGs
[2026-04-11T00:45:55.780+0000] {logging_mixin.py:188} INFO - [2026-04-11T00:45:55.780+0000] {dag.py:3823} INFO - Setting next_dagrun for fish_trade_pipeline to 2026-05-01 10:00:00+00:00, run_after=2026-06-01 10:00:00+00:00
[2026-04-11T00:45:55.850+0000] {processor.py:183} INFO - Processing /opt/airflow/dags/trade_fish_dag.py took 0.605 seconds
[2026-04-11T00:46:26.138+0000] {processor.py:161} INFO - Started process (PID=684) to work on /opt/airflow/dags/trade_fish_dag.py
[2026-04-11T00:46:26.139+0000] {processor.py:830} INFO - Processing file /opt/airflow/dags/trade_fish_dag.py for tasks to queue
[2026-04-11T00:46:26.140+0000] {logging_mixin.py:188} INFO - [2026-04-11T00:46:26.140+0000] {dagbag.py:538} INFO - Filling up the DagBag from /opt/airflow/dags/trade_fish_dag.py
[2026-04-11T00:46:26.571+0000] {processor.py:840} INFO - DAG(s) 'fish_trade_pipeline' retrieved from /opt/airflow/dags/trade_fish_dag.py
[2026-04-11T00:46:26.594+0000] {logging_mixin.py:188} INFO - [2026-04-11T00:46:26.594+0000] {dag.py:3036} INFO - Sync 1 DAGs
[2026-04-11T00:46:26.610+0000] {logging_mixin.py:188} INFO - [2026-04-11T00:46:26.610+0000] {dag.py:3823} INFO - Setting next_dagrun for fish_trade_pipeline to 2026-05-01 10:00:00+00:00, run_after=2026-06-01 10:00:00+00:00
[2026-04-11T00:46:26.626+0000] {processor.py:183} INFO - Processing /opt/airflow/dags/trade_fish_dag.py took 0.491 seconds
[2026-04-11T00:46:56.740+0000] {processor.py:161} INFO - Started process (PID=696) to work on /opt/airflow/dags/trade_fish_dag.py
[2026-04-11T00:46:56.741+0000] {processor.py:830} INFO - Processing file /opt/airflow/dags/trade_fish_dag.py for tasks to queue
[2026-04-11T00:46:56.742+0000] {logging_mixin.py:188} INFO - [2026-04-11T00:46:56.742+0000] {dagbag.py:538} INFO - Filling up the DagBag from /opt/airflow/dags/trade_fish_dag.py
[2026-04-11T00:46:57.200+0000] {processor.py:840} INFO - DAG(s) 'fish_trade_pipeline' retrieved from /opt/airflow/dags/trade_fish_dag.py
[2026-04-11T00:46:57.222+0000] {logging_mixin.py:188} INFO - [2026-04-11T00:46:57.221+0000] {dag.py:3036} INFO - Sync 1 DAGs
[2026-04-11T00:46:57.238+0000] {logging_mixin.py:188} INFO - [2026-04-11T00:46:57.238+0000] {dag.py:3823} INFO - Setting next_dagrun for fish_trade_pipeline to 2026-05-01 10:00:00+00:00, run_after=2026-06-01 10:00:00+00:00
[2026-04-11T00:46:57.256+0000] {processor.py:183} INFO - Processing /opt/airflow/dags/trade_fish_dag.py took 0.519 seconds
[2026-04-11T00:47:27.501+0000] {processor.py:161} INFO - Started process (PID=708) to work on /opt/airflow/dags/trade_fish_dag.py
[2026-04-11T00:47:27.503+0000] {processor.py:830} INFO - Processing file /opt/airflow/dags/trade_fish_dag.py for tasks to queue
[2026-04-11T00:47:27.504+0000] {logging_mixin.py:188} INFO - [2026-04-11T00:47:27.504+0000] {dagbag.py:538} INFO - Filling up the DagBag from /opt/airflow/dags/trade_fish_dag.py
[2026-04-11T00:47:28.010+0000] {processor.py:840} INFO - DAG(s) 'fish_trade_pipeline' retrieved from /opt/airflow/dags/trade_fish_dag.py
[2026-04-11T00:47:28.036+0000] {logging_mixin.py:188} INFO - [2026-04-11T00:47:28.036+0000] {dag.py:3036} INFO - Sync 1 DAGs
[2026-04-11T00:47:28.054+0000] {logging_mixin.py:188} INFO - [2026-04-11T00:47:28.054+0000] {dag.py:3823} INFO - Setting next_dagrun for fish_trade_pipeline to 2026-05-01 10:00:00+00:00, run_after=2026-06-01 10:00:00+00:00
[2026-04-11T00:47:28.076+0000] {processor.py:183} INFO - Processing /opt/airflow/dags/trade_fish_dag.py took 0.578 seconds
[2026-04-11T00:47:58.260+0000] {processor.py:161} INFO - Started process (PID=720) to work on /opt/airflow/dags/trade_fish_dag.py
[2026-04-11T00:47:58.261+0000] {processor.py:830} INFO - Processing file /opt/airflow/dags/trade_fish_dag.py for tasks to queue
[2026-04-11T00:47:58.262+0000] {logging_mixin.py:188} INFO - [2026-04-11T00:47:58.262+0000] {dagbag.py:538} INFO - Filling up the DagBag from /opt/airflow/dags/trade_fish_dag.py
[2026-04-11T00:47:58.718+0000] {processor.py:840} INFO - DAG(s) 'fish_trade_pipeline' retrieved from /opt/airflow/dags/trade_fish_dag.py
[2026-04-11T00:47:58.738+0000] {logging_mixin.py:188} INFO - [2026-04-11T00:47:58.738+0000] {dag.py:3036} INFO - Sync 1 DAGs
[2026-04-11T00:47:58.755+0000] {logging_mixin.py:188} INFO - [2026-04-11T00:47:58.755+0000] {dag.py:3823} INFO - Setting next_dagrun for fish_trade_pipeline to 2026-05-01 10:00:00+00:00, run_after=2026-06-01 10:00:00+00:00
[2026-04-11T00:47:58.772+0000] {processor.py:183} INFO - Processing /opt/airflow/dags/trade_fish_dag.py took 0.514 seconds
[2026-04-11T00:48:28.984+0000] {processor.py:161} INFO - Started process (PID=732) to work on /opt/airflow/dags/trade_fish_dag.py
[2026-04-11T00:48:28.985+0000] {processor.py:830} INFO - Processing file /opt/airflow/dags/trade_fish_dag.py for tasks to queue
[2026-04-11T00:48:28.986+0000] {logging_mixin.py:188} INFO - [2026-04-11T00:48:28.986+0000] {dagbag.py:538} INFO - Filling up the DagBag from /opt/airflow/dags/trade_fish_dag.py
[2026-04-11T00:48:29.431+0000] {processor.py:840} INFO - DAG(s) 'fish_trade_pipeline' retrieved from /opt/airflow/dags/trade_fish_dag.py
[2026-04-11T00:48:29.451+0000] {logging_mixin.py:188} INFO - [2026-04-11T00:48:29.450+0000] {dag.py:3036} INFO - Sync 1 DAGs
[2026-04-11T00:48:29.466+0000] {logging_mixin.py:188} INFO - [2026-04-11T00:48:29.466+0000] {dag.py:3823} INFO - Setting next_dagrun for fish_trade_pipeline to 2026-05-01 10:00:00+00:00, run_after=2026-06-01 10:00:00+00:00
[2026-04-11T00:48:29.482+0000] {processor.py:183} INFO - Processing /opt/airflow/dags/trade_fish_dag.py took 0.502 seconds
[2026-04-11T00:48:59.645+0000] {processor.py:161} INFO - Started process (PID=744) to work on /opt/airflow/dags/trade_fish_dag.py
[2026-04-11T00:48:59.646+0000] {processor.py:830} INFO - Processing file /opt/airflow/dags/trade_fish_dag.py for tasks to queue
[2026-04-11T00:48:59.648+0000] {logging_mixin.py:188} INFO - [2026-04-11T00:48:59.647+0000] {dagbag.py:538} INFO - Filling up the DagBag from /opt/airflow/dags/trade_fish_dag.py
[2026-04-11T00:49:00.128+0000] {processor.py:840} INFO - DAG(s) 'fish_trade_pipeline' retrieved from /opt/airflow/dags/trade_fish_dag.py
[2026-04-11T00:49:00.215+0000] {logging_mixin.py:188} INFO - [2026-04-11T00:49:00.215+0000] {dag.py:3036} INFO - Sync 1 DAGs
[2026-04-11T00:49:00.222+0000] {logging_mixin.py:188} INFO - [2026-04-11T00:49:00.222+0000] {dag.py:3058} INFO - Creating ORM DAG for fish_trade_pipeline
[2026-04-11T00:49:00.231+0000] {logging_mixin.py:188} INFO - [2026-04-11T00:49:00.231+0000] {dag.py:3823} INFO - Setting next_dagrun for fish_trade_pipeline to 2026-05-01 10:00:00+00:00, run_after=2026-06-01 10:00:00+00:00
[2026-04-11T00:49:00.298+0000] {processor.py:183} INFO - Processing /opt/airflow/dags/trade_fish_dag.py took 0.655 seconds
[2026-04-11T00:49:30.521+0000] {processor.py:161} INFO - Started process (PID=771) to work on /opt/airflow/dags/trade_fish_dag.py
[2026-04-11T00:49:30.523+0000] {processor.py:830} INFO - Processing file /opt/airflow/dags/trade_fish_dag.py for tasks to queue
[2026-04-11T00:49:30.524+0000] {logging_mixin.py:188} INFO - [2026-04-11T00:49:30.524+0000] {dagbag.py:538} INFO - Filling up the DagBag from /opt/airflow/dags/trade_fish_dag.py
[2026-04-11T00:49:31.001+0000] {processor.py:840} INFO - DAG(s) 'fish_trade_pipeline' retrieved from /opt/airflow/dags/trade_fish_dag.py
[2026-04-11T00:49:31.026+0000] {logging_mixin.py:188} INFO - [2026-04-11T00:49:31.025+0000] {dag.py:3036} INFO - Sync 1 DAGs
[2026-04-11T00:49:31.043+0000] {logging_mixin.py:188} INFO - [2026-04-11T00:49:31.042+0000] {dag.py:3823} INFO - Setting next_dagrun for fish_trade_pipeline to 2026-05-01 10:00:00+00:00, run_after=2026-06-01 10:00:00+00:00
[2026-04-11T00:49:31.111+0000] {processor.py:183} INFO - Processing /opt/airflow/dags/trade_fish_dag.py took 0.592 seconds
[2026-04-11T00:50:01.332+0000] {processor.py:161} INFO - Started process (PID=784) to work on /opt/airflow/dags/trade_fish_dag.py
[2026-04-11T00:50:01.335+0000] {processor.py:830} INFO - Processing file /opt/airflow/dags/trade_fish_dag.py for tasks to queue
[2026-04-11T00:50:01.336+0000] {logging_mixin.py:188} INFO - [2026-04-11T00:50:01.336+0000] {dagbag.py:538} INFO - Filling up the DagBag from /opt/airflow/dags/trade_fish_dag.py
[2026-04-11T00:50:01.803+0000] {processor.py:840} INFO - DAG(s) 'fish_trade_pipeline' retrieved from /opt/airflow/dags/trade_fish_dag.py
[2026-04-11T00:50:01.826+0000] {logging_mixin.py:188} INFO - [2026-04-11T00:50:01.826+0000] {dag.py:3036} INFO - Sync 1 DAGs
[2026-04-11T00:50:01.841+0000] {logging_mixin.py:188} INFO - [2026-04-11T00:50:01.841+0000] {dag.py:3823} INFO - Setting next_dagrun for fish_trade_pipeline to 2026-05-01 10:00:00+00:00, run_after=2026-06-01 10:00:00+00:00
[2026-04-11T00:50:01.883+0000] {processor.py:183} INFO - Processing /opt/airflow/dags/trade_fish_dag.py took 0.555 seconds
[2026-04-11T00:50:32.102+0000] {processor.py:161} INFO - Started process (PID=796) to work on /opt/airflow/dags/trade_fish_dag.py
[2026-04-11T00:50:32.104+0000] {processor.py:830} INFO - Processing file /opt/airflow/dags/trade_fish_dag.py for tasks to queue
[2026-04-11T00:50:32.105+0000] {logging_mixin.py:188} INFO - [2026-04-11T00:50:32.104+0000] {dagbag.py:538} INFO - Filling up the DagBag from /opt/airflow/dags/trade_fish_dag.py
[2026-04-11T00:50:32.876+0000] {processor.py:840} INFO - DAG(s) 'fish_trade_pipeline' retrieved from /opt/airflow/dags/trade_fish_dag.py
[2026-04-11T00:50:33.027+0000] {logging_mixin.py:188} INFO - [2026-04-11T00:50:33.027+0000] {dag.py:3036} INFO - Sync 1 DAGs
[2026-04-11T00:50:33.072+0000] {logging_mixin.py:188} INFO - [2026-04-11T00:50:33.072+0000] {dag.py:3058} INFO - Creating ORM DAG for fish_trade_pipeline
[2026-04-11T00:50:33.108+0000] {logging_mixin.py:188} INFO - [2026-04-11T00:50:33.108+0000] {dag.py:3823} INFO - Setting next_dagrun for fish_trade_pipeline to 2026-05-01 10:00:00+00:00, run_after=2026-06-01 10:00:00+00:00
[2026-04-11T00:50:33.184+0000] {processor.py:183} INFO - Processing /opt/airflow/dags/trade_fish_dag.py took 1.087 seconds
[2026-04-11T00:51:03.276+0000] {processor.py:161} INFO - Started process (PID=808) to work on /opt/airflow/dags/trade_fish_dag.py
[2026-04-11T00:51:03.278+0000] {processor.py:830} INFO - Processing file /opt/airflow/dags/trade_fish_dag.py for tasks to queue
[2026-04-11T00:51:03.279+0000] {logging_mixin.py:188} INFO - [2026-04-11T00:51:03.279+0000] {dagbag.py:538} INFO - Filling up the DagBag from /opt/airflow/dags/trade_fish_dag.py
[2026-04-11T00:51:03.734+0000] {processor.py:840} INFO - DAG(s) 'fish_trade_pipeline' retrieved from /opt/airflow/dags/trade_fish_dag.py
[2026-04-11T00:51:03.755+0000] {logging_mixin.py:188} INFO - [2026-04-11T00:51:03.755+0000] {dag.py:3036} INFO - Sync 1 DAGs
[2026-04-11T00:51:03.774+0000] {logging_mixin.py:188} INFO - [2026-04-11T00:51:03.773+0000] {dag.py:3823} INFO - Setting next_dagrun for fish_trade_pipeline to 2026-05-01 10:00:00+00:00, run_after=2026-06-01 10:00:00+00:00
[2026-04-11T00:51:03.795+0000] {processor.py:183} INFO - Processing /opt/airflow/dags/trade_fish_dag.py took 0.523 seconds
[2026-04-11T00:51:34.026+0000] {processor.py:161} INFO - Started process (PID=857) to work on /opt/airflow/dags/trade_fish_dag.py
[2026-04-11T00:51:34.028+0000] {processor.py:830} INFO - Processing file /opt/airflow/dags/trade_fish_dag.py for tasks to queue
[2026-04-11T00:51:34.029+0000] {logging_mixin.py:188} INFO - [2026-04-11T00:51:34.028+0000] {dagbag.py:538} INFO - Filling up the DagBag from /opt/airflow/dags/trade_fish_dag.py
[2026-04-11T00:51:35.760+0000] {processor.py:840} INFO - DAG(s) 'fish_trade_pipeline' retrieved from /opt/airflow/dags/trade_fish_dag.py
[2026-04-11T00:51:35.795+0000] {logging_mixin.py:188} INFO - [2026-04-11T00:51:35.795+0000] {dag.py:3036} INFO - Sync 1 DAGs
[2026-04-11T00:51:35.810+0000] {logging_mixin.py:188} INFO - [2026-04-11T00:51:35.810+0000] {dag.py:3823} INFO - Setting next_dagrun for fish_trade_pipeline to 2026-05-01 10:00:00+00:00, run_after=2026-06-01 10:00:00+00:00
[2026-04-11T00:51:35.829+0000] {processor.py:183} INFO - Processing /opt/airflow/dags/trade_fish_dag.py took 1.809 seconds
[2026-04-11T00:52:06.047+0000] {processor.py:161} INFO - Started process (PID=869) to work on /opt/airflow/dags/trade_fish_dag.py
[2026-04-11T00:52:06.049+0000] {processor.py:830} INFO - Processing file /opt/airflow/dags/trade_fish_dag.py for tasks to queue
[2026-04-11T00:52:06.051+0000] {logging_mixin.py:188} INFO - [2026-04-11T00:52:06.050+0000] {dagbag.py:538} INFO - Filling up the DagBag from /opt/airflow/dags/trade_fish_dag.py
[2026-04-11T00:52:06.549+0000] {processor.py:840} INFO - DAG(s) 'fish_trade_pipeline' retrieved from /opt/airflow/dags/trade_fish_dag.py
[2026-04-11T00:52:06.573+0000] {logging_mixin.py:188} INFO - [2026-04-11T00:52:06.572+0000] {dag.py:3036} INFO - Sync 1 DAGs
[2026-04-11T00:52:06.589+0000] {logging_mixin.py:188} INFO - [2026-04-11T00:52:06.588+0000] {dag.py:3823} INFO - Setting next_dagrun for fish_trade_pipeline to 2026-05-01 10:00:00+00:00, run_after=2026-06-01 10:00:00+00:00
[2026-04-11T00:52:06.607+0000] {processor.py:183} INFO - Processing /opt/airflow/dags/trade_fish_dag.py took 0.563 seconds
[2026-04-11T00:52:36.827+0000] {processor.py:161} INFO - Started process (PID=882) to work on /opt/airflow/dags/trade_fish_dag.py
[2026-04-11T00:52:36.828+0000] {processor.py:830} INFO - Processing file /opt/airflow/dags/trade_fish_dag.py for tasks to queue
[2026-04-11T00:52:36.829+0000] {logging_mixin.py:188} INFO - [2026-04-11T00:52:36.829+0000] {dagbag.py:538} INFO - Filling up the DagBag from /opt/airflow/dags/trade_fish_dag.py
[2026-04-11T00:52:37.240+0000] {processor.py:840} INFO - DAG(s) 'fish_trade_pipeline' retrieved from /opt/airflow/dags/trade_fish_dag.py
[2026-04-11T00:52:37.261+0000] {logging_mixin.py:188} INFO - [2026-04-11T00:52:37.260+0000] {dag.py:3036} INFO - Sync 1 DAGs
[2026-04-11T00:52:37.277+0000] {logging_mixin.py:188} INFO - [2026-04-11T00:52:37.277+0000] {dag.py:3823} INFO - Setting next_dagrun for fish_trade_pipeline to 2026-05-01 10:00:00+00:00, run_after=2026-06-01 10:00:00+00:00
[2026-04-11T00:52:37.326+0000] {processor.py:183} INFO - Processing /opt/airflow/dags/trade_fish_dag.py took 0.503 seconds
[2026-04-11T00:53:07.443+0000] {processor.py:161} INFO - Started process (PID=894) to work on /opt/airflow/dags/trade_fish_dag.py
[2026-04-11T00:53:07.444+0000] {processor.py:830} INFO - Processing file /opt/airflow/dags/trade_fish_dag.py for tasks to queue
[2026-04-11T00:53:07.445+0000] {logging_mixin.py:188} INFO - [2026-04-11T00:53:07.445+0000] {dagbag.py:538} INFO - Filling up the DagBag from /opt/airflow/dags/trade_fish_dag.py
[2026-04-11T00:53:07.845+0000] {processor.py:840} INFO - DAG(s) 'fish_trade_pipeline' retrieved from /opt/airflow/dags/trade_fish_dag.py
[2026-04-11T00:53:07.865+0000] {logging_mixin.py:188} INFO - [2026-04-11T00:53:07.864+0000] {dag.py:3036} INFO - Sync 1 DAGs
[2026-04-11T00:53:07.880+0000] {logging_mixin.py:188} INFO - [2026-04-11T00:53:07.879+0000] {dag.py:3823} INFO - Setting next_dagrun for fish_trade_pipeline to 2026-05-01 10:00:00+00:00, run_after=2026-06-01 10:00:00+00:00
[2026-04-11T00:53:07.948+0000] {processor.py:183} INFO - Processing /opt/airflow/dags/trade_fish_dag.py took 0.508 seconds
[2026-04-11T00:53:38.164+0000] {processor.py:161} INFO - Started process (PID=906) to work on /opt/airflow/dags/trade_fish_dag.py
[2026-04-11T00:53:38.165+0000] {processor.py:830} INFO - Processing file /opt/airflow/dags/trade_fish_dag.py for tasks to queue
[2026-04-11T00:53:38.165+0000] {logging_mixin.py:188} INFO - [2026-04-11T00:53:38.165+0000] {dagbag.py:538} INFO - Filling up the DagBag from /opt/airflow/dags/trade_fish_dag.py
[2026-04-11T00:53:38.573+0000] {processor.py:840} INFO - DAG(s) 'fish_trade_pipeline' retrieved from /opt/airflow/dags/trade_fish_dag.py
[2026-04-11T00:53:38.594+0000] {logging_mixin.py:188} INFO - [2026-04-11T00:53:38.594+0000] {dag.py:3036} INFO - Sync 1 DAGs
[2026-04-11T00:53:38.611+0000] {logging_mixin.py:188} INFO - [2026-04-11T00:53:38.611+0000] {dag.py:3823} INFO - Setting next_dagrun for fish_trade_pipeline to 2026-05-01 10:00:00+00:00, run_after=2026-06-01 10:00:00+00:00
[2026-04-11T00:53:38.628+0000] {processor.py:183} INFO - Processing /opt/airflow/dags/trade_fish_dag.py took 0.467 seconds
[2026-04-11T00:54:08.830+0000] {processor.py:161} INFO - Started process (PID=918) to work on /opt/airflow/dags/trade_fish_dag.py
[2026-04-11T00:54:08.831+0000] {processor.py:830} INFO - Processing file /opt/airflow/dags/trade_fish_dag.py for tasks to queue
[2026-04-11T00:54:08.832+0000] {logging_mixin.py:188} INFO - [2026-04-11T00:54:08.832+0000] {dagbag.py:538} INFO - Filling up the DagBag from /opt/airflow/dags/trade_fish_dag.py
[2026-04-11T00:54:09.257+0000] {processor.py:840} INFO - DAG(s) 'fish_trade_pipeline' retrieved from /opt/airflow/dags/trade_fish_dag.py
[2026-04-11T00:54:09.280+0000] {logging_mixin.py:188} INFO - [2026-04-11T00:54:09.279+0000] {dag.py:3036} INFO - Sync 1 DAGs
[2026-04-11T00:54:09.306+0000] {logging_mixin.py:188} INFO - [2026-04-11T00:54:09.305+0000] {dag.py:3823} INFO - Setting next_dagrun for fish_trade_pipeline to 2026-05-01 10:00:00+00:00, run_after=2026-06-01 10:00:00+00:00
[2026-04-11T00:54:09.324+0000] {processor.py:183} INFO - Processing /opt/airflow/dags/trade_fish_dag.py took 0.498 seconds
[2026-04-11T00:54:39.521+0000] {processor.py:161} INFO - Started process (PID=931) to work on /opt/airflow/dags/trade_fish_dag.py
[2026-04-11T00:54:39.522+0000] {processor.py:830} INFO - Processing file /opt/airflow/dags/trade_fish_dag.py for tasks to queue
[2026-04-11T00:54:39.523+0000] {logging_mixin.py:188} INFO - [2026-04-11T00:54:39.523+0000] {dagbag.py:538} INFO - Filling up the DagBag from /opt/airflow/dags/trade_fish_dag.py
[2026-04-11T00:54:39.983+0000] {processor.py:840} INFO - DAG(s) 'fish_trade_pipeline' retrieved from /opt/airflow/dags/trade_fish_dag.py
[2026-04-11T00:54:40.006+0000] {logging_mixin.py:188} INFO - [2026-04-11T00:54:40.006+0000] {dag.py:3036} INFO - Sync 1 DAGs
[2026-04-11T00:54:40.024+0000] {logging_mixin.py:188} INFO - [2026-04-11T00:54:40.024+0000] {dag.py:3823} INFO - Setting next_dagrun for fish_trade_pipeline to 2026-05-01 10:00:00+00:00, run_after=2026-06-01 10:00:00+00:00
[2026-04-11T00:54:40.092+0000] {processor.py:183} INFO - Processing /opt/airflow/dags/trade_fish_dag.py took 0.573 seconds
[2026-04-11T00:55:10.298+0000] {processor.py:161} INFO - Started process (PID=943) to work on /opt/airflow/dags/trade_fish_dag.py
[2026-04-11T00:55:10.300+0000] {processor.py:830} INFO - Processing file /opt/airflow/dags/trade_fish_dag.py for tasks to queue
[2026-04-11T00:55:10.301+0000] {logging_mixin.py:188} INFO - [2026-04-11T00:55:10.301+0000] {dagbag.py:538} INFO - Filling up the DagBag from /opt/airflow/dags/trade_fish_dag.py
[2026-04-11T00:55:10.778+0000] {processor.py:840} INFO - DAG(s) 'fish_trade_pipeline' retrieved from /opt/airflow/dags/trade_fish_dag.py
[2026-04-11T00:55:10.800+0000] {logging_mixin.py:188} INFO - [2026-04-11T00:55:10.799+0000] {dag.py:3036} INFO - Sync 1 DAGs
[2026-04-11T00:55:10.816+0000] {logging_mixin.py:188} INFO - [2026-04-11T00:55:10.815+0000] {dag.py:3823} INFO - Setting next_dagrun for fish_trade_pipeline to 2026-05-01 10:00:00+00:00, run_after=2026-06-01 10:00:00+00:00
[2026-04-11T00:55:10.832+0000] {processor.py:183} INFO - Processing /opt/airflow/dags/trade_fish_dag.py took 0.536 seconds
[2026-04-11T00:55:41.025+0000] {processor.py:161} INFO - Started process (PID=955) to work on /opt/airflow/dags/trade_fish_dag.py
[2026-04-11T00:55:41.026+0000] {processor.py:830} INFO - Processing file /opt/airflow/dags/trade_fish_dag.py for tasks to queue
[2026-04-11T00:55:41.027+0000] {logging_mixin.py:188} INFO - [2026-04-11T00:55:41.027+0000] {dagbag.py:538} INFO - Filling up the DagBag from /opt/airflow/dags/trade_fish_dag.py
[2026-04-11T00:55:41.478+0000] {processor.py:840} INFO - DAG(s) 'fish_trade_pipeline' retrieved from /opt/airflow/dags/trade_fish_dag.py
[2026-04-11T00:55:41.498+0000] {logging_mixin.py:188} INFO - [2026-04-11T00:55:41.498+0000] {dag.py:3036} INFO - Sync 1 DAGs
[2026-04-11T00:55:41.513+0000] {logging_mixin.py:188} INFO - [2026-04-11T00:55:41.513+0000] {dag.py:3823} INFO - Setting next_dagrun for fish_trade_pipeline to 2026-05-01 10:00:00+00:00, run_after=2026-06-01 10:00:00+00:00
[2026-04-11T00:55:41.530+0000] {processor.py:183} INFO - Processing /opt/airflow/dags/trade_fish_dag.py took 0.509 seconds
[2026-04-11T00:56:11.742+0000] {processor.py:161} INFO - Started process (PID=967) to work on /opt/airflow/dags/trade_fish_dag.py
[2026-04-11T00:56:11.743+0000] {processor.py:830} INFO - Processing file /opt/airflow/dags/trade_fish_dag.py for tasks to queue
[2026-04-11T00:56:11.744+0000] {logging_mixin.py:188} INFO - [2026-04-11T00:56:11.744+0000] {dagbag.py:538} INFO - Filling up the DagBag from /opt/airflow/dags/trade_fish_dag.py
[2026-04-11T00:56:12.192+0000] {processor.py:840} INFO - DAG(s) 'fish_trade_pipeline' retrieved from /opt/airflow/dags/trade_fish_dag.py
[2026-04-11T00:56:12.215+0000] {logging_mixin.py:188} INFO - [2026-04-11T00:56:12.215+0000] {dag.py:3036} INFO - Sync 1 DAGs
[2026-04-11T00:56:12.234+0000] {logging_mixin.py:188} INFO - [2026-04-11T00:56:12.233+0000] {dag.py:3823} INFO - Setting next_dagrun for fish_trade_pipeline to 2026-05-01 10:00:00+00:00, run_after=2026-06-01 10:00:00+00:00
[2026-04-11T00:56:12.259+0000] {processor.py:183} INFO - Processing /opt/airflow/dags/trade_fish_dag.py took 0.520 seconds
[2026-04-11T00:56:42.403+0000] {processor.py:161} INFO - Started process (PID=1050) to work on /opt/airflow/dags/trade_fish_dag.py
[2026-04-11T00:56:42.405+0000] {processor.py:830} INFO - Processing file /opt/airflow/dags/trade_fish_dag.py for tasks to queue
[2026-04-11T00:56:42.406+0000] {logging_mixin.py:188} INFO - [2026-04-11T00:56:42.406+0000] {dagbag.py:538} INFO - Filling up the DagBag from /opt/airflow/dags/trade_fish_dag.py
[2026-04-11T00:56:42.908+0000] {processor.py:840} INFO - DAG(s) 'fish_trade_pipeline' retrieved from /opt/airflow/dags/trade_fish_dag.py
[2026-04-11T00:56:42.930+0000] {logging_mixin.py:188} INFO - [2026-04-11T00:56:42.930+0000] {dag.py:3036} INFO - Sync 1 DAGs
[2026-04-11T00:56:42.949+0000] {logging_mixin.py:188} INFO - [2026-04-11T00:56:42.949+0000] {dag.py:3823} INFO - Setting next_dagrun for fish_trade_pipeline to 2026-05-01 10:00:00+00:00, run_after=2026-06-01 10:00:00+00:00
[2026-04-11T00:56:43.033+0000] {processor.py:183} INFO - Processing /opt/airflow/dags/trade_fish_dag.py took 0.633 seconds
[2026-04-11T00:57:13.243+0000] {processor.py:161} INFO - Started process (PID=1136) to work on /opt/airflow/dags/trade_fish_dag.py
[2026-04-11T00:57:13.245+0000] {processor.py:830} INFO - Processing file /opt/airflow/dags/trade_fish_dag.py for tasks to queue
[2026-04-11T00:57:13.246+0000] {logging_mixin.py:188} INFO - [2026-04-11T00:57:13.245+0000] {dagbag.py:538} INFO - Filling up the DagBag from /opt/airflow/dags/trade_fish_dag.py
[2026-04-11T00:57:13.849+0000] {processor.py:840} INFO - DAG(s) 'fish_trade_pipeline' retrieved from /opt/airflow/dags/trade_fish_dag.py
[2026-04-11T00:57:13.874+0000] {logging_mixin.py:188} INFO - [2026-04-11T00:57:13.874+0000] {dag.py:3036} INFO - Sync 1 DAGs
[2026-04-11T00:57:13.894+0000] {logging_mixin.py:188} INFO - [2026-04-11T00:57:13.893+0000] {dag.py:3823} INFO - Setting next_dagrun for fish_trade_pipeline to 2026-05-01 10:00:00+00:00, run_after=2026-06-01 10:00:00+00:00
[2026-04-11T00:57:13.911+0000] {processor.py:183} INFO - Processing /opt/airflow/dags/trade_fish_dag.py took 0.670 seconds
[2026-04-11T00:57:44.188+0000] {processor.py:161} INFO - Started process (PID=1148) to work on /opt/airflow/dags/trade_fish_dag.py
[2026-04-11T00:57:44.189+0000] {processor.py:830} INFO - Processing file /opt/airflow/dags/trade_fish_dag.py for tasks to queue
[2026-04-11T00:57:44.191+0000] {logging_mixin.py:188} INFO - [2026-04-11T00:57:44.190+0000] {dagbag.py:538} INFO - Filling up the DagBag from /opt/airflow/dags/trade_fish_dag.py
[2026-04-11T00:57:44.614+0000] {processor.py:840} INFO - DAG(s) 'fish_trade_pipeline' retrieved from /opt/airflow/dags/trade_fish_dag.py
[2026-04-11T00:57:44.639+0000] {logging_mixin.py:188} INFO - [2026-04-11T00:57:44.639+0000] {dag.py:3036} INFO - Sync 1 DAGs
[2026-04-11T00:57:44.659+0000] {logging_mixin.py:188} INFO - [2026-04-11T00:57:44.659+0000] {dag.py:3823} INFO - Setting next_dagrun for fish_trade_pipeline to 2026-05-01 10:00:00+00:00, run_after=2026-06-01 10:00:00+00:00
[2026-04-11T00:57:44.702+0000] {processor.py:183} INFO - Processing /opt/airflow/dags/trade_fish_dag.py took 0.517 seconds
[2026-04-11T00:58:14.894+0000] {processor.py:161} INFO - Started process (PID=1160) to work on /opt/airflow/dags/trade_fish_dag.py
[2026-04-11T00:58:14.895+0000] {processor.py:830} INFO - Processing file /opt/airflow/dags/trade_fish_dag.py for tasks to queue
[2026-04-11T00:58:14.896+0000] {logging_mixin.py:188} INFO - [2026-04-11T00:58:14.896+0000] {dagbag.py:538} INFO - Filling up the DagBag from /opt/airflow/dags/trade_fish_dag.py
[2026-04-11T00:58:15.389+0000] {processor.py:840} INFO - DAG(s) 'fish_trade_pipeline' retrieved from /opt/airflow/dags/trade_fish_dag.py
[2026-04-11T00:58:15.411+0000] {logging_mixin.py:188} INFO - [2026-04-11T00:58:15.411+0000] {dag.py:3036} INFO - Sync 1 DAGs
[2026-04-11T00:58:15.427+0000] {logging_mixin.py:188} INFO - [2026-04-11T00:58:15.427+0000] {dag.py:3823} INFO - Setting next_dagrun for fish_trade_pipeline to 2026-05-01 10:00:00+00:00, run_after=2026-06-01 10:00:00+00:00
[2026-04-11T00:58:15.448+0000] {processor.py:183} INFO - Processing /opt/airflow/dags/trade_fish_dag.py took 0.557 seconds
[2026-04-11T00:58:45.551+0000] {processor.py:161} INFO - Started process (PID=1172) to work on /opt/airflow/dags/trade_fish_dag.py
[2026-04-11T00:58:45.552+0000] {processor.py:830} INFO - Processing file /opt/airflow/dags/trade_fish_dag.py for tasks to queue
[2026-04-11T00:58:45.553+0000] {logging_mixin.py:188} INFO - [2026-04-11T00:58:45.553+0000] {dagbag.py:538} INFO - Filling up the DagBag from /opt/airflow/dags/trade_fish_dag.py
[2026-04-11T00:58:46.018+0000] {processor.py:840} INFO - DAG(s) 'fish_trade_pipeline' retrieved from /opt/airflow/dags/trade_fish_dag.py
[2026-04-11T00:58:46.041+0000] {logging_mixin.py:188} INFO - [2026-04-11T00:58:46.041+0000] {dag.py:3036} INFO - Sync 1 DAGs
[2026-04-11T00:58:46.058+0000] {logging_mixin.py:188} INFO - [2026-04-11T00:58:46.058+0000] {dag.py:3823} INFO - Setting next_dagrun for fish_trade_pipeline to 2026-05-01 10:00:00+00:00, run_after=2026-06-01 10:00:00+00:00
[2026-04-11T00:58:46.074+0000] {processor.py:183} INFO - Processing /opt/airflow/dags/trade_fish_dag.py took 0.525 seconds
[2026-04-11T00:59:16.295+0000] {processor.py:161} INFO - Started process (PID=1184) to work on /opt/airflow/dags/trade_fish_dag.py
[2026-04-11T00:59:16.296+0000] {processor.py:830} INFO - Processing file /opt/airflow/dags/trade_fish_dag.py for tasks to queue
[2026-04-11T00:59:16.298+0000] {logging_mixin.py:188} INFO - [2026-04-11T00:59:16.297+0000] {dagbag.py:538} INFO - Filling up the DagBag from /opt/airflow/dags/trade_fish_dag.py
[2026-04-11T00:59:16.711+0000] {processor.py:840} INFO - DAG(s) 'fish_trade_pipeline' retrieved from /opt/airflow/dags/trade_fish_dag.py
[2026-04-11T00:59:16.733+0000] {logging_mixin.py:188} INFO - [2026-04-11T00:59:16.733+0000] {dag.py:3036} INFO - Sync 1 DAGs
[2026-04-11T00:59:16.749+0000] {logging_mixin.py:188} INFO - [2026-04-11T00:59:16.749+0000] {dag.py:3823} INFO - Setting next_dagrun for fish_trade_pipeline to 2026-05-01 10:00:00+00:00, run_after=2026-06-01 10:00:00+00:00
[2026-04-11T00:59:16.766+0000] {processor.py:183} INFO - Processing /opt/airflow/dags/trade_fish_dag.py took 0.474 seconds
[2026-04-11T00:59:46.993+0000] {processor.py:161} INFO - Started process (PID=1196) to work on /opt/airflow/dags/trade_fish_dag.py
[2026-04-11T00:59:46.994+0000] {processor.py:830} INFO - Processing file /opt/airflow/dags/trade_fish_dag.py for tasks to queue
[2026-04-11T00:59:46.996+0000] {logging_mixin.py:188} INFO - [2026-04-11T00:59:46.995+0000] {dagbag.py:538} INFO - Filling up the DagBag from /opt/airflow/dags/trade_fish_dag.py
[2026-04-11T00:59:47.451+0000] {processor.py:840} INFO - DAG(s) 'fish_trade_pipeline' retrieved from /opt/airflow/dags/trade_fish_dag.py
[2026-04-11T00:59:47.473+0000] {logging_mixin.py:188} INFO - [2026-04-11T00:59:47.473+0000] {dag.py:3036} INFO - Sync 1 DAGs
[2026-04-11T00:59:47.490+0000] {logging_mixin.py:188} INFO - [2026-04-11T00:59:47.490+0000] {dag.py:3823} INFO - Setting next_dagrun for fish_trade_pipeline to 2026-05-01 10:00:00+00:00, run_after=2026-06-01 10:00:00+00:00
[2026-04-11T00:59:47.508+0000] {processor.py:183} INFO - Processing /opt/airflow/dags/trade_fish_dag.py took 0.518 seconds
[2026-04-11T01:00:17.652+0000] {processor.py:161} INFO - Started process (PID=1208) to work on /opt/airflow/dags/trade_fish_dag.py
[2026-04-11T01:00:17.654+0000] {processor.py:830} INFO - Processing file /opt/airflow/dags/trade_fish_dag.py for tasks to queue
[2026-04-11T01:00:17.655+0000] {logging_mixin.py:188} INFO - [2026-04-11T01:00:17.654+0000] {dagbag.py:538} INFO - Filling up the DagBag from /opt/airflow/dags/trade_fish_dag.py
[2026-04-11T01:00:18.096+0000] {processor.py:840} INFO - DAG(s) 'fish_trade_pipeline' retrieved from /opt/airflow/dags/trade_fish_dag.py
[2026-04-11T01:00:18.118+0000] {logging_mixin.py:188} INFO - [2026-04-11T01:00:18.118+0000] {dag.py:3036} INFO - Sync 1 DAGs
[2026-04-11T01:00:18.138+0000] {logging_mixin.py:188} INFO - [2026-04-11T01:00:18.137+0000] {dag.py:3823} INFO - Setting next_dagrun for fish_trade_pipeline to 2026-05-01 10:00:00+00:00, run_after=2026-06-01 10:00:00+00:00
[2026-04-11T01:00:18.156+0000] {processor.py:183} INFO - Processing /opt/airflow/dags/trade_fish_dag.py took 0.507 seconds
[2026-04-11T01:01:39.248+0000] {processor.py:161} INFO - Started process (PID=166) to work on /opt/airflow/dags/trade_fish_dag.py
[2026-04-11T01:01:39.249+0000] {processor.py:830} INFO - Processing file /opt/airflow/dags/trade_fish_dag.py for tasks to queue
[2026-04-11T01:01:39.251+0000] {logging_mixin.py:188} INFO - [2026-04-11T01:01:39.250+0000] {dagbag.py:538} INFO - Filling up the DagBag from /opt/airflow/dags/trade_fish_dag.py
[2026-04-11T01:01:40.375+0000] {processor.py:840} INFO - DAG(s) 'fish_trade_pipeline' retrieved from /opt/airflow/dags/trade_fish_dag.py
[2026-04-11T01:01:40.543+0000] {logging_mixin.py:188} INFO - [2026-04-11T01:01:40.542+0000] {override.py:1769} INFO - Created Permission View: can read on DAG:fish_trade_pipeline
[2026-04-11T01:01:40.551+0000] {logging_mixin.py:188} INFO - [2026-04-11T01:01:40.551+0000] {override.py:1769} INFO - Created Permission View: can delete on DAG:fish_trade_pipeline
[2026-04-11T01:01:40.559+0000] {logging_mixin.py:188} INFO - [2026-04-11T01:01:40.558+0000] {override.py:1769} INFO - Created Permission View: can edit on DAG:fish_trade_pipeline
[2026-04-11T01:01:40.560+0000] {logging_mixin.py:188} INFO - [2026-04-11T01:01:40.559+0000] {dag.py:3036} INFO - Sync 1 DAGs
[2026-04-11T01:01:40.569+0000] {logging_mixin.py:188} INFO - [2026-04-11T01:01:40.568+0000] {dag.py:3058} INFO - Creating ORM DAG for fish_trade_pipeline
[2026-04-11T01:01:40.577+0000] {logging_mixin.py:188} INFO - [2026-04-11T01:01:40.577+0000] {dag.py:3823} INFO - Setting next_dagrun for fish_trade_pipeline to 2026-05-01 10:00:00+00:00, run_after=2026-06-01 10:00:00+00:00
[2026-04-11T01:01:40.600+0000] {processor.py:183} INFO - Processing /opt/airflow/dags/trade_fish_dag.py took 1.356 seconds
[2026-04-11T01:02:10.835+0000] {processor.py:161} INFO - Started process (PID=178) to work on /opt/airflow/dags/trade_fish_dag.py
[2026-04-11T01:02:10.837+0000] {processor.py:830} INFO - Processing file /opt/airflow/dags/trade_fish_dag.py for tasks to queue
[2026-04-11T01:02:10.838+0000] {logging_mixin.py:188} INFO - [2026-04-11T01:02:10.838+0000] {dagbag.py:538} INFO - Filling up the DagBag from /opt/airflow/dags/trade_fish_dag.py
[2026-04-11T01:02:11.353+0000] {processor.py:840} INFO - DAG(s) 'fish_trade_pipeline' retrieved from /opt/airflow/dags/trade_fish_dag.py
[2026-04-11T01:02:11.377+0000] {logging_mixin.py:188} INFO - [2026-04-11T01:02:11.376+0000] {dag.py:3036} INFO - Sync 1 DAGs
[2026-04-11T01:02:11.393+0000] {logging_mixin.py:188} INFO - [2026-04-11T01:02:11.393+0000] {dag.py:3823} INFO - Setting next_dagrun for fish_trade_pipeline to 2026-05-01 10:00:00+00:00, run_after=2026-06-01 10:00:00+00:00
[2026-04-11T01:02:11.459+0000] {processor.py:183} INFO - Processing /opt/airflow/dags/trade_fish_dag.py took 0.628 seconds
[2026-04-11T01:02:41.651+0000] {processor.py:161} INFO - Started process (PID=235) to work on /opt/airflow/dags/trade_fish_dag.py
[2026-04-11T01:02:41.652+0000] {processor.py:830} INFO - Processing file /opt/airflow/dags/trade_fish_dag.py for tasks to queue
[2026-04-11T01:02:41.653+0000] {logging_mixin.py:188} INFO - [2026-04-11T01:02:41.653+0000] {dagbag.py:538} INFO - Filling up the DagBag from /opt/airflow/dags/trade_fish_dag.py
[2026-04-11T01:02:42.118+0000] {processor.py:840} INFO - DAG(s) 'fish_trade_pipeline' retrieved from /opt/airflow/dags/trade_fish_dag.py
[2026-04-11T01:02:42.139+0000] {logging_mixin.py:188} INFO - [2026-04-11T01:02:42.139+0000] {dag.py:3036} INFO - Sync 1 DAGs
[2026-04-11T01:02:42.157+0000] {logging_mixin.py:188} INFO - [2026-04-11T01:02:42.157+0000] {dag.py:3823} INFO - Setting next_dagrun for fish_trade_pipeline to 2026-05-01 10:00:00+00:00, run_after=2026-06-01 10:00:00+00:00
[2026-04-11T01:02:42.175+0000] {processor.py:183} INFO - Processing /opt/airflow/dags/trade_fish_dag.py took 0.526 seconds
[2026-04-11T01:03:12.390+0000] {processor.py:161} INFO - Started process (PID=293) to work on /opt/airflow/dags/trade_fish_dag.py
[2026-04-11T01:03:12.391+0000] {processor.py:830} INFO - Processing file /opt/airflow/dags/trade_fish_dag.py for tasks to queue
[2026-04-11T01:03:12.393+0000] {logging_mixin.py:188} INFO - [2026-04-11T01:03:12.392+0000] {dagbag.py:538} INFO - Filling up the DagBag from /opt/airflow/dags/trade_fish_dag.py
[2026-04-11T01:03:12.904+0000] {processor.py:840} INFO - DAG(s) 'fish_trade_pipeline' retrieved from /opt/airflow/dags/trade_fish_dag.py
[2026-04-11T01:03:12.926+0000] {logging_mixin.py:188} INFO - [2026-04-11T01:03:12.926+0000] {dag.py:3036} INFO - Sync 1 DAGs
[2026-04-11T01:03:12.943+0000] {logging_mixin.py:188} INFO - [2026-04-11T01:03:12.943+0000] {dag.py:3823} INFO - Setting next_dagrun for fish_trade_pipeline to 2026-05-01 10:00:00+00:00, run_after=2026-06-01 10:00:00+00:00
[2026-04-11T01:03:12.960+0000] {processor.py:183} INFO - Processing /opt/airflow/dags/trade_fish_dag.py took 0.573 seconds
[2026-04-11T01:03:43.168+0000] {processor.py:161} INFO - Started process (PID=305) to work on /opt/airflow/dags/trade_fish_dag.py
[2026-04-11T01:03:43.169+0000] {processor.py:830} INFO - Processing file /opt/airflow/dags/trade_fish_dag.py for tasks to queue
[2026-04-11T01:03:43.170+0000] {logging_mixin.py:188} INFO - [2026-04-11T01:03:43.170+0000] {dagbag.py:538} INFO - Filling up the DagBag from /opt/airflow/dags/trade_fish_dag.py
[2026-04-11T01:03:43.654+0000] {processor.py:840} INFO - DAG(s) 'fish_trade_pipeline' retrieved from /opt/airflow/dags/trade_fish_dag.py
[2026-04-11T01:03:43.676+0000] {logging_mixin.py:188} INFO - [2026-04-11T01:03:43.675+0000] {dag.py:3036} INFO - Sync 1 DAGs
[2026-04-11T01:03:43.693+0000] {logging_mixin.py:188} INFO - [2026-04-11T01:03:43.692+0000] {dag.py:3823} INFO - Setting next_dagrun for fish_trade_pipeline to 2026-05-01 10:00:00+00:00, run_after=2026-06-01 10:00:00+00:00
[2026-04-11T01:03:43.712+0000] {processor.py:183} INFO - Processing /opt/airflow/dags/trade_fish_dag.py took 0.547 seconds
[2026-04-11T01:04:13.999+0000] {processor.py:161} INFO - Started process (PID=317) to work on /opt/airflow/dags/trade_fish_dag.py
[2026-04-11T01:04:14.007+0000] {processor.py:830} INFO - Processing file /opt/airflow/dags/trade_fish_dag.py for tasks to queue
[2026-04-11T01:04:14.010+0000] {logging_mixin.py:188} INFO - [2026-04-11T01:04:14.009+0000] {dagbag.py:538} INFO - Filling up the DagBag from /opt/airflow/dags/trade_fish_dag.py
[2026-04-11T01:04:14.672+0000] {processor.py:840} INFO - DAG(s) 'fish_trade_pipeline' retrieved from /opt/airflow/dags/trade_fish_dag.py
[2026-04-11T01:04:14.696+0000] {logging_mixin.py:188} INFO - [2026-04-11T01:04:14.696+0000] {dag.py:3036} INFO - Sync 1 DAGs
[2026-04-11T01:04:14.714+0000] {logging_mixin.py:188} INFO - [2026-04-11T01:04:14.714+0000] {dag.py:3823} INFO - Setting next_dagrun for fish_trade_pipeline to 2026-05-01 10:00:00+00:00, run_after=2026-06-01 10:00:00+00:00
[2026-04-11T01:04:14.736+0000] {processor.py:183} INFO - Processing /opt/airflow/dags/trade_fish_dag.py took 0.761 seconds
[2026-04-11T01:04:44.949+0000] {processor.py:161} INFO - Started process (PID=329) to work on /opt/airflow/dags/trade_fish_dag.py
[2026-04-11T01:04:44.950+0000] {processor.py:830} INFO - Processing file /opt/airflow/dags/trade_fish_dag.py for tasks to queue
[2026-04-11T01:04:44.952+0000] {logging_mixin.py:188} INFO - [2026-04-11T01:04:44.951+0000] {dagbag.py:538} INFO - Filling up the DagBag from /opt/airflow/dags/trade_fish_dag.py
[2026-04-11T01:04:45.405+0000] {processor.py:840} INFO - DAG(s) 'fish_trade_pipeline' retrieved from /opt/airflow/dags/trade_fish_dag.py
[2026-04-11T01:04:45.428+0000] {logging_mixin.py:188} INFO - [2026-04-11T01:04:45.428+0000] {dag.py:3036} INFO - Sync 1 DAGs
[2026-04-11T01:04:45.444+0000] {logging_mixin.py:188} INFO - [2026-04-11T01:04:45.444+0000] {dag.py:3823} INFO - Setting next_dagrun for fish_trade_pipeline to 2026-05-01 10:00:00+00:00, run_after=2026-06-01 10:00:00+00:00
[2026-04-11T01:04:45.463+0000] {processor.py:183} INFO - Processing /opt/airflow/dags/trade_fish_dag.py took 0.518 seconds
[2026-04-11T01:05:15.688+0000] {processor.py:161} INFO - Started process (PID=341) to work on /opt/airflow/dags/trade_fish_dag.py
[2026-04-11T01:05:15.690+0000] {processor.py:830} INFO - Processing file /opt/airflow/dags/trade_fish_dag.py for tasks to queue
[2026-04-11T01:05:15.692+0000] {logging_mixin.py:188} INFO - [2026-04-11T01:05:15.691+0000] {dagbag.py:538} INFO - Filling up the DagBag from /opt/airflow/dags/trade_fish_dag.py
[2026-04-11T01:05:16.179+0000] {processor.py:840} INFO - DAG(s) 'fish_trade_pipeline' retrieved from /opt/airflow/dags/trade_fish_dag.py
[2026-04-11T01:05:16.202+0000] {logging_mixin.py:188} INFO - [2026-04-11T01:05:16.202+0000] {dag.py:3036} INFO - Sync 1 DAGs
[2026-04-11T01:05:16.220+0000] {logging_mixin.py:188} INFO - [2026-04-11T01:05:16.220+0000] {dag.py:3823} INFO - Setting next_dagrun for fish_trade_pipeline to 2026-05-01 10:00:00+00:00, run_after=2026-06-01 10:00:00+00:00
[2026-04-11T01:05:16.253+0000] {processor.py:183} INFO - Processing /opt/airflow/dags/trade_fish_dag.py took 0.567 seconds
[2026-04-11T01:05:46.487+0000] {processor.py:161} INFO - Started process (PID=353) to work on /opt/airflow/dags/trade_fish_dag.py
[2026-04-11T01:05:46.489+0000] {processor.py:830} INFO - Processing file /opt/airflow/dags/trade_fish_dag.py for tasks to queue
[2026-04-11T01:05:46.490+0000] {logging_mixin.py:188} INFO - [2026-04-11T01:05:46.490+0000] {dagbag.py:538} INFO - Filling up the DagBag from /opt/airflow/dags/trade_fish_dag.py
[2026-04-11T01:05:46.963+0000] {processor.py:840} INFO - DAG(s) 'fish_trade_pipeline' retrieved from /opt/airflow/dags/trade_fish_dag.py
[2026-04-11T01:05:47.031+0000] {logging_mixin.py:188} INFO - [2026-04-11T01:05:47.030+0000] {dag.py:3036} INFO - Sync 1 DAGs
[2026-04-11T01:05:47.049+0000] {logging_mixin.py:188} INFO - [2026-04-11T01:05:47.049+0000] {dag.py:3823} INFO - Setting next_dagrun for fish_trade_pipeline to 2026-05-01 10:00:00+00:00, run_after=2026-06-01 10:00:00+00:00
[2026-04-11T01:05:47.065+0000] {processor.py:183} INFO - Processing /opt/airflow/dags/trade_fish_dag.py took 0.582 seconds
[2026-04-11T01:06:17.296+0000] {processor.py:161} INFO - Started process (PID=365) to work on /opt/airflow/dags/trade_fish_dag.py
[2026-04-11T01:06:17.304+0000] {processor.py:830} INFO - Processing file /opt/airflow/dags/trade_fish_dag.py for tasks to queue
[2026-04-11T01:06:17.306+0000] {logging_mixin.py:188} INFO - [2026-04-11T01:06:17.306+0000] {dagbag.py:538} INFO - Filling up the DagBag from /opt/airflow/dags/trade_fish_dag.py
[2026-04-11T01:06:17.740+0000] {processor.py:840} INFO - DAG(s) 'fish_trade_pipeline' retrieved from /opt/airflow/dags/trade_fish_dag.py
[2026-04-11T01:06:17.763+0000] {logging_mixin.py:188} INFO - [2026-04-11T01:06:17.763+0000] {dag.py:3036} INFO - Sync 1 DAGs
[2026-04-11T01:06:17.778+0000] {logging_mixin.py:188} INFO - [2026-04-11T01:06:17.778+0000] {dag.py:3823} INFO - Setting next_dagrun for fish_trade_pipeline to 2026-05-01 10:00:00+00:00, run_after=2026-06-01 10:00:00+00:00
[2026-04-11T01:06:17.846+0000] {processor.py:183} INFO - Processing /opt/airflow/dags/trade_fish_dag.py took 0.562 seconds
[2026-04-11T01:06:48.074+0000] {processor.py:161} INFO - Started process (PID=377) to work on /opt/airflow/dags/trade_fish_dag.py
[2026-04-11T01:06:48.076+0000] {processor.py:830} INFO - Processing file /opt/airflow/dags/trade_fish_dag.py for tasks to queue
[2026-04-11T01:06:48.077+0000] {logging_mixin.py:188} INFO - [2026-04-11T01:06:48.077+0000] {dagbag.py:538} INFO - Filling up the DagBag from /opt/airflow/dags/trade_fish_dag.py
[2026-04-11T01:06:48.540+0000] {processor.py:840} INFO - DAG(s) 'fish_trade_pipeline' retrieved from /opt/airflow/dags/trade_fish_dag.py
[2026-04-11T01:06:48.562+0000] {logging_mixin.py:188} INFO - [2026-04-11T01:06:48.561+0000] {dag.py:3036} INFO - Sync 1 DAGs
[2026-04-11T01:06:48.578+0000] {logging_mixin.py:188} INFO - [2026-04-11T01:06:48.578+0000] {dag.py:3823} INFO - Setting next_dagrun for fish_trade_pipeline to 2026-05-01 10:00:00+00:00, run_after=2026-06-01 10:00:00+00:00
[2026-04-11T01:06:48.597+0000] {processor.py:183} INFO - Processing /opt/airflow/dags/trade_fish_dag.py took 0.525 seconds
[2026-04-11T01:07:18.688+0000] {processor.py:161} INFO - Started process (PID=389) to work on /opt/airflow/dags/trade_fish_dag.py
[2026-04-11T01:07:18.689+0000] {processor.py:830} INFO - Processing file /opt/airflow/dags/trade_fish_dag.py for tasks to queue
[2026-04-11T01:07:18.691+0000] {logging_mixin.py:188} INFO - [2026-04-11T01:07:18.690+0000] {dagbag.py:538} INFO - Filling up the DagBag from /opt/airflow/dags/trade_fish_dag.py
[2026-04-11T01:07:19.253+0000] {processor.py:840} INFO - DAG(s) 'fish_trade_pipeline' retrieved from /opt/airflow/dags/trade_fish_dag.py
[2026-04-11T01:07:19.294+0000] {logging_mixin.py:188} INFO - [2026-04-11T01:07:19.294+0000] {dag.py:3036} INFO - Sync 1 DAGs
[2026-04-11T01:07:19.312+0000] {logging_mixin.py:188} INFO - [2026-04-11T01:07:19.311+0000] {dag.py:3823} INFO - Setting next_dagrun for fish_trade_pipeline to 2026-05-01 10:00:00+00:00, run_after=2026-06-01 10:00:00+00:00
[2026-04-11T01:07:19.331+0000] {processor.py:183} INFO - Processing /opt/airflow/dags/trade_fish_dag.py took 0.646 seconds
[2026-04-11T01:07:49.580+0000] {processor.py:161} INFO - Started process (PID=401) to work on /opt/airflow/dags/trade_fish_dag.py
[2026-04-11T01:07:49.582+0000] {processor.py:830} INFO - Processing file /opt/airflow/dags/trade_fish_dag.py for tasks to queue
[2026-04-11T01:07:49.584+0000] {logging_mixin.py:188} INFO - [2026-04-11T01:07:49.583+0000] {dagbag.py:538} INFO - Filling up the DagBag from /opt/airflow/dags/trade_fish_dag.py
[2026-04-11T01:07:50.182+0000] {processor.py:840} INFO - DAG(s) 'fish_trade_pipeline' retrieved from /opt/airflow/dags/trade_fish_dag.py
[2026-04-11T01:07:50.214+0000] {logging_mixin.py:188} INFO - [2026-04-11T01:07:50.213+0000] {dag.py:3036} INFO - Sync 1 DAGs
[2026-04-11T01:07:50.231+0000] {logging_mixin.py:188} INFO - [2026-04-11T01:07:50.231+0000] {dag.py:3823} INFO - Setting next_dagrun for fish_trade_pipeline to 2026-05-01 10:00:00+00:00, run_after=2026-06-01 10:00:00+00:00
[2026-04-11T01:07:50.304+0000] {processor.py:183} INFO - Processing /opt/airflow/dags/trade_fish_dag.py took 0.729 seconds
[2026-04-11T01:08:20.524+0000] {processor.py:161} INFO - Started process (PID=413) to work on /opt/airflow/dags/trade_fish_dag.py
[2026-04-11T01:08:20.526+0000] {processor.py:830} INFO - Processing file /opt/airflow/dags/trade_fish_dag.py for tasks to queue
[2026-04-11T01:08:20.528+0000] {logging_mixin.py:188} INFO - [2026-04-11T01:08:20.527+0000] {dagbag.py:538} INFO - Filling up the DagBag from /opt/airflow/dags/trade_fish_dag.py
[2026-04-11T01:08:20.962+0000] {processor.py:840} INFO - DAG(s) 'fish_trade_pipeline' retrieved from /opt/airflow/dags/trade_fish_dag.py
[2026-04-11T01:08:20.987+0000] {logging_mixin.py:188} INFO - [2026-04-11T01:08:20.987+0000] {dag.py:3036} INFO - Sync 1 DAGs
[2026-04-11T01:08:21.004+0000] {logging_mixin.py:188} INFO - [2026-04-11T01:08:21.004+0000] {dag.py:3823} INFO - Setting next_dagrun for fish_trade_pipeline to 2026-05-01 10:00:00+00:00, run_after=2026-06-01 10:00:00+00:00
[2026-04-11T01:08:21.021+0000] {processor.py:183} INFO - Processing /opt/airflow/dags/trade_fish_dag.py took 0.500 seconds
[2026-04-11T01:08:51.241+0000] {processor.py:161} INFO - Started process (PID=425) to work on /opt/airflow/dags/trade_fish_dag.py
[2026-04-11T01:08:51.243+0000] {processor.py:830} INFO - Processing file /opt/airflow/dags/trade_fish_dag.py for tasks to queue
[2026-04-11T01:08:51.244+0000] {logging_mixin.py:188} INFO - [2026-04-11T01:08:51.243+0000] {dagbag.py:538} INFO - Filling up the DagBag from /opt/airflow/dags/trade_fish_dag.py
[2026-04-11T01:08:51.702+0000] {processor.py:840} INFO - DAG(s) 'fish_trade_pipeline' retrieved from /opt/airflow/dags/trade_fish_dag.py
[2026-04-11T01:08:51.724+0000] {logging_mixin.py:188} INFO - [2026-04-11T01:08:51.724+0000] {dag.py:3036} INFO - Sync 1 DAGs
[2026-04-11T01:08:51.739+0000] {logging_mixin.py:188} INFO - [2026-04-11T01:08:51.739+0000] {dag.py:3823} INFO - Setting next_dagrun for fish_trade_pipeline to 2026-05-01 10:00:00+00:00, run_after=2026-06-01 10:00:00+00:00
[2026-04-11T01:08:51.755+0000] {processor.py:183} INFO - Processing /opt/airflow/dags/trade_fish_dag.py took 0.517 seconds
[2026-04-11T01:09:21.910+0000] {processor.py:161} INFO - Started process (PID=437) to work on /opt/airflow/dags/trade_fish_dag.py
[2026-04-11T01:09:21.911+0000] {processor.py:830} INFO - Processing file /opt/airflow/dags/trade_fish_dag.py for tasks to queue
[2026-04-11T01:09:21.913+0000] {logging_mixin.py:188} INFO - [2026-04-11T01:09:21.913+0000] {dagbag.py:538} INFO - Filling up the DagBag from /opt/airflow/dags/trade_fish_dag.py
[2026-04-11T01:09:22.396+0000] {processor.py:840} INFO - DAG(s) 'fish_trade_pipeline' retrieved from /opt/airflow/dags/trade_fish_dag.py
[2026-04-11T01:09:22.422+0000] {logging_mixin.py:188} INFO - [2026-04-11T01:09:22.421+0000] {dag.py:3036} INFO - Sync 1 DAGs
[2026-04-11T01:09:22.440+0000] {logging_mixin.py:188} INFO - [2026-04-11T01:09:22.440+0000] {dag.py:3823} INFO - Setting next_dagrun for fish_trade_pipeline to 2026-05-01 10:00:00+00:00, run_after=2026-06-01 10:00:00+00:00
[2026-04-11T01:09:22.458+0000] {processor.py:183} INFO - Processing /opt/airflow/dags/trade_fish_dag.py took 0.551 seconds
[2026-04-11T01:09:52.687+0000] {processor.py:161} INFO - Started process (PID=449) to work on /opt/airflow/dags/trade_fish_dag.py
[2026-04-11T01:09:52.689+0000] {processor.py:830} INFO - Processing file /opt/airflow/dags/trade_fish_dag.py for tasks to queue
[2026-04-11T01:09:52.690+0000] {logging_mixin.py:188} INFO - [2026-04-11T01:09:52.690+0000] {dagbag.py:538} INFO - Filling up the DagBag from /opt/airflow/dags/trade_fish_dag.py
[2026-04-11T01:09:53.233+0000] {processor.py:840} INFO - DAG(s) 'fish_trade_pipeline' retrieved from /opt/airflow/dags/trade_fish_dag.py
[2026-04-11T01:09:53.271+0000] {logging_mixin.py:188} INFO - [2026-04-11T01:09:53.271+0000] {dag.py:3036} INFO - Sync 1 DAGs
[2026-04-11T01:09:53.291+0000] {logging_mixin.py:188} INFO - [2026-04-11T01:09:53.291+0000] {dag.py:3823} INFO - Setting next_dagrun for fish_trade_pipeline to 2026-05-01 10:00:00+00:00, run_after=2026-06-01 10:00:00+00:00
[2026-04-11T01:09:53.312+0000] {processor.py:183} INFO - Processing /opt/airflow/dags/trade_fish_dag.py took 0.629 seconds
[2026-04-11T01:10:23.532+0000] {processor.py:161} INFO - Started process (PID=461) to work on /opt/airflow/dags/trade_fish_dag.py
[2026-04-11T01:10:23.533+0000] {processor.py:830} INFO - Processing file /opt/airflow/dags/trade_fish_dag.py for tasks to queue
[2026-04-11T01:10:23.535+0000] {logging_mixin.py:188} INFO - [2026-04-11T01:10:23.534+0000] {dagbag.py:538} INFO - Filling up the DagBag from /opt/airflow/dags/trade_fish_dag.py
[2026-04-11T01:10:24.028+0000] {processor.py:840} INFO - DAG(s) 'fish_trade_pipeline' retrieved from /opt/airflow/dags/trade_fish_dag.py
[2026-04-11T01:10:24.057+0000] {logging_mixin.py:188} INFO - [2026-04-11T01:10:24.056+0000] {dag.py:3036} INFO - Sync 1 DAGs
[2026-04-11T01:10:24.074+0000] {logging_mixin.py:188} INFO - [2026-04-11T01:10:24.074+0000] {dag.py:3823} INFO - Setting next_dagrun for fish_trade_pipeline to 2026-05-01 10:00:00+00:00, run_after=2026-06-01 10:00:00+00:00
[2026-04-11T01:10:24.092+0000] {processor.py:183} INFO - Processing /opt/airflow/dags/trade_fish_dag.py took 0.563 seconds
[2026-04-11T01:10:54.342+0000] {processor.py:161} INFO - Started process (PID=473) to work on /opt/airflow/dags/trade_fish_dag.py
[2026-04-11T01:10:54.343+0000] {processor.py:830} INFO - Processing file /opt/airflow/dags/trade_fish_dag.py for tasks to queue
[2026-04-11T01:10:54.345+0000] {logging_mixin.py:188} INFO - [2026-04-11T01:10:54.344+0000] {dagbag.py:538} INFO - Filling up the DagBag from /opt/airflow/dags/trade_fish_dag.py
[2026-04-11T01:10:54.845+0000] {processor.py:840} INFO - DAG(s) 'fish_trade_pipeline' retrieved from /opt/airflow/dags/trade_fish_dag.py
[2026-04-11T01:10:54.874+0000] {logging_mixin.py:188} INFO - [2026-04-11T01:10:54.873+0000] {dag.py:3036} INFO - Sync 1 DAGs
[2026-04-11T01:10:54.892+0000] {logging_mixin.py:188} INFO - [2026-04-11T01:10:54.892+0000] {dag.py:3823} INFO - Setting next_dagrun for fish_trade_pipeline to 2026-05-01 10:00:00+00:00, run_after=2026-06-01 10:00:00+00:00
[2026-04-11T01:10:54.912+0000] {processor.py:183} INFO - Processing /opt/airflow/dags/trade_fish_dag.py took 0.573 seconds
[2026-04-11T01:11:25.137+0000] {processor.py:161} INFO - Started process (PID=485) to work on /opt/airflow/dags/trade_fish_dag.py
[2026-04-11T01:11:25.139+0000] {processor.py:830} INFO - Processing file /opt/airflow/dags/trade_fish_dag.py for tasks to queue
[2026-04-11T01:11:25.140+0000] {logging_mixin.py:188} INFO - [2026-04-11T01:11:25.140+0000] {dagbag.py:538} INFO - Filling up the DagBag from /opt/airflow/dags/trade_fish_dag.py
[2026-04-11T01:11:25.663+0000] {processor.py:840} INFO - DAG(s) 'fish_trade_pipeline' retrieved from /opt/airflow/dags/trade_fish_dag.py
[2026-04-11T01:11:25.697+0000] {logging_mixin.py:188} INFO - [2026-04-11T01:11:25.696+0000] {dag.py:3036} INFO - Sync 1 DAGs
[2026-04-11T01:11:25.715+0000] {logging_mixin.py:188} INFO - [2026-04-11T01:11:25.715+0000] {dag.py:3823} INFO - Setting next_dagrun for fish_trade_pipeline to 2026-05-01 10:00:00+00:00, run_after=2026-06-01 10:00:00+00:00
[2026-04-11T01:11:25.737+0000] {processor.py:183} INFO - Processing /opt/airflow/dags/trade_fish_dag.py took 0.603 seconds
[2026-04-11T01:12:26.830+0000] {processor.py:161} INFO - Started process (PID=509) to work on /opt/airflow/dags/trade_fish_dag.py
[2026-04-11T01:12:26.832+0000] {processor.py:830} INFO - Processing file /opt/airflow/dags/trade_fish_dag.py for tasks to queue
[2026-04-11T01:12:26.834+0000] {logging_mixin.py:188} INFO - [2026-04-11T01:12:26.833+0000] {dagbag.py:538} INFO - Filling up the DagBag from /opt/airflow/dags/trade_fish_dag.py
[2026-04-11T01:12:27.338+0000] {processor.py:840} INFO - DAG(s) 'fish_trade_pipeline' retrieved from /opt/airflow/dags/trade_fish_dag.py
[2026-04-11T01:12:27.362+0000] {logging_mixin.py:188} INFO - [2026-04-11T01:12:27.362+0000] {dag.py:3036} INFO - Sync 1 DAGs
[2026-04-11T01:12:27.380+0000] {logging_mixin.py:188} INFO - [2026-04-11T01:12:27.379+0000] {dag.py:3823} INFO - Setting next_dagrun for fish_trade_pipeline to 2026-05-01 10:00:00+00:00, run_after=2026-06-01 10:00:00+00:00
[2026-04-11T01:12:27.401+0000] {processor.py:183} INFO - Processing /opt/airflow/dags/trade_fish_dag.py took 0.575 seconds
[2026-04-11T01:12:57.640+0000] {processor.py:161} INFO - Started process (PID=521) to work on /opt/airflow/dags/trade_fish_dag.py
[2026-04-11T01:12:57.642+0000] {processor.py:830} INFO - Processing file /opt/airflow/dags/trade_fish_dag.py for tasks to queue
[2026-04-11T01:12:57.643+0000] {logging_mixin.py:188} INFO - [2026-04-11T01:12:57.643+0000] {dagbag.py:538} INFO - Filling up the DagBag from /opt/airflow/dags/trade_fish_dag.py
[2026-04-11T01:12:58.142+0000] {processor.py:840} INFO - DAG(s) 'fish_trade_pipeline' retrieved from /opt/airflow/dags/trade_fish_dag.py
[2026-04-11T01:12:58.167+0000] {logging_mixin.py:188} INFO - [2026-04-11T01:12:58.167+0000] {dag.py:3036} INFO - Sync 1 DAGs
[2026-04-11T01:12:58.187+0000] {logging_mixin.py:188} INFO - [2026-04-11T01:12:58.187+0000] {dag.py:3823} INFO - Setting next_dagrun for fish_trade_pipeline to 2026-05-01 10:00:00+00:00, run_after=2026-06-01 10:00:00+00:00
[2026-04-11T01:12:58.206+0000] {processor.py:183} INFO - Processing /opt/airflow/dags/trade_fish_dag.py took 0.571 seconds
[2026-04-11T01:13:28.519+0000] {processor.py:161} INFO - Started process (PID=532) to work on /opt/airflow/dags/trade_fish_dag.py
[2026-04-11T01:13:28.539+0000] {processor.py:830} INFO - Processing file /opt/airflow/dags/trade_fish_dag.py for tasks to queue
[2026-04-11T01:13:28.550+0000] {logging_mixin.py:188} INFO - [2026-04-11T01:13:28.545+0000] {dagbag.py:538} INFO - Filling up the DagBag from /opt/airflow/dags/trade_fish_dag.py
[2026-04-11T01:13:30.663+0000] {processor.py:840} INFO - DAG(s) 'fish_trade_pipeline' retrieved from /opt/airflow/dags/trade_fish_dag.py
[2026-04-11T01:13:30.748+0000] {logging_mixin.py:188} INFO - [2026-04-11T01:13:30.748+0000] {dag.py:3036} INFO - Sync 1 DAGs
[2026-04-11T01:13:30.796+0000] {logging_mixin.py:188} INFO - [2026-04-11T01:13:30.796+0000] {dag.py:3823} INFO - Setting next_dagrun for fish_trade_pipeline to 2026-05-01 10:00:00+00:00, run_after=2026-06-01 10:00:00+00:00
[2026-04-11T01:13:30.827+0000] {processor.py:183} INFO - Processing /opt/airflow/dags/trade_fish_dag.py took 2.406 seconds
[2026-04-11T01:14:01.071+0000] {processor.py:161} INFO - Started process (PID=544) to work on /opt/airflow/dags/trade_fish_dag.py
[2026-04-11T01:14:01.073+0000] {processor.py:830} INFO - Processing file /opt/airflow/dags/trade_fish_dag.py for tasks to queue
[2026-04-11T01:14:01.074+0000] {logging_mixin.py:188} INFO - [2026-04-11T01:14:01.074+0000] {dagbag.py:538} INFO - Filling up the DagBag from /opt/airflow/dags/trade_fish_dag.py
[2026-04-11T01:14:01.667+0000] {processor.py:840} INFO - DAG(s) 'fish_trade_pipeline' retrieved from /opt/airflow/dags/trade_fish_dag.py
[2026-04-11T01:14:01.689+0000] {logging_mixin.py:188} INFO - [2026-04-11T01:14:01.688+0000] {dag.py:3036} INFO - Sync 1 DAGs
[2026-04-11T01:14:01.704+0000] {logging_mixin.py:188} INFO - [2026-04-11T01:14:01.704+0000] {dag.py:3823} INFO - Setting next_dagrun for fish_trade_pipeline to 2026-05-01 10:00:00+00:00, run_after=2026-06-01 10:00:00+00:00
[2026-04-11T01:14:01.721+0000] {processor.py:183} INFO - Processing /opt/airflow/dags/trade_fish_dag.py took 0.654 seconds
[2026-04-11T01:14:31.814+0000] {processor.py:161} INFO - Started process (PID=556) to work on /opt/airflow/dags/trade_fish_dag.py
[2026-04-11T01:14:31.815+0000] {processor.py:830} INFO - Processing file /opt/airflow/dags/trade_fish_dag.py for tasks to queue
[2026-04-11T01:14:31.817+0000] {logging_mixin.py:188} INFO - [2026-04-11T01:14:31.816+0000] {dagbag.py:538} INFO - Filling up the DagBag from /opt/airflow/dags/trade_fish_dag.py
[2026-04-11T01:14:32.287+0000] {processor.py:840} INFO - DAG(s) 'fish_trade_pipeline' retrieved from /opt/airflow/dags/trade_fish_dag.py
[2026-04-11T01:14:32.310+0000] {logging_mixin.py:188} INFO - [2026-04-11T01:14:32.310+0000] {dag.py:3036} INFO - Sync 1 DAGs
[2026-04-11T01:14:32.326+0000] {logging_mixin.py:188} INFO - [2026-04-11T01:14:32.325+0000] {dag.py:3823} INFO - Setting next_dagrun for fish_trade_pipeline to 2026-05-01 10:00:00+00:00, run_after=2026-06-01 10:00:00+00:00
[2026-04-11T01:14:32.341+0000] {processor.py:183} INFO - Processing /opt/airflow/dags/trade_fish_dag.py took 0.531 seconds
[2026-04-11T01:15:02.544+0000] {processor.py:161} INFO - Started process (PID=568) to work on /opt/airflow/dags/trade_fish_dag.py
[2026-04-11T01:15:02.546+0000] {processor.py:830} INFO - Processing file /opt/airflow/dags/trade_fish_dag.py for tasks to queue
[2026-04-11T01:15:02.548+0000] {logging_mixin.py:188} INFO - [2026-04-11T01:15:02.547+0000] {dagbag.py:538} INFO - Filling up the DagBag from /opt/airflow/dags/trade_fish_dag.py
[2026-04-11T01:15:03.036+0000] {processor.py:840} INFO - DAG(s) 'fish_trade_pipeline' retrieved from /opt/airflow/dags/trade_fish_dag.py
[2026-04-11T01:15:03.059+0000] {logging_mixin.py:188} INFO - [2026-04-11T01:15:03.058+0000] {dag.py:3036} INFO - Sync 1 DAGs
[2026-04-11T01:15:03.076+0000] {logging_mixin.py:188} INFO - [2026-04-11T01:15:03.075+0000] {dag.py:3823} INFO - Setting next_dagrun for fish_trade_pipeline to 2026-05-01 10:00:00+00:00, run_after=2026-06-01 10:00:00+00:00
[2026-04-11T01:15:03.095+0000] {processor.py:183} INFO - Processing /opt/airflow/dags/trade_fish_dag.py took 0.554 seconds
[2026-04-11T01:15:33.317+0000] {processor.py:161} INFO - Started process (PID=580) to work on /opt/airflow/dags/trade_fish_dag.py
[2026-04-11T01:15:33.318+0000] {processor.py:830} INFO - Processing file /opt/airflow/dags/trade_fish_dag.py for tasks to queue
[2026-04-11T01:15:33.320+0000] {logging_mixin.py:188} INFO - [2026-04-11T01:15:33.320+0000] {dagbag.py:538} INFO - Filling up the DagBag from /opt/airflow/dags/trade_fish_dag.py
[2026-04-11T01:15:33.771+0000] {processor.py:840} INFO - DAG(s) 'fish_trade_pipeline' retrieved from /opt/airflow/dags/trade_fish_dag.py
[2026-04-11T01:15:33.800+0000] {logging_mixin.py:188} INFO - [2026-04-11T01:15:33.799+0000] {dag.py:3036} INFO - Sync 1 DAGs
[2026-04-11T01:15:33.816+0000] {logging_mixin.py:188} INFO - [2026-04-11T01:15:33.816+0000] {dag.py:3823} INFO - Setting next_dagrun for fish_trade_pipeline to 2026-05-01 10:00:00+00:00, run_after=2026-06-01 10:00:00+00:00
[2026-04-11T01:15:33.835+0000] {processor.py:183} INFO - Processing /opt/airflow/dags/trade_fish_dag.py took 0.521 seconds
[2026-04-11T01:16:04.058+0000] {processor.py:161} INFO - Started process (PID=592) to work on /opt/airflow/dags/trade_fish_dag.py
[2026-04-11T01:16:04.060+0000] {processor.py:830} INFO - Processing file /opt/airflow/dags/trade_fish_dag.py for tasks to queue
[2026-04-11T01:16:04.061+0000] {logging_mixin.py:188} INFO - [2026-04-11T01:16:04.061+0000] {dagbag.py:538} INFO - Filling up the DagBag from /opt/airflow/dags/trade_fish_dag.py
[2026-04-11T01:16:04.549+0000] {processor.py:840} INFO - DAG(s) 'fish_trade_pipeline' retrieved from /opt/airflow/dags/trade_fish_dag.py
[2026-04-11T01:16:04.572+0000] {logging_mixin.py:188} INFO - [2026-04-11T01:16:04.572+0000] {dag.py:3036} INFO - Sync 1 DAGs
[2026-04-11T01:16:04.591+0000] {logging_mixin.py:188} INFO - [2026-04-11T01:16:04.591+0000] {dag.py:3823} INFO - Setting next_dagrun for fish_trade_pipeline to 2026-05-01 10:00:00+00:00, run_after=2026-06-01 10:00:00+00:00
[2026-04-11T01:16:04.664+0000] {processor.py:183} INFO - Processing /opt/airflow/dags/trade_fish_dag.py took 0.608 seconds
[2026-04-11T01:16:34.886+0000] {processor.py:161} INFO - Started process (PID=604) to work on /opt/airflow/dags/trade_fish_dag.py
[2026-04-11T01:16:34.887+0000] {processor.py:830} INFO - Processing file /opt/airflow/dags/trade_fish_dag.py for tasks to queue
[2026-04-11T01:16:34.888+0000] {logging_mixin.py:188} INFO - [2026-04-11T01:16:34.888+0000] {dagbag.py:538} INFO - Filling up the DagBag from /opt/airflow/dags/trade_fish_dag.py
[2026-04-11T01:16:35.334+0000] {processor.py:840} INFO - DAG(s) 'fish_trade_pipeline' retrieved from /opt/airflow/dags/trade_fish_dag.py
[2026-04-11T01:16:35.355+0000] {logging_mixin.py:188} INFO - [2026-04-11T01:16:35.354+0000] {dag.py:3036} INFO - Sync 1 DAGs
[2026-04-11T01:16:35.372+0000] {logging_mixin.py:188} INFO - [2026-04-11T01:16:35.372+0000] {dag.py:3823} INFO - Setting next_dagrun for fish_trade_pipeline to 2026-05-01 10:00:00+00:00, run_after=2026-06-01 10:00:00+00:00
[2026-04-11T01:16:35.400+0000] {processor.py:183} INFO - Processing /opt/airflow/dags/trade_fish_dag.py took 0.518 seconds
[2026-04-11T01:17:05.627+0000] {processor.py:161} INFO - Started process (PID=616) to work on /opt/airflow/dags/trade_fish_dag.py
[2026-04-11T01:17:05.629+0000] {processor.py:830} INFO - Processing file /opt/airflow/dags/trade_fish_dag.py for tasks to queue
[2026-04-11T01:17:05.630+0000] {logging_mixin.py:188} INFO - [2026-04-11T01:17:05.630+0000] {dagbag.py:538} INFO - Filling up the DagBag from /opt/airflow/dags/trade_fish_dag.py
[2026-04-11T01:17:06.142+0000] {processor.py:840} INFO - DAG(s) 'fish_trade_pipeline' retrieved from /opt/airflow/dags/trade_fish_dag.py
[2026-04-11T01:17:06.169+0000] {logging_mixin.py:188} INFO - [2026-04-11T01:17:06.168+0000] {dag.py:3036} INFO - Sync 1 DAGs
[2026-04-11T01:17:06.185+0000] {logging_mixin.py:188} INFO - [2026-04-11T01:17:06.185+0000] {dag.py:3823} INFO - Setting next_dagrun for fish_trade_pipeline to 2026-05-01 10:00:00+00:00, run_after=2026-06-01 10:00:00+00:00
[2026-04-11T01:17:06.200+0000] {processor.py:183} INFO - Processing /opt/airflow/dags/trade_fish_dag.py took 0.576 seconds
[2026-04-11T01:17:36.307+0000] {processor.py:161} INFO - Started process (PID=634) to work on /opt/airflow/dags/trade_fish_dag.py
[2026-04-11T01:17:36.308+0000] {processor.py:830} INFO - Processing file /opt/airflow/dags/trade_fish_dag.py for tasks to queue
[2026-04-11T01:17:36.310+0000] {logging_mixin.py:188} INFO - [2026-04-11T01:17:36.309+0000] {dagbag.py:538} INFO - Filling up the DagBag from /opt/airflow/dags/trade_fish_dag.py
[2026-04-11T01:17:36.764+0000] {processor.py:840} INFO - DAG(s) 'fish_trade_pipeline' retrieved from /opt/airflow/dags/trade_fish_dag.py
[2026-04-11T01:17:36.788+0000] {logging_mixin.py:188} INFO - [2026-04-11T01:17:36.788+0000] {dag.py:3036} INFO - Sync 1 DAGs
[2026-04-11T01:17:36.804+0000] {logging_mixin.py:188} INFO - [2026-04-11T01:17:36.804+0000] {dag.py:3823} INFO - Setting next_dagrun for fish_trade_pipeline to 2026-05-01 10:00:00+00:00, run_after=2026-06-01 10:00:00+00:00
[2026-04-11T01:17:36.821+0000] {processor.py:183} INFO - Processing /opt/airflow/dags/trade_fish_dag.py took 0.512 seconds
[2026-04-11T01:18:07.041+0000] {processor.py:161} INFO - Started process (PID=646) to work on /opt/airflow/dags/trade_fish_dag.py
[2026-04-11T01:18:07.042+0000] {processor.py:830} INFO - Processing file /opt/airflow/dags/trade_fish_dag.py for tasks to queue
[2026-04-11T01:18:07.043+0000] {logging_mixin.py:188} INFO - [2026-04-11T01:18:07.043+0000] {dagbag.py:538} INFO - Filling up the DagBag from /opt/airflow/dags/trade_fish_dag.py
[2026-04-11T01:18:07.478+0000] {processor.py:840} INFO - DAG(s) 'fish_trade_pipeline' retrieved from /opt/airflow/dags/trade_fish_dag.py
[2026-04-11T01:18:07.500+0000] {logging_mixin.py:188} INFO - [2026-04-11T01:18:07.499+0000] {dag.py:3036} INFO - Sync 1 DAGs
[2026-04-11T01:18:07.515+0000] {logging_mixin.py:188} INFO - [2026-04-11T01:18:07.515+0000] {dag.py:3823} INFO - Setting next_dagrun for fish_trade_pipeline to 2026-05-01 10:00:00+00:00, run_after=2026-06-01 10:00:00+00:00
[2026-04-11T01:18:07.531+0000] {processor.py:183} INFO - Processing /opt/airflow/dags/trade_fish_dag.py took 0.493 seconds
[2026-04-11T01:18:37.769+0000] {processor.py:161} INFO - Started process (PID=658) to work on /opt/airflow/dags/trade_fish_dag.py
[2026-04-11T01:18:37.770+0000] {processor.py:830} INFO - Processing file /opt/airflow/dags/trade_fish_dag.py for tasks to queue
[2026-04-11T01:18:37.772+0000] {logging_mixin.py:188} INFO - [2026-04-11T01:18:37.772+0000] {dagbag.py:538} INFO - Filling up the DagBag from /opt/airflow/dags/trade_fish_dag.py
[2026-04-11T01:18:38.217+0000] {processor.py:840} INFO - DAG(s) 'fish_trade_pipeline' retrieved from /opt/airflow/dags/trade_fish_dag.py
[2026-04-11T01:18:38.239+0000] {logging_mixin.py:188} INFO - [2026-04-11T01:18:38.238+0000] {dag.py:3036} INFO - Sync 1 DAGs
[2026-04-11T01:18:38.253+0000] {logging_mixin.py:188} INFO - [2026-04-11T01:18:38.253+0000] {dag.py:3823} INFO - Setting next_dagrun for fish_trade_pipeline to 2026-05-01 10:00:00+00:00, run_after=2026-06-01 10:00:00+00:00
[2026-04-11T01:18:38.270+0000] {processor.py:183} INFO - Processing /opt/airflow/dags/trade_fish_dag.py took 0.504 seconds
[2026-04-11T01:19:43.404+0000] {processor.py:161} INFO - Started process (PID=166) to work on /opt/airflow/dags/trade_fish_dag.py
[2026-04-11T01:19:43.406+0000] {processor.py:830} INFO - Processing file /opt/airflow/dags/trade_fish_dag.py for tasks to queue
[2026-04-11T01:19:43.407+0000] {logging_mixin.py:188} INFO - [2026-04-11T01:19:43.407+0000] {dagbag.py:538} INFO - Filling up the DagBag from /opt/airflow/dags/trade_fish_dag.py
[2026-04-11T01:19:44.602+0000] {processor.py:840} INFO - DAG(s) 'fish_trade_pipeline' retrieved from /opt/airflow/dags/trade_fish_dag.py
[2026-04-11T01:19:44.785+0000] {logging_mixin.py:188} INFO - [2026-04-11T01:19:44.785+0000] {override.py:1769} INFO - Created Permission View: can read on DAG:fish_trade_pipeline
[2026-04-11T01:19:44.793+0000] {logging_mixin.py:188} INFO - [2026-04-11T01:19:44.792+0000] {override.py:1769} INFO - Created Permission View: can edit on DAG:fish_trade_pipeline
[2026-04-11T01:19:44.798+0000] {logging_mixin.py:188} INFO - [2026-04-11T01:19:44.798+0000] {override.py:1769} INFO - Created Permission View: can delete on DAG:fish_trade_pipeline
[2026-04-11T01:19:44.799+0000] {logging_mixin.py:188} INFO - [2026-04-11T01:19:44.798+0000] {dag.py:3036} INFO - Sync 1 DAGs
[2026-04-11T01:19:44.807+0000] {logging_mixin.py:188} INFO - [2026-04-11T01:19:44.807+0000] {dag.py:3058} INFO - Creating ORM DAG for fish_trade_pipeline
[2026-04-11T01:19:44.815+0000] {logging_mixin.py:188} INFO - [2026-04-11T01:19:44.815+0000] {dag.py:3823} INFO - Setting next_dagrun for fish_trade_pipeline to 2026-05-01 10:00:00+00:00, run_after=2026-06-01 10:00:00+00:00
[2026-04-11T01:19:44.836+0000] {processor.py:183} INFO - Processing /opt/airflow/dags/trade_fish_dag.py took 1.435 seconds
[2026-04-11T01:20:15.107+0000] {processor.py:161} INFO - Started process (PID=178) to work on /opt/airflow/dags/trade_fish_dag.py
[2026-04-11T01:20:15.108+0000] {processor.py:830} INFO - Processing file /opt/airflow/dags/trade_fish_dag.py for tasks to queue
[2026-04-11T01:20:15.109+0000] {logging_mixin.py:188} INFO - [2026-04-11T01:20:15.109+0000] {dagbag.py:538} INFO - Filling up the DagBag from /opt/airflow/dags/trade_fish_dag.py
[2026-04-11T01:20:15.542+0000] {processor.py:840} INFO - DAG(s) 'fish_trade_pipeline' retrieved from /opt/airflow/dags/trade_fish_dag.py
[2026-04-11T01:20:15.562+0000] {logging_mixin.py:188} INFO - [2026-04-11T01:20:15.562+0000] {dag.py:3036} INFO - Sync 1 DAGs
[2026-04-11T01:20:15.581+0000] {logging_mixin.py:188} INFO - [2026-04-11T01:20:15.580+0000] {dag.py:3823} INFO - Setting next_dagrun for fish_trade_pipeline to 2026-05-01 10:00:00+00:00, run_after=2026-06-01 10:00:00+00:00
[2026-04-11T01:20:15.645+0000] {processor.py:183} INFO - Processing /opt/airflow/dags/trade_fish_dag.py took 0.542 seconds
[2026-04-11T01:20:45.888+0000] {processor.py:161} INFO - Started process (PID=190) to work on /opt/airflow/dags/trade_fish_dag.py
[2026-04-11T01:20:45.889+0000] {processor.py:830} INFO - Processing file /opt/airflow/dags/trade_fish_dag.py for tasks to queue
[2026-04-11T01:20:45.891+0000] {logging_mixin.py:188} INFO - [2026-04-11T01:20:45.890+0000] {dagbag.py:538} INFO - Filling up the DagBag from /opt/airflow/dags/trade_fish_dag.py
[2026-04-11T01:20:46.332+0000] {processor.py:840} INFO - DAG(s) 'fish_trade_pipeline' retrieved from /opt/airflow/dags/trade_fish_dag.py
[2026-04-11T01:20:46.353+0000] {logging_mixin.py:188} INFO - [2026-04-11T01:20:46.353+0000] {dag.py:3036} INFO - Sync 1 DAGs
[2026-04-11T01:20:46.367+0000] {logging_mixin.py:188} INFO - [2026-04-11T01:20:46.366+0000] {dag.py:3823} INFO - Setting next_dagrun for fish_trade_pipeline to 2026-05-01 10:00:00+00:00, run_after=2026-06-01 10:00:00+00:00
[2026-04-11T01:20:46.384+0000] {processor.py:183} INFO - Processing /opt/airflow/dags/trade_fish_dag.py took 0.500 seconds
[2026-04-11T01:21:16.643+0000] {processor.py:161} INFO - Started process (PID=202) to work on /opt/airflow/dags/trade_fish_dag.py
[2026-04-11T01:21:16.644+0000] {processor.py:830} INFO - Processing file /opt/airflow/dags/trade_fish_dag.py for tasks to queue
[2026-04-11T01:21:16.646+0000] {logging_mixin.py:188} INFO - [2026-04-11T01:21:16.645+0000] {dagbag.py:538} INFO - Filling up the DagBag from /opt/airflow/dags/trade_fish_dag.py
[2026-04-11T01:21:17.094+0000] {processor.py:840} INFO - DAG(s) 'fish_trade_pipeline' retrieved from /opt/airflow/dags/trade_fish_dag.py
[2026-04-11T01:21:17.113+0000] {logging_mixin.py:188} INFO - [2026-04-11T01:21:17.113+0000] {dag.py:3036} INFO - Sync 1 DAGs
[2026-04-11T01:21:17.127+0000] {logging_mixin.py:188} INFO - [2026-04-11T01:21:17.127+0000] {dag.py:3823} INFO - Setting next_dagrun for fish_trade_pipeline to 2026-05-01 10:00:00+00:00, run_after=2026-06-01 10:00:00+00:00
[2026-04-11T01:21:17.147+0000] {processor.py:183} INFO - Processing /opt/airflow/dags/trade_fish_dag.py took 0.508 seconds
[2026-04-11T01:21:47.397+0000] {processor.py:161} INFO - Started process (PID=214) to work on /opt/airflow/dags/trade_fish_dag.py
[2026-04-11T01:21:47.398+0000] {processor.py:830} INFO - Processing file /opt/airflow/dags/trade_fish_dag.py for tasks to queue
[2026-04-11T01:21:47.399+0000] {logging_mixin.py:188} INFO - [2026-04-11T01:21:47.399+0000] {dagbag.py:538} INFO - Filling up the DagBag from /opt/airflow/dags/trade_fish_dag.py
[2026-04-11T01:21:47.870+0000] {processor.py:840} INFO - DAG(s) 'fish_trade_pipeline' retrieved from /opt/airflow/dags/trade_fish_dag.py
[2026-04-11T01:21:47.888+0000] {logging_mixin.py:188} INFO - [2026-04-11T01:21:47.888+0000] {dag.py:3036} INFO - Sync 1 DAGs
[2026-04-11T01:21:47.903+0000] {logging_mixin.py:188} INFO - [2026-04-11T01:21:47.903+0000] {dag.py:3823} INFO - Setting next_dagrun for fish_trade_pipeline to 2026-05-01 10:00:00+00:00, run_after=2026-06-01 10:00:00+00:00
[2026-04-11T01:21:47.918+0000] {processor.py:183} INFO - Processing /opt/airflow/dags/trade_fish_dag.py took 0.524 seconds
[2026-04-11T01:22:18.338+0000] {processor.py:161} INFO - Started process (PID=226) to work on /opt/airflow/dags/trade_fish_dag.py
[2026-04-11T01:22:18.345+0000] {processor.py:830} INFO - Processing file /opt/airflow/dags/trade_fish_dag.py for tasks to queue
[2026-04-11T01:22:18.347+0000] {logging_mixin.py:188} INFO - [2026-04-11T01:22:18.346+0000] {dagbag.py:538} INFO - Filling up the DagBag from /opt/airflow/dags/trade_fish_dag.py
[2026-04-11T01:22:18.774+0000] {processor.py:840} INFO - DAG(s) 'fish_trade_pipeline' retrieved from /opt/airflow/dags/trade_fish_dag.py
[2026-04-11T01:22:18.792+0000] {logging_mixin.py:188} INFO - [2026-04-11T01:22:18.792+0000] {dag.py:3036} INFO - Sync 1 DAGs
[2026-04-11T01:22:18.807+0000] {logging_mixin.py:188} INFO - [2026-04-11T01:22:18.806+0000] {dag.py:3823} INFO - Setting next_dagrun for fish_trade_pipeline to 2026-05-01 10:00:00+00:00, run_after=2026-06-01 10:00:00+00:00
[2026-04-11T01:22:18.875+0000] {processor.py:183} INFO - Processing /opt/airflow/dags/trade_fish_dag.py took 0.540 seconds
[2026-04-11T01:22:49.170+0000] {processor.py:161} INFO - Started process (PID=238) to work on /opt/airflow/dags/trade_fish_dag.py
[2026-04-11T01:22:49.171+0000] {processor.py:830} INFO - Processing file /opt/airflow/dags/trade_fish_dag.py for tasks to queue
[2026-04-11T01:22:49.172+0000] {logging_mixin.py:188} INFO - [2026-04-11T01:22:49.172+0000] {dagbag.py:538} INFO - Filling up the DagBag from /opt/airflow/dags/trade_fish_dag.py
[2026-04-11T01:22:49.611+0000] {processor.py:840} INFO - DAG(s) 'fish_trade_pipeline' retrieved from /opt/airflow/dags/trade_fish_dag.py
[2026-04-11T01:22:49.632+0000] {logging_mixin.py:188} INFO - [2026-04-11T01:22:49.632+0000] {dag.py:3036} INFO - Sync 1 DAGs
[2026-04-11T01:22:49.648+0000] {logging_mixin.py:188} INFO - [2026-04-11T01:22:49.647+0000] {dag.py:3823} INFO - Setting next_dagrun for fish_trade_pipeline to 2026-05-01 10:00:00+00:00, run_after=2026-06-01 10:00:00+00:00
[2026-04-11T01:22:49.664+0000] {processor.py:183} INFO - Processing /opt/airflow/dags/trade_fish_dag.py took 0.497 seconds
[2026-04-11T01:23:19.938+0000] {processor.py:161} INFO - Started process (PID=250) to work on /opt/airflow/dags/trade_fish_dag.py
[2026-04-11T01:23:19.939+0000] {processor.py:830} INFO - Processing file /opt/airflow/dags/trade_fish_dag.py for tasks to queue
[2026-04-11T01:23:19.940+0000] {logging_mixin.py:188} INFO - [2026-04-11T01:23:19.939+0000] {dagbag.py:538} INFO - Filling up the DagBag from /opt/airflow/dags/trade_fish_dag.py
[2026-04-11T01:23:20.373+0000] {processor.py:840} INFO - DAG(s) 'fish_trade_pipeline' retrieved from /opt/airflow/dags/trade_fish_dag.py
[2026-04-11T01:23:20.394+0000] {logging_mixin.py:188} INFO - [2026-04-11T01:23:20.394+0000] {dag.py:3036} INFO - Sync 1 DAGs
[2026-04-11T01:23:20.409+0000] {logging_mixin.py:188} INFO - [2026-04-11T01:23:20.409+0000] {dag.py:3823} INFO - Setting next_dagrun for fish_trade_pipeline to 2026-05-01 10:00:00+00:00, run_after=2026-06-01 10:00:00+00:00
[2026-04-11T01:23:20.424+0000] {processor.py:183} INFO - Processing /opt/airflow/dags/trade_fish_dag.py took 0.489 seconds
[2026-04-11T01:23:50.668+0000] {processor.py:161} INFO - Started process (PID=296) to work on /opt/airflow/dags/trade_fish_dag.py
[2026-04-11T01:23:50.670+0000] {processor.py:830} INFO - Processing file /opt/airflow/dags/trade_fish_dag.py for tasks to queue
[2026-04-11T01:23:50.672+0000] {logging_mixin.py:188} INFO - [2026-04-11T01:23:50.671+0000] {dagbag.py:538} INFO - Filling up the DagBag from /opt/airflow/dags/trade_fish_dag.py
[2026-04-11T01:23:51.111+0000] {processor.py:840} INFO - DAG(s) 'fish_trade_pipeline' retrieved from /opt/airflow/dags/trade_fish_dag.py
[2026-04-11T01:23:51.132+0000] {logging_mixin.py:188} INFO - [2026-04-11T01:23:51.131+0000] {dag.py:3036} INFO - Sync 1 DAGs
[2026-04-11T01:23:51.146+0000] {logging_mixin.py:188} INFO - [2026-04-11T01:23:51.146+0000] {dag.py:3823} INFO - Setting next_dagrun for fish_trade_pipeline to 2026-05-01 10:00:00+00:00, run_after=2026-06-01 10:00:00+00:00
[2026-04-11T01:23:51.162+0000] {processor.py:183} INFO - Processing /opt/airflow/dags/trade_fish_dag.py took 0.497 seconds
[2026-04-11T01:24:21.406+0000] {processor.py:161} INFO - Started process (PID=366) to work on /opt/airflow/dags/trade_fish_dag.py
[2026-04-11T01:24:21.407+0000] {processor.py:830} INFO - Processing file /opt/airflow/dags/trade_fish_dag.py for tasks to queue
[2026-04-11T01:24:21.408+0000] {logging_mixin.py:188} INFO - [2026-04-11T01:24:21.408+0000] {dagbag.py:538} INFO - Filling up the DagBag from /opt/airflow/dags/trade_fish_dag.py
[2026-04-11T01:24:21.766+0000] {processor.py:840} INFO - DAG(s) 'fish_trade_pipeline' retrieved from /opt/airflow/dags/trade_fish_dag.py
[2026-04-11T01:24:21.783+0000] {logging_mixin.py:188} INFO - [2026-04-11T01:24:21.783+0000] {dag.py:3036} INFO - Sync 1 DAGs
[2026-04-11T01:24:21.796+0000] {logging_mixin.py:188} INFO - [2026-04-11T01:24:21.796+0000] {dag.py:3823} INFO - Setting next_dagrun for fish_trade_pipeline to 2026-05-01 10:00:00+00:00, run_after=2026-06-01 10:00:00+00:00
[2026-04-11T01:24:21.811+0000] {processor.py:183} INFO - Processing /opt/airflow/dags/trade_fish_dag.py took 0.408 seconds
[2026-04-11T01:24:52.104+0000] {processor.py:161} INFO - Started process (PID=378) to work on /opt/airflow/dags/trade_fish_dag.py
[2026-04-11T01:24:52.105+0000] {processor.py:830} INFO - Processing file /opt/airflow/dags/trade_fish_dag.py for tasks to queue
[2026-04-11T01:24:52.106+0000] {logging_mixin.py:188} INFO - [2026-04-11T01:24:52.106+0000] {dagbag.py:538} INFO - Filling up the DagBag from /opt/airflow/dags/trade_fish_dag.py
[2026-04-11T01:24:52.526+0000] {processor.py:840} INFO - DAG(s) 'fish_trade_pipeline' retrieved from /opt/airflow/dags/trade_fish_dag.py
[2026-04-11T01:24:52.545+0000] {logging_mixin.py:188} INFO - [2026-04-11T01:24:52.545+0000] {dag.py:3036} INFO - Sync 1 DAGs
[2026-04-11T01:24:52.560+0000] {logging_mixin.py:188} INFO - [2026-04-11T01:24:52.559+0000] {dag.py:3823} INFO - Setting next_dagrun for fish_trade_pipeline to 2026-05-01 10:00:00+00:00, run_after=2026-06-01 10:00:00+00:00
[2026-04-11T01:24:52.577+0000] {processor.py:183} INFO - Processing /opt/airflow/dags/trade_fish_dag.py took 0.476 seconds
[2026-04-11T01:25:22.845+0000] {processor.py:161} INFO - Started process (PID=390) to work on /opt/airflow/dags/trade_fish_dag.py
[2026-04-11T01:25:22.846+0000] {processor.py:830} INFO - Processing file /opt/airflow/dags/trade_fish_dag.py for tasks to queue
[2026-04-11T01:25:22.847+0000] {logging_mixin.py:188} INFO - [2026-04-11T01:25:22.846+0000] {dagbag.py:538} INFO - Filling up the DagBag from /opt/airflow/dags/trade_fish_dag.py
[2026-04-11T01:25:23.256+0000] {processor.py:840} INFO - DAG(s) 'fish_trade_pipeline' retrieved from /opt/airflow/dags/trade_fish_dag.py
[2026-04-11T01:25:23.279+0000] {logging_mixin.py:188} INFO - [2026-04-11T01:25:23.279+0000] {dag.py:3036} INFO - Sync 1 DAGs
[2026-04-11T01:25:23.297+0000] {logging_mixin.py:188} INFO - [2026-04-11T01:25:23.297+0000] {dag.py:3823} INFO - Setting next_dagrun for fish_trade_pipeline to 2026-05-01 10:00:00+00:00, run_after=2026-06-01 10:00:00+00:00
[2026-04-11T01:25:23.367+0000] {processor.py:183} INFO - Processing /opt/airflow/dags/trade_fish_dag.py took 0.525 seconds
[2026-04-11T01:25:53.608+0000] {processor.py:161} INFO - Started process (PID=402) to work on /opt/airflow/dags/trade_fish_dag.py
[2026-04-11T01:25:53.609+0000] {processor.py:830} INFO - Processing file /opt/airflow/dags/trade_fish_dag.py for tasks to queue
[2026-04-11T01:25:53.610+0000] {logging_mixin.py:188} INFO - [2026-04-11T01:25:53.609+0000] {dagbag.py:538} INFO - Filling up the DagBag from /opt/airflow/dags/trade_fish_dag.py
[2026-04-11T01:25:54.044+0000] {processor.py:840} INFO - DAG(s) 'fish_trade_pipeline' retrieved from /opt/airflow/dags/trade_fish_dag.py
[2026-04-11T01:25:54.064+0000] {logging_mixin.py:188} INFO - [2026-04-11T01:25:54.064+0000] {dag.py:3036} INFO - Sync 1 DAGs
[2026-04-11T01:25:54.080+0000] {logging_mixin.py:188} INFO - [2026-04-11T01:25:54.080+0000] {dag.py:3823} INFO - Setting next_dagrun for fish_trade_pipeline to 2026-05-01 10:00:00+00:00, run_after=2026-06-01 10:00:00+00:00
[2026-04-11T01:25:54.098+0000] {processor.py:183} INFO - Processing /opt/airflow/dags/trade_fish_dag.py took 0.492 seconds
[2026-04-11T01:26:24.393+0000] {processor.py:161} INFO - Started process (PID=414) to work on /opt/airflow/dags/trade_fish_dag.py
[2026-04-11T01:26:24.394+0000] {processor.py:830} INFO - Processing file /opt/airflow/dags/trade_fish_dag.py for tasks to queue
[2026-04-11T01:26:24.395+0000] {logging_mixin.py:188} INFO - [2026-04-11T01:26:24.394+0000] {dagbag.py:538} INFO - Filling up the DagBag from /opt/airflow/dags/trade_fish_dag.py
[2026-04-11T01:26:24.818+0000] {processor.py:840} INFO - DAG(s) 'fish_trade_pipeline' retrieved from /opt/airflow/dags/trade_fish_dag.py
[2026-04-11T01:26:24.843+0000] {logging_mixin.py:188} INFO - [2026-04-11T01:26:24.842+0000] {dag.py:3036} INFO - Sync 1 DAGs
[2026-04-11T01:26:24.860+0000] {logging_mixin.py:188} INFO - [2026-04-11T01:26:24.860+0000] {dag.py:3823} INFO - Setting next_dagrun for fish_trade_pipeline to 2026-05-01 10:00:00+00:00, run_after=2026-06-01 10:00:00+00:00
[2026-04-11T01:26:24.931+0000] {processor.py:183} INFO - Processing /opt/airflow/dags/trade_fish_dag.py took 0.541 seconds
[2026-04-11T01:26:55.083+0000] {processor.py:161} INFO - Started process (PID=427) to work on /opt/airflow/dags/trade_fish_dag.py
[2026-04-11T01:26:55.084+0000] {processor.py:830} INFO - Processing file /opt/airflow/dags/trade_fish_dag.py for tasks to queue
[2026-04-11T01:26:55.085+0000] {logging_mixin.py:188} INFO - [2026-04-11T01:26:55.085+0000] {dagbag.py:538} INFO - Filling up the DagBag from /opt/airflow/dags/trade_fish_dag.py
[2026-04-11T01:26:55.476+0000] {processor.py:840} INFO - DAG(s) 'fish_trade_pipeline' retrieved from /opt/airflow/dags/trade_fish_dag.py
[2026-04-11T01:26:55.494+0000] {logging_mixin.py:188} INFO - [2026-04-11T01:26:55.494+0000] {dag.py:3036} INFO - Sync 1 DAGs
[2026-04-11T01:26:55.508+0000] {logging_mixin.py:188} INFO - [2026-04-11T01:26:55.508+0000] {dag.py:3823} INFO - Setting next_dagrun for fish_trade_pipeline to 2026-05-01 10:00:00+00:00, run_after=2026-06-01 10:00:00+00:00
[2026-04-11T01:26:55.524+0000] {processor.py:183} INFO - Processing /opt/airflow/dags/trade_fish_dag.py took 0.443 seconds
[2026-04-11T01:27:25.801+0000] {processor.py:161} INFO - Started process (PID=439) to work on /opt/airflow/dags/trade_fish_dag.py
[2026-04-11T01:27:25.803+0000] {processor.py:830} INFO - Processing file /opt/airflow/dags/trade_fish_dag.py for tasks to queue
[2026-04-11T01:27:25.805+0000] {logging_mixin.py:188} INFO - [2026-04-11T01:27:25.804+0000] {dagbag.py:538} INFO - Filling up the DagBag from /opt/airflow/dags/trade_fish_dag.py
[2026-04-11T01:27:26.236+0000] {processor.py:840} INFO - DAG(s) 'fish_trade_pipeline' retrieved from /opt/airflow/dags/trade_fish_dag.py
[2026-04-11T01:27:26.256+0000] {logging_mixin.py:188} INFO - [2026-04-11T01:27:26.256+0000] {dag.py:3036} INFO - Sync 1 DAGs
[2026-04-11T01:27:26.269+0000] {logging_mixin.py:188} INFO - [2026-04-11T01:27:26.269+0000] {dag.py:3823} INFO - Setting next_dagrun for fish_trade_pipeline to 2026-05-01 10:00:00+00:00, run_after=2026-06-01 10:00:00+00:00
[2026-04-11T01:27:26.347+0000] {processor.py:183} INFO - Processing /opt/airflow/dags/trade_fish_dag.py took 0.551 seconds
[2026-04-11T01:27:56.631+0000] {processor.py:161} INFO - Started process (PID=451) to work on /opt/airflow/dags/trade_fish_dag.py
[2026-04-11T01:27:56.632+0000] {processor.py:830} INFO - Processing file /opt/airflow/dags/trade_fish_dag.py for tasks to queue
[2026-04-11T01:27:56.633+0000] {logging_mixin.py:188} INFO - [2026-04-11T01:27:56.633+0000] {dagbag.py:538} INFO - Filling up the DagBag from /opt/airflow/dags/trade_fish_dag.py
[2026-04-11T01:27:57.058+0000] {processor.py:840} INFO - DAG(s) 'fish_trade_pipeline' retrieved from /opt/airflow/dags/trade_fish_dag.py
[2026-04-11T01:27:57.078+0000] {logging_mixin.py:188} INFO - [2026-04-11T01:27:57.077+0000] {dag.py:3036} INFO - Sync 1 DAGs
[2026-04-11T01:27:57.092+0000] {logging_mixin.py:188} INFO - [2026-04-11T01:27:57.092+0000] {dag.py:3823} INFO - Setting next_dagrun for fish_trade_pipeline to 2026-05-01 10:00:00+00:00, run_after=2026-06-01 10:00:00+00:00
[2026-04-11T01:27:57.108+0000] {processor.py:183} INFO - Processing /opt/airflow/dags/trade_fish_dag.py took 0.480 seconds
[2026-04-11T01:28:27.259+0000] {processor.py:161} INFO - Started process (PID=463) to work on /opt/airflow/dags/trade_fish_dag.py
[2026-04-11T01:28:27.261+0000] {processor.py:830} INFO - Processing file /opt/airflow/dags/trade_fish_dag.py for tasks to queue
[2026-04-11T01:28:27.263+0000] {logging_mixin.py:188} INFO - [2026-04-11T01:28:27.262+0000] {dagbag.py:538} INFO - Filling up the DagBag from /opt/airflow/dags/trade_fish_dag.py
[2026-04-11T01:28:27.826+0000] {processor.py:840} INFO - DAG(s) 'fish_trade_pipeline' retrieved from /opt/airflow/dags/trade_fish_dag.py
[2026-04-11T01:28:27.848+0000] {logging_mixin.py:188} INFO - [2026-04-11T01:28:27.847+0000] {dag.py:3036} INFO - Sync 1 DAGs
[2026-04-11T01:28:27.865+0000] {logging_mixin.py:188} INFO - [2026-04-11T01:28:27.865+0000] {dag.py:3823} INFO - Setting next_dagrun for fish_trade_pipeline to 2026-05-01 10:00:00+00:00, run_after=2026-06-01 10:00:00+00:00
[2026-04-11T01:28:27.885+0000] {processor.py:183} INFO - Processing /opt/airflow/dags/trade_fish_dag.py took 0.632 seconds
[2026-04-11T01:28:58.147+0000] {processor.py:161} INFO - Started process (PID=476) to work on /opt/airflow/dags/trade_fish_dag.py
[2026-04-11T01:28:58.149+0000] {processor.py:830} INFO - Processing file /opt/airflow/dags/trade_fish_dag.py for tasks to queue
[2026-04-11T01:28:58.150+0000] {logging_mixin.py:188} INFO - [2026-04-11T01:28:58.150+0000] {dagbag.py:538} INFO - Filling up the DagBag from /opt/airflow/dags/trade_fish_dag.py
[2026-04-11T01:28:58.583+0000] {processor.py:840} INFO - DAG(s) 'fish_trade_pipeline' retrieved from /opt/airflow/dags/trade_fish_dag.py
[2026-04-11T01:28:58.604+0000] {logging_mixin.py:188} INFO - [2026-04-11T01:28:58.604+0000] {dag.py:3036} INFO - Sync 1 DAGs
[2026-04-11T01:28:58.619+0000] {logging_mixin.py:188} INFO - [2026-04-11T01:28:58.619+0000] {dag.py:3823} INFO - Setting next_dagrun for fish_trade_pipeline to 2026-05-01 10:00:00+00:00, run_after=2026-06-01 10:00:00+00:00
[2026-04-11T01:28:58.636+0000] {processor.py:183} INFO - Processing /opt/airflow/dags/trade_fish_dag.py took 0.493 seconds
[2026-04-11T01:29:28.743+0000] {processor.py:161} INFO - Started process (PID=488) to work on /opt/airflow/dags/trade_fish_dag.py
[2026-04-11T01:29:28.745+0000] {processor.py:830} INFO - Processing file /opt/airflow/dags/trade_fish_dag.py for tasks to queue
[2026-04-11T01:29:28.746+0000] {logging_mixin.py:188} INFO - [2026-04-11T01:29:28.745+0000] {dagbag.py:538} INFO - Filling up the DagBag from /opt/airflow/dags/trade_fish_dag.py
[2026-04-11T01:29:29.182+0000] {processor.py:840} INFO - DAG(s) 'fish_trade_pipeline' retrieved from /opt/airflow/dags/trade_fish_dag.py
[2026-04-11T01:29:29.204+0000] {logging_mixin.py:188} INFO - [2026-04-11T01:29:29.204+0000] {dag.py:3036} INFO - Sync 1 DAGs
[2026-04-11T01:29:29.220+0000] {logging_mixin.py:188} INFO - [2026-04-11T01:29:29.219+0000] {dag.py:3823} INFO - Setting next_dagrun for fish_trade_pipeline to 2026-05-01 10:00:00+00:00, run_after=2026-06-01 10:00:00+00:00
[2026-04-11T01:29:29.237+0000] {processor.py:183} INFO - Processing /opt/airflow/dags/trade_fish_dag.py took 0.496 seconds
[2026-04-11T01:29:59.461+0000] {processor.py:161} INFO - Started process (PID=500) to work on /opt/airflow/dags/trade_fish_dag.py
[2026-04-11T01:29:59.463+0000] {processor.py:830} INFO - Processing file /opt/airflow/dags/trade_fish_dag.py for tasks to queue
[2026-04-11T01:29:59.464+0000] {logging_mixin.py:188} INFO - [2026-04-11T01:29:59.464+0000] {dagbag.py:538} INFO - Filling up the DagBag from /opt/airflow/dags/trade_fish_dag.py
[2026-04-11T01:29:59.889+0000] {processor.py:840} INFO - DAG(s) 'fish_trade_pipeline' retrieved from /opt/airflow/dags/trade_fish_dag.py
[2026-04-11T01:29:59.910+0000] {logging_mixin.py:188} INFO - [2026-04-11T01:29:59.910+0000] {dag.py:3036} INFO - Sync 1 DAGs
[2026-04-11T01:29:59.926+0000] {logging_mixin.py:188} INFO - [2026-04-11T01:29:59.926+0000] {dag.py:3823} INFO - Setting next_dagrun for fish_trade_pipeline to 2026-05-01 10:00:00+00:00, run_after=2026-06-01 10:00:00+00:00
[2026-04-11T01:29:59.994+0000] {processor.py:183} INFO - Processing /opt/airflow/dags/trade_fish_dag.py took 0.535 seconds
[2026-04-11T01:30:30.213+0000] {processor.py:161} INFO - Started process (PID=512) to work on /opt/airflow/dags/trade_fish_dag.py
[2026-04-11T01:30:30.214+0000] {processor.py:830} INFO - Processing file /opt/airflow/dags/trade_fish_dag.py for tasks to queue
[2026-04-11T01:30:30.215+0000] {logging_mixin.py:188} INFO - [2026-04-11T01:30:30.215+0000] {dagbag.py:538} INFO - Filling up the DagBag from /opt/airflow/dags/trade_fish_dag.py
[2026-04-11T01:30:30.647+0000] {processor.py:840} INFO - DAG(s) 'fish_trade_pipeline' retrieved from /opt/airflow/dags/trade_fish_dag.py
[2026-04-11T01:30:30.666+0000] {logging_mixin.py:188} INFO - [2026-04-11T01:30:30.666+0000] {dag.py:3036} INFO - Sync 1 DAGs
[2026-04-11T01:30:30.680+0000] {logging_mixin.py:188} INFO - [2026-04-11T01:30:30.680+0000] {dag.py:3823} INFO - Setting next_dagrun for fish_trade_pipeline to 2026-05-01 10:00:00+00:00, run_after=2026-06-01 10:00:00+00:00
[2026-04-11T01:30:30.756+0000] {processor.py:183} INFO - Processing /opt/airflow/dags/trade_fish_dag.py took 0.545 seconds
[2026-04-11T01:31:00.881+0000] {processor.py:161} INFO - Started process (PID=524) to work on /opt/airflow/dags/trade_fish_dag.py
[2026-04-11T01:31:00.884+0000] {processor.py:830} INFO - Processing file /opt/airflow/dags/trade_fish_dag.py for tasks to queue
[2026-04-11T01:31:00.886+0000] {logging_mixin.py:188} INFO - [2026-04-11T01:31:00.885+0000] {dagbag.py:538} INFO - Filling up the DagBag from /opt/airflow/dags/trade_fish_dag.py
[2026-04-11T01:31:01.310+0000] {processor.py:840} INFO - DAG(s) 'fish_trade_pipeline' retrieved from /opt/airflow/dags/trade_fish_dag.py
[2026-04-11T01:31:01.330+0000] {logging_mixin.py:188} INFO - [2026-04-11T01:31:01.330+0000] {dag.py:3036} INFO - Sync 1 DAGs
[2026-04-11T01:31:01.346+0000] {logging_mixin.py:188} INFO - [2026-04-11T01:31:01.346+0000] {dag.py:3823} INFO - Setting next_dagrun for fish_trade_pipeline to 2026-05-01 10:00:00+00:00, run_after=2026-06-01 10:00:00+00:00
[2026-04-11T01:31:01.363+0000] {processor.py:183} INFO - Processing /opt/airflow/dags/trade_fish_dag.py took 0.484 seconds
[2026-04-11T01:31:31.625+0000] {processor.py:161} INFO - Started process (PID=536) to work on /opt/airflow/dags/trade_fish_dag.py
[2026-04-11T01:31:31.626+0000] {processor.py:830} INFO - Processing file /opt/airflow/dags/trade_fish_dag.py for tasks to queue
[2026-04-11T01:31:31.627+0000] {logging_mixin.py:188} INFO - [2026-04-11T01:31:31.626+0000] {dagbag.py:538} INFO - Filling up the DagBag from /opt/airflow/dags/trade_fish_dag.py
[2026-04-11T01:31:32.018+0000] {processor.py:840} INFO - DAG(s) 'fish_trade_pipeline' retrieved from /opt/airflow/dags/trade_fish_dag.py
[2026-04-11T01:31:32.036+0000] {logging_mixin.py:188} INFO - [2026-04-11T01:31:32.036+0000] {dag.py:3036} INFO - Sync 1 DAGs
[2026-04-11T01:31:32.051+0000] {logging_mixin.py:188} INFO - [2026-04-11T01:31:32.051+0000] {dag.py:3823} INFO - Setting next_dagrun for fish_trade_pipeline to 2026-05-01 10:00:00+00:00, run_after=2026-06-01 10:00:00+00:00
[2026-04-11T01:31:32.122+0000] {processor.py:183} INFO - Processing /opt/airflow/dags/trade_fish_dag.py took 0.501 seconds
[2026-04-11T01:32:02.482+0000] {processor.py:161} INFO - Started process (PID=547) to work on /opt/airflow/dags/trade_fish_dag.py
[2026-04-11T01:32:02.483+0000] {processor.py:830} INFO - Processing file /opt/airflow/dags/trade_fish_dag.py for tasks to queue
[2026-04-11T01:32:02.484+0000] {logging_mixin.py:188} INFO - [2026-04-11T01:32:02.484+0000] {dagbag.py:538} INFO - Filling up the DagBag from /opt/airflow/dags/trade_fish_dag.py
[2026-04-11T01:32:02.899+0000] {processor.py:840} INFO - DAG(s) 'fish_trade_pipeline' retrieved from /opt/airflow/dags/trade_fish_dag.py
[2026-04-11T01:32:02.918+0000] {logging_mixin.py:188} INFO - [2026-04-11T01:32:02.917+0000] {dag.py:3036} INFO - Sync 1 DAGs
[2026-04-11T01:32:02.932+0000] {logging_mixin.py:188} INFO - [2026-04-11T01:32:02.932+0000] {dag.py:3823} INFO - Setting next_dagrun for fish_trade_pipeline to 2026-05-01 10:00:00+00:00, run_after=2026-06-01 10:00:00+00:00
[2026-04-11T01:32:02.950+0000] {processor.py:183} INFO - Processing /opt/airflow/dags/trade_fish_dag.py took 0.471 seconds
[2026-04-11T01:32:33.160+0000] {processor.py:161} INFO - Started process (PID=559) to work on /opt/airflow/dags/trade_fish_dag.py
[2026-04-11T01:32:33.162+0000] {processor.py:830} INFO - Processing file /opt/airflow/dags/trade_fish_dag.py for tasks to queue
[2026-04-11T01:32:33.163+0000] {logging_mixin.py:188} INFO - [2026-04-11T01:32:33.163+0000] {dagbag.py:538} INFO - Filling up the DagBag from /opt/airflow/dags/trade_fish_dag.py
[2026-04-11T01:32:33.642+0000] {processor.py:840} INFO - DAG(s) 'fish_trade_pipeline' retrieved from /opt/airflow/dags/trade_fish_dag.py
[2026-04-11T01:32:33.673+0000] {logging_mixin.py:188} INFO - [2026-04-11T01:32:33.673+0000] {dag.py:3036} INFO - Sync 1 DAGs
[2026-04-11T01:32:33.688+0000] {logging_mixin.py:188} INFO - [2026-04-11T01:32:33.688+0000] {dag.py:3823} INFO - Setting next_dagrun for fish_trade_pipeline to 2026-05-01 10:00:00+00:00, run_after=2026-06-01 10:00:00+00:00
[2026-04-11T01:32:33.707+0000] {processor.py:183} INFO - Processing /opt/airflow/dags/trade_fish_dag.py took 0.553 seconds
[2026-04-11T01:33:03.994+0000] {processor.py:161} INFO - Started process (PID=571) to work on /opt/airflow/dags/trade_fish_dag.py
[2026-04-11T01:33:03.996+0000] {processor.py:830} INFO - Processing file /opt/airflow/dags/trade_fish_dag.py for tasks to queue
[2026-04-11T01:33:03.997+0000] {logging_mixin.py:188} INFO - [2026-04-11T01:33:03.996+0000] {dagbag.py:538} INFO - Filling up the DagBag from /opt/airflow/dags/trade_fish_dag.py
[2026-04-11T01:33:04.352+0000] {processor.py:840} INFO - DAG(s) 'fish_trade_pipeline' retrieved from /opt/airflow/dags/trade_fish_dag.py
[2026-04-11T01:33:04.370+0000] {logging_mixin.py:188} INFO - [2026-04-11T01:33:04.370+0000] {dag.py:3036} INFO - Sync 1 DAGs
[2026-04-11T01:33:04.385+0000] {logging_mixin.py:188} INFO - [2026-04-11T01:33:04.384+0000] {dag.py:3823} INFO - Setting next_dagrun for fish_trade_pipeline to 2026-05-01 10:00:00+00:00, run_after=2026-06-01 10:00:00+00:00
[2026-04-11T01:33:04.404+0000] {processor.py:183} INFO - Processing /opt/airflow/dags/trade_fish_dag.py took 0.412 seconds
[2026-04-11T01:33:34.718+0000] {processor.py:161} INFO - Started process (PID=583) to work on /opt/airflow/dags/trade_fish_dag.py
[2026-04-11T01:33:34.719+0000] {processor.py:830} INFO - Processing file /opt/airflow/dags/trade_fish_dag.py for tasks to queue
[2026-04-11T01:33:34.720+0000] {logging_mixin.py:188} INFO - [2026-04-11T01:33:34.719+0000] {dagbag.py:538} INFO - Filling up the DagBag from /opt/airflow/dags/trade_fish_dag.py
[2026-04-11T01:33:35.081+0000] {processor.py:840} INFO - DAG(s) 'fish_trade_pipeline' retrieved from /opt/airflow/dags/trade_fish_dag.py
[2026-04-11T01:33:35.100+0000] {logging_mixin.py:188} INFO - [2026-04-11T01:33:35.099+0000] {dag.py:3036} INFO - Sync 1 DAGs
[2026-04-11T01:33:35.114+0000] {logging_mixin.py:188} INFO - [2026-04-11T01:33:35.114+0000] {dag.py:3823} INFO - Setting next_dagrun for fish_trade_pipeline to 2026-05-01 10:00:00+00:00, run_after=2026-06-01 10:00:00+00:00
[2026-04-11T01:33:35.185+0000] {processor.py:183} INFO - Processing /opt/airflow/dags/trade_fish_dag.py took 0.470 seconds
[2026-04-11T01:34:05.527+0000] {processor.py:161} INFO - Started process (PID=595) to work on /opt/airflow/dags/trade_fish_dag.py
[2026-04-11T01:34:05.530+0000] {processor.py:830} INFO - Processing file /opt/airflow/dags/trade_fish_dag.py for tasks to queue
[2026-04-11T01:34:05.533+0000] {logging_mixin.py:188} INFO - [2026-04-11T01:34:05.531+0000] {dagbag.py:538} INFO - Filling up the DagBag from /opt/airflow/dags/trade_fish_dag.py
[2026-04-11T01:34:06.503+0000] {processor.py:840} INFO - DAG(s) 'fish_trade_pipeline' retrieved from /opt/airflow/dags/trade_fish_dag.py
[2026-04-11T01:34:06.539+0000] {logging_mixin.py:188} INFO - [2026-04-11T01:34:06.539+0000] {dag.py:3036} INFO - Sync 1 DAGs
[2026-04-11T01:34:06.561+0000] {logging_mixin.py:188} INFO - [2026-04-11T01:34:06.561+0000] {dag.py:3823} INFO - Setting next_dagrun for fish_trade_pipeline to 2026-05-01 10:00:00+00:00, run_after=2026-06-01 10:00:00+00:00
[2026-04-11T01:34:06.584+0000] {processor.py:183} INFO - Processing /opt/airflow/dags/trade_fish_dag.py took 1.073 seconds
[2026-04-11T01:34:36.777+0000] {processor.py:161} INFO - Started process (PID=607) to work on /opt/airflow/dags/trade_fish_dag.py
[2026-04-11T01:34:36.778+0000] {processor.py:830} INFO - Processing file /opt/airflow/dags/trade_fish_dag.py for tasks to queue
[2026-04-11T01:34:36.779+0000] {logging_mixin.py:188} INFO - [2026-04-11T01:34:36.779+0000] {dagbag.py:538} INFO - Filling up the DagBag from /opt/airflow/dags/trade_fish_dag.py
[2026-04-11T01:34:37.160+0000] {processor.py:840} INFO - DAG(s) 'fish_trade_pipeline' retrieved from /opt/airflow/dags/trade_fish_dag.py
[2026-04-11T01:34:37.178+0000] {logging_mixin.py:188} INFO - [2026-04-11T01:34:37.178+0000] {dag.py:3036} INFO - Sync 1 DAGs
[2026-04-11T01:34:37.192+0000] {logging_mixin.py:188} INFO - [2026-04-11T01:34:37.192+0000] {dag.py:3823} INFO - Setting next_dagrun for fish_trade_pipeline to 2026-05-01 10:00:00+00:00, run_after=2026-06-01 10:00:00+00:00
[2026-04-11T01:34:37.209+0000] {processor.py:183} INFO - Processing /opt/airflow/dags/trade_fish_dag.py took 0.432 seconds
[2026-04-11T01:35:07.492+0000] {processor.py:161} INFO - Started process (PID=619) to work on /opt/airflow/dags/trade_fish_dag.py
[2026-04-11T01:35:07.494+0000] {processor.py:830} INFO - Processing file /opt/airflow/dags/trade_fish_dag.py for tasks to queue
[2026-04-11T01:35:07.495+0000] {logging_mixin.py:188} INFO - [2026-04-11T01:35:07.495+0000] {dagbag.py:538} INFO - Filling up the DagBag from /opt/airflow/dags/trade_fish_dag.py
[2026-04-11T01:35:07.945+0000] {processor.py:840} INFO - DAG(s) 'fish_trade_pipeline' retrieved from /opt/airflow/dags/trade_fish_dag.py
[2026-04-11T01:35:07.968+0000] {logging_mixin.py:188} INFO - [2026-04-11T01:35:07.967+0000] {dag.py:3036} INFO - Sync 1 DAGs
[2026-04-11T01:35:07.984+0000] {logging_mixin.py:188} INFO - [2026-04-11T01:35:07.984+0000] {dag.py:3823} INFO - Setting next_dagrun for fish_trade_pipeline to 2026-05-01 10:00:00+00:00, run_after=2026-06-01 10:00:00+00:00
[2026-04-11T01:35:08.002+0000] {processor.py:183} INFO - Processing /opt/airflow/dags/trade_fish_dag.py took 0.513 seconds
[2026-04-11T01:35:38.221+0000] {processor.py:161} INFO - Started process (PID=631) to work on /opt/airflow/dags/trade_fish_dag.py
[2026-04-11T01:35:38.222+0000] {processor.py:830} INFO - Processing file /opt/airflow/dags/trade_fish_dag.py for tasks to queue
[2026-04-11T01:35:38.224+0000] {logging_mixin.py:188} INFO - [2026-04-11T01:35:38.223+0000] {dagbag.py:538} INFO - Filling up the DagBag from /opt/airflow/dags/trade_fish_dag.py
[2026-04-11T01:35:38.682+0000] {processor.py:840} INFO - DAG(s) 'fish_trade_pipeline' retrieved from /opt/airflow/dags/trade_fish_dag.py
[2026-04-11T01:35:38.702+0000] {logging_mixin.py:188} INFO - [2026-04-11T01:35:38.701+0000] {dag.py:3036} INFO - Sync 1 DAGs
[2026-04-11T01:35:38.716+0000] {logging_mixin.py:188} INFO - [2026-04-11T01:35:38.715+0000] {dag.py:3823} INFO - Setting next_dagrun for fish_trade_pipeline to 2026-05-01 10:00:00+00:00, run_after=2026-06-01 10:00:00+00:00
[2026-04-11T01:35:38.729+0000] {processor.py:183} INFO - Processing /opt/airflow/dags/trade_fish_dag.py took 0.511 seconds
[2026-04-11T01:36:08.956+0000] {processor.py:161} INFO - Started process (PID=643) to work on /opt/airflow/dags/trade_fish_dag.py
[2026-04-11T01:36:08.958+0000] {processor.py:830} INFO - Processing file /opt/airflow/dags/trade_fish_dag.py for tasks to queue
[2026-04-11T01:36:08.959+0000] {logging_mixin.py:188} INFO - [2026-04-11T01:36:08.958+0000] {dagbag.py:538} INFO - Filling up the DagBag from /opt/airflow/dags/trade_fish_dag.py
[2026-04-11T01:36:09.383+0000] {processor.py:840} INFO - DAG(s) 'fish_trade_pipeline' retrieved from /opt/airflow/dags/trade_fish_dag.py
[2026-04-11T01:36:09.406+0000] {logging_mixin.py:188} INFO - [2026-04-11T01:36:09.406+0000] {dag.py:3036} INFO - Sync 1 DAGs
[2026-04-11T01:36:09.422+0000] {logging_mixin.py:188} INFO - [2026-04-11T01:36:09.422+0000] {dag.py:3823} INFO - Setting next_dagrun for fish_trade_pipeline to 2026-05-01 10:00:00+00:00, run_after=2026-06-01 10:00:00+00:00
[2026-04-11T01:36:09.439+0000] {processor.py:183} INFO - Processing /opt/airflow/dags/trade_fish_dag.py took 0.485 seconds
[2026-04-11T01:36:39.619+0000] {processor.py:161} INFO - Started process (PID=655) to work on /opt/airflow/dags/trade_fish_dag.py
[2026-04-11T01:36:39.620+0000] {processor.py:830} INFO - Processing file /opt/airflow/dags/trade_fish_dag.py for tasks to queue
[2026-04-11T01:36:39.622+0000] {logging_mixin.py:188} INFO - [2026-04-11T01:36:39.621+0000] {dagbag.py:538} INFO - Filling up the DagBag from /opt/airflow/dags/trade_fish_dag.py
[2026-04-11T01:36:40.060+0000] {processor.py:840} INFO - DAG(s) 'fish_trade_pipeline' retrieved from /opt/airflow/dags/trade_fish_dag.py
[2026-04-11T01:36:40.082+0000] {logging_mixin.py:188} INFO - [2026-04-11T01:36:40.081+0000] {dag.py:3036} INFO - Sync 1 DAGs
[2026-04-11T01:36:40.098+0000] {logging_mixin.py:188} INFO - [2026-04-11T01:36:40.098+0000] {dag.py:3823} INFO - Setting next_dagrun for fish_trade_pipeline to 2026-05-01 10:00:00+00:00, run_after=2026-06-01 10:00:00+00:00
[2026-04-11T01:36:40.115+0000] {processor.py:183} INFO - Processing /opt/airflow/dags/trade_fish_dag.py took 0.502 seconds
[2026-04-11T01:36:40.714+0000] {processor.py:161} INFO - Started process (PID=661) to work on /opt/airflow/dags/trade_fish_dag.py
[2026-04-11T01:36:40.715+0000] {processor.py:830} INFO - Processing file /opt/airflow/dags/trade_fish_dag.py for tasks to queue
[2026-04-11T01:36:40.717+0000] {logging_mixin.py:188} INFO - [2026-04-11T01:36:40.716+0000] {dagbag.py:538} INFO - Filling up the DagBag from /opt/airflow/dags/trade_fish_dag.py
[2026-04-11T01:36:41.191+0000] {processor.py:840} INFO - DAG(s) 'fish_trade_pipeline' retrieved from /opt/airflow/dags/trade_fish_dag.py
[2026-04-11T01:36:41.213+0000] {logging_mixin.py:188} INFO - [2026-04-11T01:36:41.213+0000] {dag.py:3036} INFO - Sync 1 DAGs
[2026-04-11T01:36:41.229+0000] {logging_mixin.py:188} INFO - [2026-04-11T01:36:41.229+0000] {dag.py:3823} INFO - Setting next_dagrun for fish_trade_pipeline to 2026-05-01 10:00:00+00:00, run_after=2026-06-01 10:00:00+00:00
[2026-04-11T01:36:41.251+0000] {processor.py:183} INFO - Processing /opt/airflow/dags/trade_fish_dag.py took 0.539 seconds
[2026-04-11T01:36:42.183+0000] {processor.py:161} INFO - Started process (PID=673) to work on /opt/airflow/dags/trade_fish_dag.py
[2026-04-11T01:36:42.184+0000] {processor.py:830} INFO - Processing file /opt/airflow/dags/trade_fish_dag.py for tasks to queue
[2026-04-11T01:36:42.185+0000] {logging_mixin.py:188} INFO - [2026-04-11T01:36:42.185+0000] {dagbag.py:538} INFO - Filling up the DagBag from /opt/airflow/dags/trade_fish_dag.py
[2026-04-11T01:36:42.212+0000] {logging_mixin.py:188} INFO - [2026-04-11T01:36:42.210+0000] {dagbag.py:348} ERROR - Failed to import: /opt/airflow/dags/trade_fish_dag.py
Traceback (most recent call last):
  File "/home/airflow/.local/lib/python3.11/site-packages/airflow/models/dagbag.py", line 344, in parse
    loader.exec_module(new_module)
  File "<frozen importlib._bootstrap_external>", line 936, in exec_module
  File "<frozen importlib._bootstrap_external>", line 1074, in get_code
  File "<frozen importlib._bootstrap_external>", line 1004, in source_to_code
  File "<frozen importlib._bootstrap>", line 241, in _call_with_frames_removed
  File "/opt/airflow/dags/trade_fish_dag.py", line 86
    def generate_docs():
IndentationError: unexpected unindent
[2026-04-11T01:36:42.212+0000] {processor.py:842} WARNING - No viable dags retrieved from /opt/airflow/dags/trade_fish_dag.py
[2026-04-11T01:36:42.231+0000] {processor.py:183} INFO - Processing /opt/airflow/dags/trade_fish_dag.py took 0.051 seconds
[2026-04-11T01:36:43.209+0000] {processor.py:161} INFO - Started process (PID=678) to work on /opt/airflow/dags/trade_fish_dag.py
[2026-04-11T01:36:43.211+0000] {processor.py:830} INFO - Processing file /opt/airflow/dags/trade_fish_dag.py for tasks to queue
[2026-04-11T01:36:43.212+0000] {logging_mixin.py:188} INFO - [2026-04-11T01:36:43.212+0000] {dagbag.py:538} INFO - Filling up the DagBag from /opt/airflow/dags/trade_fish_dag.py
[2026-04-11T01:36:43.242+0000] {logging_mixin.py:188} INFO - [2026-04-11T01:36:43.242+0000] {dagbag.py:348} ERROR - Failed to import: /opt/airflow/dags/trade_fish_dag.py
Traceback (most recent call last):
  File "/home/airflow/.local/lib/python3.11/site-packages/airflow/models/dagbag.py", line 344, in parse
    loader.exec_module(new_module)
  File "<frozen importlib._bootstrap_external>", line 936, in exec_module
  File "<frozen importlib._bootstrap_external>", line 1074, in get_code
  File "<frozen importlib._bootstrap_external>", line 1004, in source_to_code
  File "<frozen importlib._bootstrap>", line 241, in _call_with_frames_removed
  File "/opt/airflow/dags/trade_fish_dag.py", line 87
    return run_dbt_command('docs generate', '')
    ^^^^^^
IndentationError: expected an indented block after function definition on line 86
[2026-04-11T01:36:43.244+0000] {processor.py:842} WARNING - No viable dags retrieved from /opt/airflow/dags/trade_fish_dag.py
[2026-04-11T01:36:43.279+0000] {processor.py:183} INFO - Processing /opt/airflow/dags/trade_fish_dag.py took 0.073 seconds
[2026-04-11T01:36:44.295+0000] {processor.py:161} INFO - Started process (PID=683) to work on /opt/airflow/dags/trade_fish_dag.py
[2026-04-11T01:36:44.296+0000] {processor.py:830} INFO - Processing file /opt/airflow/dags/trade_fish_dag.py for tasks to queue
[2026-04-11T01:36:44.297+0000] {logging_mixin.py:188} INFO - [2026-04-11T01:36:44.297+0000] {dagbag.py:538} INFO - Filling up the DagBag from /opt/airflow/dags/trade_fish_dag.py
[2026-04-11T01:36:44.745+0000] {processor.py:840} INFO - DAG(s) 'fish_trade_pipeline' retrieved from /opt/airflow/dags/trade_fish_dag.py
[2026-04-11T01:36:44.765+0000] {logging_mixin.py:188} INFO - [2026-04-11T01:36:44.765+0000] {dag.py:3036} INFO - Sync 1 DAGs
[2026-04-11T01:36:44.778+0000] {logging_mixin.py:188} INFO - [2026-04-11T01:36:44.778+0000] {dag.py:3823} INFO - Setting next_dagrun for fish_trade_pipeline to 2026-05-01 10:00:00+00:00, run_after=2026-06-01 10:00:00+00:00
[2026-04-11T01:36:44.799+0000] {processor.py:183} INFO - Processing /opt/airflow/dags/trade_fish_dag.py took 0.507 seconds
[2026-04-11T01:36:46.361+0000] {processor.py:161} INFO - Started process (PID=689) to work on /opt/airflow/dags/trade_fish_dag.py
[2026-04-11T01:36:46.362+0000] {processor.py:830} INFO - Processing file /opt/airflow/dags/trade_fish_dag.py for tasks to queue
[2026-04-11T01:36:46.364+0000] {logging_mixin.py:188} INFO - [2026-04-11T01:36:46.363+0000] {dagbag.py:538} INFO - Filling up the DagBag from /opt/airflow/dags/trade_fish_dag.py
[2026-04-11T01:36:46.824+0000] {processor.py:840} INFO - DAG(s) 'fish_trade_pipeline' retrieved from /opt/airflow/dags/trade_fish_dag.py
[2026-04-11T01:36:46.845+0000] {logging_mixin.py:188} INFO - [2026-04-11T01:36:46.845+0000] {dag.py:3036} INFO - Sync 1 DAGs
[2026-04-11T01:36:46.859+0000] {logging_mixin.py:188} INFO - [2026-04-11T01:36:46.858+0000] {dag.py:3823} INFO - Setting next_dagrun for fish_trade_pipeline to 2026-05-01 10:00:00+00:00, run_after=2026-06-01 10:00:00+00:00
[2026-04-11T01:36:46.882+0000] {processor.py:183} INFO - Processing /opt/airflow/dags/trade_fish_dag.py took 0.525 seconds
[2026-04-11T01:36:47.879+0000] {processor.py:161} INFO - Started process (PID=695) to work on /opt/airflow/dags/trade_fish_dag.py
[2026-04-11T01:36:47.880+0000] {processor.py:830} INFO - Processing file /opt/airflow/dags/trade_fish_dag.py for tasks to queue
[2026-04-11T01:36:47.881+0000] {logging_mixin.py:188} INFO - [2026-04-11T01:36:47.881+0000] {dagbag.py:538} INFO - Filling up the DagBag from /opt/airflow/dags/trade_fish_dag.py
[2026-04-11T01:36:48.379+0000] {processor.py:840} INFO - DAG(s) 'fish_trade_pipeline' retrieved from /opt/airflow/dags/trade_fish_dag.py
[2026-04-11T01:36:48.403+0000] {logging_mixin.py:188} INFO - [2026-04-11T01:36:48.402+0000] {dag.py:3036} INFO - Sync 1 DAGs
[2026-04-11T01:36:48.422+0000] {logging_mixin.py:188} INFO - [2026-04-11T01:36:48.422+0000] {dag.py:3823} INFO - Setting next_dagrun for fish_trade_pipeline to 2026-05-01 10:00:00+00:00, run_after=2026-06-01 10:00:00+00:00
[2026-04-11T01:36:48.494+0000] {processor.py:183} INFO - Processing /opt/airflow/dags/trade_fish_dag.py took 0.617 seconds
[2026-04-11T01:36:54.606+0000] {processor.py:161} INFO - Started process (PID=701) to work on /opt/airflow/dags/trade_fish_dag.py
[2026-04-11T01:36:54.608+0000] {processor.py:830} INFO - Processing file /opt/airflow/dags/trade_fish_dag.py for tasks to queue
[2026-04-11T01:36:54.609+0000] {logging_mixin.py:188} INFO - [2026-04-11T01:36:54.609+0000] {dagbag.py:538} INFO - Filling up the DagBag from /opt/airflow/dags/trade_fish_dag.py
[2026-04-11T01:36:55.108+0000] {processor.py:840} INFO - DAG(s) 'fish_trade_pipeline' retrieved from /opt/airflow/dags/trade_fish_dag.py
[2026-04-11T01:36:55.130+0000] {logging_mixin.py:188} INFO - [2026-04-11T01:36:55.129+0000] {dag.py:3036} INFO - Sync 1 DAGs
[2026-04-11T01:36:55.147+0000] {logging_mixin.py:188} INFO - [2026-04-11T01:36:55.147+0000] {dag.py:3823} INFO - Setting next_dagrun for fish_trade_pipeline to 2026-05-01 10:00:00+00:00, run_after=2026-06-01 10:00:00+00:00
[2026-04-11T01:36:55.169+0000] {processor.py:183} INFO - Processing /opt/airflow/dags/trade_fish_dag.py took 0.568 seconds
[2026-04-11T01:36:58.270+0000] {processor.py:161} INFO - Started process (PID=707) to work on /opt/airflow/dags/trade_fish_dag.py
[2026-04-11T01:36:58.272+0000] {processor.py:830} INFO - Processing file /opt/airflow/dags/trade_fish_dag.py for tasks to queue
[2026-04-11T01:36:58.273+0000] {logging_mixin.py:188} INFO - [2026-04-11T01:36:58.273+0000] {dagbag.py:538} INFO - Filling up the DagBag from /opt/airflow/dags/trade_fish_dag.py
[2026-04-11T01:36:58.765+0000] {processor.py:840} INFO - DAG(s) 'fish_trade_pipeline' retrieved from /opt/airflow/dags/trade_fish_dag.py
[2026-04-11T01:36:58.785+0000] {logging_mixin.py:188} INFO - [2026-04-11T01:36:58.785+0000] {dag.py:3036} INFO - Sync 1 DAGs
[2026-04-11T01:36:58.804+0000] {logging_mixin.py:188} INFO - [2026-04-11T01:36:58.804+0000] {dag.py:3823} INFO - Setting next_dagrun for fish_trade_pipeline to 2026-05-01 10:00:00+00:00, run_after=2026-06-01 10:00:00+00:00
[2026-04-11T01:36:58.824+0000] {processor.py:183} INFO - Processing /opt/airflow/dags/trade_fish_dag.py took 0.558 seconds
[2026-04-11T01:37:09.955+0000] {processor.py:161} INFO - Started process (PID=713) to work on /opt/airflow/dags/trade_fish_dag.py
[2026-04-11T01:37:09.956+0000] {processor.py:830} INFO - Processing file /opt/airflow/dags/trade_fish_dag.py for tasks to queue
[2026-04-11T01:37:09.957+0000] {logging_mixin.py:188} INFO - [2026-04-11T01:37:09.957+0000] {dagbag.py:538} INFO - Filling up the DagBag from /opt/airflow/dags/trade_fish_dag.py
[2026-04-11T01:37:10.393+0000] {processor.py:840} INFO - DAG(s) 'fish_trade_pipeline' retrieved from /opt/airflow/dags/trade_fish_dag.py
[2026-04-11T01:37:10.497+0000] {logging_mixin.py:188} INFO - [2026-04-11T01:37:10.496+0000] {dag.py:3036} INFO - Sync 1 DAGs
[2026-04-11T01:37:10.512+0000] {logging_mixin.py:188} INFO - [2026-04-11T01:37:10.512+0000] {dag.py:3823} INFO - Setting next_dagrun for fish_trade_pipeline to 2026-05-01 10:00:00+00:00, run_after=2026-06-01 10:00:00+00:00
[2026-04-11T01:37:10.536+0000] {processor.py:183} INFO - Processing /opt/airflow/dags/trade_fish_dag.py took 0.584 seconds
[2026-04-11T01:37:40.621+0000] {processor.py:161} INFO - Started process (PID=725) to work on /opt/airflow/dags/trade_fish_dag.py
[2026-04-11T01:37:40.623+0000] {processor.py:830} INFO - Processing file /opt/airflow/dags/trade_fish_dag.py for tasks to queue
[2026-04-11T01:37:40.624+0000] {logging_mixin.py:188} INFO - [2026-04-11T01:37:40.624+0000] {dagbag.py:538} INFO - Filling up the DagBag from /opt/airflow/dags/trade_fish_dag.py
[2026-04-11T01:37:41.055+0000] {processor.py:840} INFO - DAG(s) 'fish_trade_pipeline' retrieved from /opt/airflow/dags/trade_fish_dag.py
[2026-04-11T01:37:41.118+0000] {logging_mixin.py:188} INFO - [2026-04-11T01:37:41.118+0000] {dag.py:3036} INFO - Sync 1 DAGs
[2026-04-11T01:37:41.125+0000] {logging_mixin.py:188} INFO - [2026-04-11T01:37:41.125+0000] {dag.py:3058} INFO - Creating ORM DAG for fish_trade_pipeline
[2026-04-11T01:37:41.132+0000] {logging_mixin.py:188} INFO - [2026-04-11T01:37:41.131+0000] {dag.py:3823} INFO - Setting next_dagrun for fish_trade_pipeline to 2026-05-01 10:00:00+00:00, run_after=2026-06-01 10:00:00+00:00
[2026-04-11T01:37:41.147+0000] {processor.py:183} INFO - Processing /opt/airflow/dags/trade_fish_dag.py took 0.528 seconds
[2026-04-11T01:38:11.371+0000] {processor.py:161} INFO - Started process (PID=799) to work on /opt/airflow/dags/trade_fish_dag.py
[2026-04-11T01:38:11.372+0000] {processor.py:830} INFO - Processing file /opt/airflow/dags/trade_fish_dag.py for tasks to queue
[2026-04-11T01:38:11.373+0000] {logging_mixin.py:188} INFO - [2026-04-11T01:38:11.373+0000] {dagbag.py:538} INFO - Filling up the DagBag from /opt/airflow/dags/trade_fish_dag.py
[2026-04-11T01:38:11.829+0000] {processor.py:840} INFO - DAG(s) 'fish_trade_pipeline' retrieved from /opt/airflow/dags/trade_fish_dag.py
[2026-04-11T01:38:11.853+0000] {logging_mixin.py:188} INFO - [2026-04-11T01:38:11.853+0000] {dag.py:3036} INFO - Sync 1 DAGs
[2026-04-11T01:38:11.869+0000] {logging_mixin.py:188} INFO - [2026-04-11T01:38:11.869+0000] {dag.py:3823} INFO - Setting next_dagrun for fish_trade_pipeline to 2026-05-01 10:00:00+00:00, run_after=2026-06-01 10:00:00+00:00
[2026-04-11T01:38:11.889+0000] {processor.py:183} INFO - Processing /opt/airflow/dags/trade_fish_dag.py took 0.522 seconds
[2026-04-11T01:38:42.143+0000] {processor.py:161} INFO - Started process (PID=842) to work on /opt/airflow/dags/trade_fish_dag.py
[2026-04-11T01:38:42.144+0000] {processor.py:830} INFO - Processing file /opt/airflow/dags/trade_fish_dag.py for tasks to queue
[2026-04-11T01:38:42.145+0000] {logging_mixin.py:188} INFO - [2026-04-11T01:38:42.145+0000] {dagbag.py:538} INFO - Filling up the DagBag from /opt/airflow/dags/trade_fish_dag.py
[2026-04-11T01:38:42.661+0000] {processor.py:840} INFO - DAG(s) 'fish_trade_pipeline' retrieved from /opt/airflow/dags/trade_fish_dag.py
[2026-04-11T01:38:42.687+0000] {logging_mixin.py:188} INFO - [2026-04-11T01:38:42.686+0000] {dag.py:3036} INFO - Sync 1 DAGs
[2026-04-11T01:38:42.705+0000] {logging_mixin.py:188} INFO - [2026-04-11T01:38:42.705+0000] {dag.py:3823} INFO - Setting next_dagrun for fish_trade_pipeline to 2026-05-01 10:00:00+00:00, run_after=2026-06-01 10:00:00+00:00
[2026-04-11T01:38:42.725+0000] {processor.py:183} INFO - Processing /opt/airflow/dags/trade_fish_dag.py took 0.585 seconds
[2026-04-11T01:39:12.788+0000] {processor.py:161} INFO - Started process (PID=854) to work on /opt/airflow/dags/trade_fish_dag.py
[2026-04-11T01:39:12.789+0000] {processor.py:830} INFO - Processing file /opt/airflow/dags/trade_fish_dag.py for tasks to queue
[2026-04-11T01:39:12.789+0000] {logging_mixin.py:188} INFO - [2026-04-11T01:39:12.789+0000] {dagbag.py:538} INFO - Filling up the DagBag from /opt/airflow/dags/trade_fish_dag.py
[2026-04-11T01:39:13.262+0000] {processor.py:840} INFO - DAG(s) 'fish_trade_pipeline' retrieved from /opt/airflow/dags/trade_fish_dag.py
[2026-04-11T01:39:13.289+0000] {logging_mixin.py:188} INFO - [2026-04-11T01:39:13.289+0000] {dag.py:3036} INFO - Sync 1 DAGs
[2026-04-11T01:39:13.310+0000] {logging_mixin.py:188} INFO - [2026-04-11T01:39:13.310+0000] {dag.py:3823} INFO - Setting next_dagrun for fish_trade_pipeline to 2026-05-01 10:00:00+00:00, run_after=2026-06-01 10:00:00+00:00
[2026-04-11T01:39:13.332+0000] {processor.py:183} INFO - Processing /opt/airflow/dags/trade_fish_dag.py took 0.547 seconds
[2026-04-11T01:39:43.577+0000] {processor.py:161} INFO - Started process (PID=866) to work on /opt/airflow/dags/trade_fish_dag.py
[2026-04-11T01:39:43.578+0000] {processor.py:830} INFO - Processing file /opt/airflow/dags/trade_fish_dag.py for tasks to queue
[2026-04-11T01:39:43.581+0000] {logging_mixin.py:188} INFO - [2026-04-11T01:39:43.580+0000] {dagbag.py:538} INFO - Filling up the DagBag from /opt/airflow/dags/trade_fish_dag.py
[2026-04-11T01:39:44.011+0000] {processor.py:840} INFO - DAG(s) 'fish_trade_pipeline' retrieved from /opt/airflow/dags/trade_fish_dag.py
[2026-04-11T01:39:44.032+0000] {logging_mixin.py:188} INFO - [2026-04-11T01:39:44.031+0000] {dag.py:3036} INFO - Sync 1 DAGs
[2026-04-11T01:39:44.047+0000] {logging_mixin.py:188} INFO - [2026-04-11T01:39:44.047+0000] {dag.py:3823} INFO - Setting next_dagrun for fish_trade_pipeline to 2026-05-01 10:00:00+00:00, run_after=2026-06-01 10:00:00+00:00
[2026-04-11T01:39:44.064+0000] {processor.py:183} INFO - Processing /opt/airflow/dags/trade_fish_dag.py took 0.490 seconds
[2026-04-11T01:39:52.754+0000] {processor.py:161} INFO - Started process (PID=872) to work on /opt/airflow/dags/trade_fish_dag.py
[2026-04-11T01:39:52.756+0000] {processor.py:830} INFO - Processing file /opt/airflow/dags/trade_fish_dag.py for tasks to queue
[2026-04-11T01:39:52.757+0000] {logging_mixin.py:188} INFO - [2026-04-11T01:39:52.757+0000] {dagbag.py:538} INFO - Filling up the DagBag from /opt/airflow/dags/trade_fish_dag.py
[2026-04-11T01:39:52.795+0000] {logging_mixin.py:188} INFO - [2026-04-11T01:39:52.794+0000] {dagbag.py:348} ERROR - Failed to import: /opt/airflow/dags/trade_fish_dag.py
Traceback (most recent call last):
  File "/home/airflow/.local/lib/python3.11/site-packages/airflow/models/dagbag.py", line 344, in parse
    loader.exec_module(new_module)
  File "<frozen importlib._bootstrap_external>", line 936, in exec_module
  File "<frozen importlib._bootstrap_external>", line 1074, in get_code
  File "<frozen importlib._bootstrap_external>", line 1004, in source_to_code
  File "<frozen importlib._bootstrap>", line 241, in _call_with_frames_removed
  File "/opt/airflow/dags/trade_fish_dag.py", line 87
    def generate_docs():
IndentationError: unexpected unindent
[2026-04-11T01:39:52.796+0000] {processor.py:842} WARNING - No viable dags retrieved from /opt/airflow/dags/trade_fish_dag.py
[2026-04-11T01:39:52.829+0000] {processor.py:183} INFO - Processing /opt/airflow/dags/trade_fish_dag.py took 0.078 seconds
[2026-04-11T01:39:53.884+0000] {processor.py:161} INFO - Started process (PID=877) to work on /opt/airflow/dags/trade_fish_dag.py
[2026-04-11T01:39:53.885+0000] {processor.py:830} INFO - Processing file /opt/airflow/dags/trade_fish_dag.py for tasks to queue
[2026-04-11T01:39:53.886+0000] {logging_mixin.py:188} INFO - [2026-04-11T01:39:53.885+0000] {dagbag.py:538} INFO - Filling up the DagBag from /opt/airflow/dags/trade_fish_dag.py
[2026-04-11T01:39:53.910+0000] {logging_mixin.py:188} INFO - [2026-04-11T01:39:53.909+0000] {dagbag.py:348} ERROR - Failed to import: /opt/airflow/dags/trade_fish_dag.py
Traceback (most recent call last):
  File "/home/airflow/.local/lib/python3.11/site-packages/airflow/models/dagbag.py", line 344, in parse
    loader.exec_module(new_module)
  File "<frozen importlib._bootstrap_external>", line 936, in exec_module
  File "<frozen importlib._bootstrap_external>", line 1074, in get_code
  File "<frozen importlib._bootstrap_external>", line 1004, in source_to_code
  File "<frozen importlib._bootstrap>", line 241, in _call_with_frames_removed
  File "/opt/airflow/dags/trade_fish_dag.py", line 88
    base_path = '/opt/airflow/dbt'
    ^^^^^^^^^
IndentationError: expected an indented block after function definition on line 87
[2026-04-11T01:39:53.910+0000] {processor.py:842} WARNING - No viable dags retrieved from /opt/airflow/dags/trade_fish_dag.py
[2026-04-11T01:39:53.928+0000] {processor.py:183} INFO - Processing /opt/airflow/dags/trade_fish_dag.py took 0.048 seconds
[2026-04-11T01:39:56.945+0000] {processor.py:161} INFO - Started process (PID=882) to work on /opt/airflow/dags/trade_fish_dag.py
[2026-04-11T01:39:56.947+0000] {processor.py:830} INFO - Processing file /opt/airflow/dags/trade_fish_dag.py for tasks to queue
[2026-04-11T01:39:56.948+0000] {logging_mixin.py:188} INFO - [2026-04-11T01:39:56.948+0000] {dagbag.py:538} INFO - Filling up the DagBag from /opt/airflow/dags/trade_fish_dag.py
[2026-04-11T01:39:57.374+0000] {processor.py:840} INFO - DAG(s) 'fish_trade_pipeline' retrieved from /opt/airflow/dags/trade_fish_dag.py
[2026-04-11T01:39:57.393+0000] {logging_mixin.py:188} INFO - [2026-04-11T01:39:57.393+0000] {dag.py:3036} INFO - Sync 1 DAGs
[2026-04-11T01:39:57.409+0000] {logging_mixin.py:188} INFO - [2026-04-11T01:39:57.409+0000] {dag.py:3823} INFO - Setting next_dagrun for fish_trade_pipeline to 2026-05-01 10:00:00+00:00, run_after=2026-06-01 10:00:00+00:00
[2026-04-11T01:39:57.483+0000] {processor.py:183} INFO - Processing /opt/airflow/dags/trade_fish_dag.py took 0.543 seconds
[2026-04-11T01:40:27.704+0000] {processor.py:161} INFO - Started process (PID=953) to work on /opt/airflow/dags/trade_fish_dag.py
[2026-04-11T01:40:27.705+0000] {processor.py:830} INFO - Processing file /opt/airflow/dags/trade_fish_dag.py for tasks to queue
[2026-04-11T01:40:27.706+0000] {logging_mixin.py:188} INFO - [2026-04-11T01:40:27.705+0000] {dagbag.py:538} INFO - Filling up the DagBag from /opt/airflow/dags/trade_fish_dag.py
[2026-04-11T01:40:28.132+0000] {processor.py:840} INFO - DAG(s) 'fish_trade_pipeline' retrieved from /opt/airflow/dags/trade_fish_dag.py
[2026-04-11T01:40:28.154+0000] {logging_mixin.py:188} INFO - [2026-04-11T01:40:28.153+0000] {dag.py:3036} INFO - Sync 1 DAGs
[2026-04-11T01:40:28.169+0000] {logging_mixin.py:188} INFO - [2026-04-11T01:40:28.169+0000] {dag.py:3823} INFO - Setting next_dagrun for fish_trade_pipeline to 2026-05-01 10:00:00+00:00, run_after=2026-06-01 10:00:00+00:00
[2026-04-11T01:40:28.235+0000] {processor.py:183} INFO - Processing /opt/airflow/dags/trade_fish_dag.py took 0.535 seconds
[2026-04-11T01:40:58.407+0000] {processor.py:161} INFO - Started process (PID=1021) to work on /opt/airflow/dags/trade_fish_dag.py
[2026-04-11T01:40:58.408+0000] {processor.py:830} INFO - Processing file /opt/airflow/dags/trade_fish_dag.py for tasks to queue
[2026-04-11T01:40:58.409+0000] {logging_mixin.py:188} INFO - [2026-04-11T01:40:58.409+0000] {dagbag.py:538} INFO - Filling up the DagBag from /opt/airflow/dags/trade_fish_dag.py
[2026-04-11T01:40:58.830+0000] {processor.py:840} INFO - DAG(s) 'fish_trade_pipeline' retrieved from /opt/airflow/dags/trade_fish_dag.py
[2026-04-11T01:40:58.851+0000] {logging_mixin.py:188} INFO - [2026-04-11T01:40:58.850+0000] {dag.py:3036} INFO - Sync 1 DAGs
[2026-04-11T01:40:58.866+0000] {logging_mixin.py:188} INFO - [2026-04-11T01:40:58.866+0000] {dag.py:3823} INFO - Setting next_dagrun for fish_trade_pipeline to 2026-05-01 10:00:00+00:00, run_after=2026-06-01 10:00:00+00:00
[2026-04-11T01:40:58.882+0000] {processor.py:183} INFO - Processing /opt/airflow/dags/trade_fish_dag.py took 0.479 seconds
[2026-04-11T01:41:29.242+0000] {processor.py:161} INFO - Started process (PID=1033) to work on /opt/airflow/dags/trade_fish_dag.py
[2026-04-11T01:41:29.243+0000] {processor.py:830} INFO - Processing file /opt/airflow/dags/trade_fish_dag.py for tasks to queue
[2026-04-11T01:41:29.245+0000] {logging_mixin.py:188} INFO - [2026-04-11T01:41:29.244+0000] {dagbag.py:538} INFO - Filling up the DagBag from /opt/airflow/dags/trade_fish_dag.py
[2026-04-11T01:41:29.620+0000] {processor.py:840} INFO - DAG(s) 'fish_trade_pipeline' retrieved from /opt/airflow/dags/trade_fish_dag.py
[2026-04-11T01:41:29.638+0000] {logging_mixin.py:188} INFO - [2026-04-11T01:41:29.638+0000] {dag.py:3036} INFO - Sync 1 DAGs
[2026-04-11T01:41:29.651+0000] {logging_mixin.py:188} INFO - [2026-04-11T01:41:29.651+0000] {dag.py:3823} INFO - Setting next_dagrun for fish_trade_pipeline to 2026-05-01 10:00:00+00:00, run_after=2026-06-01 10:00:00+00:00
[2026-04-11T01:41:29.668+0000] {processor.py:183} INFO - Processing /opt/airflow/dags/trade_fish_dag.py took 0.429 seconds
[2026-04-11T01:41:59.944+0000] {processor.py:161} INFO - Started process (PID=1045) to work on /opt/airflow/dags/trade_fish_dag.py
[2026-04-11T01:41:59.945+0000] {processor.py:830} INFO - Processing file /opt/airflow/dags/trade_fish_dag.py for tasks to queue
[2026-04-11T01:41:59.946+0000] {logging_mixin.py:188} INFO - [2026-04-11T01:41:59.946+0000] {dagbag.py:538} INFO - Filling up the DagBag from /opt/airflow/dags/trade_fish_dag.py
[2026-04-11T01:42:00.389+0000] {processor.py:840} INFO - DAG(s) 'fish_trade_pipeline' retrieved from /opt/airflow/dags/trade_fish_dag.py
[2026-04-11T01:42:00.412+0000] {logging_mixin.py:188} INFO - [2026-04-11T01:42:00.412+0000] {dag.py:3036} INFO - Sync 1 DAGs
[2026-04-11T01:42:00.429+0000] {logging_mixin.py:188} INFO - [2026-04-11T01:42:00.429+0000] {dag.py:3823} INFO - Setting next_dagrun for fish_trade_pipeline to 2026-05-01 10:00:00+00:00, run_after=2026-06-01 10:00:00+00:00
[2026-04-11T01:42:00.447+0000] {processor.py:183} INFO - Processing /opt/airflow/dags/trade_fish_dag.py took 0.506 seconds
[2026-04-11T01:42:30.730+0000] {processor.py:161} INFO - Started process (PID=1057) to work on /opt/airflow/dags/trade_fish_dag.py
[2026-04-11T01:42:30.731+0000] {processor.py:830} INFO - Processing file /opt/airflow/dags/trade_fish_dag.py for tasks to queue
[2026-04-11T01:42:30.732+0000] {logging_mixin.py:188} INFO - [2026-04-11T01:42:30.732+0000] {dagbag.py:538} INFO - Filling up the DagBag from /opt/airflow/dags/trade_fish_dag.py
[2026-04-11T01:42:31.145+0000] {processor.py:840} INFO - DAG(s) 'fish_trade_pipeline' retrieved from /opt/airflow/dags/trade_fish_dag.py
[2026-04-11T01:42:31.163+0000] {logging_mixin.py:188} INFO - [2026-04-11T01:42:31.163+0000] {dag.py:3036} INFO - Sync 1 DAGs
[2026-04-11T01:42:31.176+0000] {logging_mixin.py:188} INFO - [2026-04-11T01:42:31.176+0000] {dag.py:3823} INFO - Setting next_dagrun for fish_trade_pipeline to 2026-05-01 10:00:00+00:00, run_after=2026-06-01 10:00:00+00:00
[2026-04-11T01:42:31.248+0000] {processor.py:183} INFO - Processing /opt/airflow/dags/trade_fish_dag.py took 0.520 seconds
[2026-04-11T01:43:01.503+0000] {processor.py:161} INFO - Started process (PID=1069) to work on /opt/airflow/dags/trade_fish_dag.py
[2026-04-11T01:43:01.504+0000] {processor.py:830} INFO - Processing file /opt/airflow/dags/trade_fish_dag.py for tasks to queue
[2026-04-11T01:43:01.506+0000] {logging_mixin.py:188} INFO - [2026-04-11T01:43:01.505+0000] {dagbag.py:538} INFO - Filling up the DagBag from /opt/airflow/dags/trade_fish_dag.py
[2026-04-11T01:43:01.905+0000] {processor.py:840} INFO - DAG(s) 'fish_trade_pipeline' retrieved from /opt/airflow/dags/trade_fish_dag.py
[2026-04-11T01:43:01.927+0000] {logging_mixin.py:188} INFO - [2026-04-11T01:43:01.926+0000] {dag.py:3036} INFO - Sync 1 DAGs
[2026-04-11T01:43:01.943+0000] {logging_mixin.py:188} INFO - [2026-04-11T01:43:01.943+0000] {dag.py:3823} INFO - Setting next_dagrun for fish_trade_pipeline to 2026-05-01 10:00:00+00:00, run_after=2026-06-01 10:00:00+00:00
[2026-04-11T01:43:01.961+0000] {processor.py:183} INFO - Processing /opt/airflow/dags/trade_fish_dag.py took 0.461 seconds
[2026-04-11T01:43:32.132+0000] {processor.py:161} INFO - Started process (PID=1081) to work on /opt/airflow/dags/trade_fish_dag.py
[2026-04-11T01:43:32.133+0000] {processor.py:830} INFO - Processing file /opt/airflow/dags/trade_fish_dag.py for tasks to queue
[2026-04-11T01:43:32.134+0000] {logging_mixin.py:188} INFO - [2026-04-11T01:43:32.134+0000] {dagbag.py:538} INFO - Filling up the DagBag from /opt/airflow/dags/trade_fish_dag.py
[2026-04-11T01:43:32.572+0000] {processor.py:840} INFO - DAG(s) 'fish_trade_pipeline' retrieved from /opt/airflow/dags/trade_fish_dag.py
[2026-04-11T01:43:32.594+0000] {logging_mixin.py:188} INFO - [2026-04-11T01:43:32.594+0000] {dag.py:3036} INFO - Sync 1 DAGs
[2026-04-11T01:43:32.611+0000] {logging_mixin.py:188} INFO - [2026-04-11T01:43:32.610+0000] {dag.py:3823} INFO - Setting next_dagrun for fish_trade_pipeline to 2026-05-01 10:00:00+00:00, run_after=2026-06-01 10:00:00+00:00
[2026-04-11T01:43:32.628+0000] {processor.py:183} INFO - Processing /opt/airflow/dags/trade_fish_dag.py took 0.500 seconds
[2026-04-11T01:44:02.854+0000] {processor.py:161} INFO - Started process (PID=1093) to work on /opt/airflow/dags/trade_fish_dag.py
[2026-04-11T01:44:02.855+0000] {processor.py:830} INFO - Processing file /opt/airflow/dags/trade_fish_dag.py for tasks to queue
[2026-04-11T01:44:02.857+0000] {logging_mixin.py:188} INFO - [2026-04-11T01:44:02.856+0000] {dagbag.py:538} INFO - Filling up the DagBag from /opt/airflow/dags/trade_fish_dag.py
[2026-04-11T01:44:03.326+0000] {processor.py:840} INFO - DAG(s) 'fish_trade_pipeline' retrieved from /opt/airflow/dags/trade_fish_dag.py
[2026-04-11T01:44:03.363+0000] {logging_mixin.py:188} INFO - [2026-04-11T01:44:03.363+0000] {dag.py:3036} INFO - Sync 1 DAGs
[2026-04-11T01:44:03.388+0000] {logging_mixin.py:188} INFO - [2026-04-11T01:44:03.387+0000] {dag.py:3823} INFO - Setting next_dagrun for fish_trade_pipeline to 2026-05-01 10:00:00+00:00, run_after=2026-06-01 10:00:00+00:00
[2026-04-11T01:44:03.458+0000] {processor.py:183} INFO - Processing /opt/airflow/dags/trade_fish_dag.py took 0.607 seconds
[2026-04-11T01:44:33.665+0000] {processor.py:161} INFO - Started process (PID=1105) to work on /opt/airflow/dags/trade_fish_dag.py
[2026-04-11T01:44:33.666+0000] {processor.py:830} INFO - Processing file /opt/airflow/dags/trade_fish_dag.py for tasks to queue
[2026-04-11T01:44:33.667+0000] {logging_mixin.py:188} INFO - [2026-04-11T01:44:33.667+0000] {dagbag.py:538} INFO - Filling up the DagBag from /opt/airflow/dags/trade_fish_dag.py
[2026-04-11T01:44:34.055+0000] {processor.py:840} INFO - DAG(s) 'fish_trade_pipeline' retrieved from /opt/airflow/dags/trade_fish_dag.py
[2026-04-11T01:44:34.075+0000] {logging_mixin.py:188} INFO - [2026-04-11T01:44:34.074+0000] {dag.py:3036} INFO - Sync 1 DAGs
[2026-04-11T01:44:34.090+0000] {logging_mixin.py:188} INFO - [2026-04-11T01:44:34.089+0000] {dag.py:3823} INFO - Setting next_dagrun for fish_trade_pipeline to 2026-05-01 10:00:00+00:00, run_after=2026-06-01 10:00:00+00:00
[2026-04-11T01:44:34.109+0000] {processor.py:183} INFO - Processing /opt/airflow/dags/trade_fish_dag.py took 0.447 seconds
[2026-04-11T01:45:04.376+0000] {processor.py:161} INFO - Started process (PID=1117) to work on /opt/airflow/dags/trade_fish_dag.py
[2026-04-11T01:45:04.378+0000] {processor.py:830} INFO - Processing file /opt/airflow/dags/trade_fish_dag.py for tasks to queue
[2026-04-11T01:45:04.380+0000] {logging_mixin.py:188} INFO - [2026-04-11T01:45:04.379+0000] {dagbag.py:538} INFO - Filling up the DagBag from /opt/airflow/dags/trade_fish_dag.py
[2026-04-11T01:45:04.797+0000] {processor.py:840} INFO - DAG(s) 'fish_trade_pipeline' retrieved from /opt/airflow/dags/trade_fish_dag.py
[2026-04-11T01:45:04.819+0000] {logging_mixin.py:188} INFO - [2026-04-11T01:45:04.818+0000] {dag.py:3036} INFO - Sync 1 DAGs
[2026-04-11T01:45:04.835+0000] {logging_mixin.py:188} INFO - [2026-04-11T01:45:04.835+0000] {dag.py:3823} INFO - Setting next_dagrun for fish_trade_pipeline to 2026-05-01 10:00:00+00:00, run_after=2026-06-01 10:00:00+00:00
[2026-04-11T01:45:04.854+0000] {processor.py:183} INFO - Processing /opt/airflow/dags/trade_fish_dag.py took 0.482 seconds
[2026-04-11T01:45:35.199+0000] {processor.py:161} INFO - Started process (PID=1130) to work on /opt/airflow/dags/trade_fish_dag.py
[2026-04-11T01:45:35.202+0000] {processor.py:830} INFO - Processing file /opt/airflow/dags/trade_fish_dag.py for tasks to queue
[2026-04-11T01:45:35.204+0000] {logging_mixin.py:188} INFO - [2026-04-11T01:45:35.203+0000] {dagbag.py:538} INFO - Filling up the DagBag from /opt/airflow/dags/trade_fish_dag.py
[2026-04-11T01:45:35.665+0000] {processor.py:840} INFO - DAG(s) 'fish_trade_pipeline' retrieved from /opt/airflow/dags/trade_fish_dag.py
[2026-04-11T01:45:35.685+0000] {logging_mixin.py:188} INFO - [2026-04-11T01:45:35.685+0000] {dag.py:3036} INFO - Sync 1 DAGs
[2026-04-11T01:45:35.702+0000] {logging_mixin.py:188} INFO - [2026-04-11T01:45:35.702+0000] {dag.py:3823} INFO - Setting next_dagrun for fish_trade_pipeline to 2026-05-01 10:00:00+00:00, run_after=2026-06-01 10:00:00+00:00
[2026-04-11T01:45:35.762+0000] {processor.py:183} INFO - Processing /opt/airflow/dags/trade_fish_dag.py took 0.566 seconds
[2026-04-11T01:46:05.991+0000] {processor.py:161} INFO - Started process (PID=1142) to work on /opt/airflow/dags/trade_fish_dag.py
[2026-04-11T01:46:05.992+0000] {processor.py:830} INFO - Processing file /opt/airflow/dags/trade_fish_dag.py for tasks to queue
[2026-04-11T01:46:05.993+0000] {logging_mixin.py:188} INFO - [2026-04-11T01:46:05.993+0000] {dagbag.py:538} INFO - Filling up the DagBag from /opt/airflow/dags/trade_fish_dag.py
[2026-04-11T01:46:06.359+0000] {processor.py:840} INFO - DAG(s) 'fish_trade_pipeline' retrieved from /opt/airflow/dags/trade_fish_dag.py
[2026-04-11T01:46:06.379+0000] {logging_mixin.py:188} INFO - [2026-04-11T01:46:06.378+0000] {dag.py:3036} INFO - Sync 1 DAGs
[2026-04-11T01:46:06.393+0000] {logging_mixin.py:188} INFO - [2026-04-11T01:46:06.393+0000] {dag.py:3823} INFO - Setting next_dagrun for fish_trade_pipeline to 2026-05-01 10:00:00+00:00, run_after=2026-06-01 10:00:00+00:00
[2026-04-11T01:46:06.412+0000] {processor.py:183} INFO - Processing /opt/airflow/dags/trade_fish_dag.py took 0.424 seconds
[2026-04-11T01:46:36.661+0000] {processor.py:161} INFO - Started process (PID=1154) to work on /opt/airflow/dags/trade_fish_dag.py
[2026-04-11T01:46:36.662+0000] {processor.py:830} INFO - Processing file /opt/airflow/dags/trade_fish_dag.py for tasks to queue
[2026-04-11T01:46:36.663+0000] {logging_mixin.py:188} INFO - [2026-04-11T01:46:36.663+0000] {dagbag.py:538} INFO - Filling up the DagBag from /opt/airflow/dags/trade_fish_dag.py
[2026-04-11T01:46:37.079+0000] {processor.py:840} INFO - DAG(s) 'fish_trade_pipeline' retrieved from /opt/airflow/dags/trade_fish_dag.py
[2026-04-11T01:46:37.103+0000] {logging_mixin.py:188} INFO - [2026-04-11T01:46:37.102+0000] {dag.py:3036} INFO - Sync 1 DAGs
[2026-04-11T01:46:37.119+0000] {logging_mixin.py:188} INFO - [2026-04-11T01:46:37.119+0000] {dag.py:3823} INFO - Setting next_dagrun for fish_trade_pipeline to 2026-05-01 10:00:00+00:00, run_after=2026-06-01 10:00:00+00:00
[2026-04-11T01:46:37.183+0000] {processor.py:183} INFO - Processing /opt/airflow/dags/trade_fish_dag.py took 0.522 seconds
[2026-04-11T01:47:07.393+0000] {processor.py:161} INFO - Started process (PID=1166) to work on /opt/airflow/dags/trade_fish_dag.py
[2026-04-11T01:47:07.394+0000] {processor.py:830} INFO - Processing file /opt/airflow/dags/trade_fish_dag.py for tasks to queue
[2026-04-11T01:47:07.395+0000] {logging_mixin.py:188} INFO - [2026-04-11T01:47:07.395+0000] {dagbag.py:538} INFO - Filling up the DagBag from /opt/airflow/dags/trade_fish_dag.py
[2026-04-11T01:47:07.824+0000] {processor.py:840} INFO - DAG(s) 'fish_trade_pipeline' retrieved from /opt/airflow/dags/trade_fish_dag.py
[2026-04-11T01:47:07.843+0000] {logging_mixin.py:188} INFO - [2026-04-11T01:47:07.843+0000] {dag.py:3036} INFO - Sync 1 DAGs
[2026-04-11T01:47:07.858+0000] {logging_mixin.py:188} INFO - [2026-04-11T01:47:07.858+0000] {dag.py:3823} INFO - Setting next_dagrun for fish_trade_pipeline to 2026-05-01 10:00:00+00:00, run_after=2026-06-01 10:00:00+00:00
[2026-04-11T01:47:07.875+0000] {processor.py:183} INFO - Processing /opt/airflow/dags/trade_fish_dag.py took 0.484 seconds
[2026-04-11T01:47:38.092+0000] {processor.py:161} INFO - Started process (PID=1178) to work on /opt/airflow/dags/trade_fish_dag.py
[2026-04-11T01:47:38.093+0000] {processor.py:830} INFO - Processing file /opt/airflow/dags/trade_fish_dag.py for tasks to queue
[2026-04-11T01:47:38.095+0000] {logging_mixin.py:188} INFO - [2026-04-11T01:47:38.094+0000] {dagbag.py:538} INFO - Filling up the DagBag from /opt/airflow/dags/trade_fish_dag.py
[2026-04-11T01:47:38.522+0000] {processor.py:840} INFO - DAG(s) 'fish_trade_pipeline' retrieved from /opt/airflow/dags/trade_fish_dag.py
[2026-04-11T01:47:38.542+0000] {logging_mixin.py:188} INFO - [2026-04-11T01:47:38.541+0000] {dag.py:3036} INFO - Sync 1 DAGs
[2026-04-11T01:47:38.571+0000] {logging_mixin.py:188} INFO - [2026-04-11T01:47:38.571+0000] {dag.py:3823} INFO - Setting next_dagrun for fish_trade_pipeline to 2026-05-01 10:00:00+00:00, run_after=2026-06-01 10:00:00+00:00
[2026-04-11T01:47:38.615+0000] {processor.py:183} INFO - Processing /opt/airflow/dags/trade_fish_dag.py took 0.526 seconds
[2026-04-11T01:48:08.929+0000] {processor.py:161} INFO - Started process (PID=1190) to work on /opt/airflow/dags/trade_fish_dag.py
[2026-04-11T01:48:08.930+0000] {processor.py:830} INFO - Processing file /opt/airflow/dags/trade_fish_dag.py for tasks to queue
[2026-04-11T01:48:08.931+0000] {logging_mixin.py:188} INFO - [2026-04-11T01:48:08.931+0000] {dagbag.py:538} INFO - Filling up the DagBag from /opt/airflow/dags/trade_fish_dag.py
[2026-04-11T01:48:09.356+0000] {processor.py:840} INFO - DAG(s) 'fish_trade_pipeline' retrieved from /opt/airflow/dags/trade_fish_dag.py
[2026-04-11T01:48:09.377+0000] {logging_mixin.py:188} INFO - [2026-04-11T01:48:09.377+0000] {dag.py:3036} INFO - Sync 1 DAGs
[2026-04-11T01:48:09.392+0000] {logging_mixin.py:188} INFO - [2026-04-11T01:48:09.391+0000] {dag.py:3823} INFO - Setting next_dagrun for fish_trade_pipeline to 2026-05-01 10:00:00+00:00, run_after=2026-06-01 10:00:00+00:00
[2026-04-11T01:48:09.417+0000] {processor.py:183} INFO - Processing /opt/airflow/dags/trade_fish_dag.py took 0.491 seconds
[2026-04-11T01:48:39.664+0000] {processor.py:161} INFO - Started process (PID=1202) to work on /opt/airflow/dags/trade_fish_dag.py
[2026-04-11T01:48:39.666+0000] {processor.py:830} INFO - Processing file /opt/airflow/dags/trade_fish_dag.py for tasks to queue
[2026-04-11T01:48:39.667+0000] {logging_mixin.py:188} INFO - [2026-04-11T01:48:39.667+0000] {dagbag.py:538} INFO - Filling up the DagBag from /opt/airflow/dags/trade_fish_dag.py
[2026-04-11T01:48:40.078+0000] {processor.py:840} INFO - DAG(s) 'fish_trade_pipeline' retrieved from /opt/airflow/dags/trade_fish_dag.py
[2026-04-11T01:48:40.098+0000] {logging_mixin.py:188} INFO - [2026-04-11T01:48:40.098+0000] {dag.py:3036} INFO - Sync 1 DAGs
[2026-04-11T01:48:40.114+0000] {logging_mixin.py:188} INFO - [2026-04-11T01:48:40.114+0000] {dag.py:3823} INFO - Setting next_dagrun for fish_trade_pipeline to 2026-05-01 10:00:00+00:00, run_after=2026-06-01 10:00:00+00:00
[2026-04-11T01:48:40.129+0000] {processor.py:183} INFO - Processing /opt/airflow/dags/trade_fish_dag.py took 0.468 seconds
[2026-04-11T01:49:10.367+0000] {processor.py:161} INFO - Started process (PID=1214) to work on /opt/airflow/dags/trade_fish_dag.py
[2026-04-11T01:49:10.368+0000] {processor.py:830} INFO - Processing file /opt/airflow/dags/trade_fish_dag.py for tasks to queue
[2026-04-11T01:49:10.369+0000] {logging_mixin.py:188} INFO - [2026-04-11T01:49:10.369+0000] {dagbag.py:538} INFO - Filling up the DagBag from /opt/airflow/dags/trade_fish_dag.py
[2026-04-11T01:49:10.801+0000] {processor.py:840} INFO - DAG(s) 'fish_trade_pipeline' retrieved from /opt/airflow/dags/trade_fish_dag.py
[2026-04-11T01:49:10.825+0000] {logging_mixin.py:188} INFO - [2026-04-11T01:49:10.824+0000] {dag.py:3036} INFO - Sync 1 DAGs
[2026-04-11T01:49:10.843+0000] {logging_mixin.py:188} INFO - [2026-04-11T01:49:10.843+0000] {dag.py:3823} INFO - Setting next_dagrun for fish_trade_pipeline to 2026-05-01 10:00:00+00:00, run_after=2026-06-01 10:00:00+00:00
[2026-04-11T01:49:10.868+0000] {processor.py:183} INFO - Processing /opt/airflow/dags/trade_fish_dag.py took 0.505 seconds
[2026-04-11T01:49:41.147+0000] {processor.py:161} INFO - Started process (PID=1226) to work on /opt/airflow/dags/trade_fish_dag.py
[2026-04-11T01:49:41.149+0000] {processor.py:830} INFO - Processing file /opt/airflow/dags/trade_fish_dag.py for tasks to queue
[2026-04-11T01:49:41.150+0000] {logging_mixin.py:188} INFO - [2026-04-11T01:49:41.150+0000] {dagbag.py:538} INFO - Filling up the DagBag from /opt/airflow/dags/trade_fish_dag.py
[2026-04-11T01:49:41.560+0000] {processor.py:840} INFO - DAG(s) 'fish_trade_pipeline' retrieved from /opt/airflow/dags/trade_fish_dag.py
[2026-04-11T01:49:41.582+0000] {logging_mixin.py:188} INFO - [2026-04-11T01:49:41.581+0000] {dag.py:3036} INFO - Sync 1 DAGs
[2026-04-11T01:49:41.594+0000] {logging_mixin.py:188} INFO - [2026-04-11T01:49:41.594+0000] {dag.py:3823} INFO - Setting next_dagrun for fish_trade_pipeline to 2026-05-01 10:00:00+00:00, run_after=2026-06-01 10:00:00+00:00
[2026-04-11T01:49:41.613+0000] {processor.py:183} INFO - Processing /opt/airflow/dags/trade_fish_dag.py took 0.470 seconds
[2026-04-11T01:50:11.990+0000] {processor.py:161} INFO - Started process (PID=1238) to work on /opt/airflow/dags/trade_fish_dag.py
[2026-04-11T01:50:11.992+0000] {processor.py:830} INFO - Processing file /opt/airflow/dags/trade_fish_dag.py for tasks to queue
[2026-04-11T01:50:11.993+0000] {logging_mixin.py:188} INFO - [2026-04-11T01:50:11.993+0000] {dagbag.py:538} INFO - Filling up the DagBag from /opt/airflow/dags/trade_fish_dag.py
[2026-04-11T01:50:12.381+0000] {processor.py:840} INFO - DAG(s) 'fish_trade_pipeline' retrieved from /opt/airflow/dags/trade_fish_dag.py
[2026-04-11T01:50:12.399+0000] {logging_mixin.py:188} INFO - [2026-04-11T01:50:12.399+0000] {dag.py:3036} INFO - Sync 1 DAGs
[2026-04-11T01:50:12.413+0000] {logging_mixin.py:188} INFO - [2026-04-11T01:50:12.413+0000] {dag.py:3823} INFO - Setting next_dagrun for fish_trade_pipeline to 2026-05-01 10:00:00+00:00, run_after=2026-06-01 10:00:00+00:00
[2026-04-11T01:50:12.429+0000] {processor.py:183} INFO - Processing /opt/airflow/dags/trade_fish_dag.py took 0.441 seconds
[2026-04-11T01:50:42.696+0000] {processor.py:161} INFO - Started process (PID=1250) to work on /opt/airflow/dags/trade_fish_dag.py
[2026-04-11T01:50:42.698+0000] {processor.py:830} INFO - Processing file /opt/airflow/dags/trade_fish_dag.py for tasks to queue
[2026-04-11T01:50:42.699+0000] {logging_mixin.py:188} INFO - [2026-04-11T01:50:42.698+0000] {dagbag.py:538} INFO - Filling up the DagBag from /opt/airflow/dags/trade_fish_dag.py
[2026-04-11T01:50:43.182+0000] {processor.py:840} INFO - DAG(s) 'fish_trade_pipeline' retrieved from /opt/airflow/dags/trade_fish_dag.py
[2026-04-11T01:50:43.202+0000] {logging_mixin.py:188} INFO - [2026-04-11T01:50:43.202+0000] {dag.py:3036} INFO - Sync 1 DAGs
[2026-04-11T01:50:43.218+0000] {logging_mixin.py:188} INFO - [2026-04-11T01:50:43.218+0000] {dag.py:3823} INFO - Setting next_dagrun for fish_trade_pipeline to 2026-05-01 10:00:00+00:00, run_after=2026-06-01 10:00:00+00:00
[2026-04-11T01:50:43.236+0000] {processor.py:183} INFO - Processing /opt/airflow/dags/trade_fish_dag.py took 0.542 seconds
[2026-04-11T01:51:13.464+0000] {processor.py:161} INFO - Started process (PID=1269) to work on /opt/airflow/dags/trade_fish_dag.py
[2026-04-11T01:51:13.465+0000] {processor.py:830} INFO - Processing file /opt/airflow/dags/trade_fish_dag.py for tasks to queue
[2026-04-11T01:51:13.466+0000] {logging_mixin.py:188} INFO - [2026-04-11T01:51:13.466+0000] {dagbag.py:538} INFO - Filling up the DagBag from /opt/airflow/dags/trade_fish_dag.py
[2026-04-11T01:51:13.878+0000] {processor.py:840} INFO - DAG(s) 'fish_trade_pipeline' retrieved from /opt/airflow/dags/trade_fish_dag.py
[2026-04-11T01:51:13.898+0000] {logging_mixin.py:188} INFO - [2026-04-11T01:51:13.898+0000] {dag.py:3036} INFO - Sync 1 DAGs
[2026-04-11T01:51:13.913+0000] {logging_mixin.py:188} INFO - [2026-04-11T01:51:13.913+0000] {dag.py:3823} INFO - Setting next_dagrun for fish_trade_pipeline to 2026-05-01 10:00:00+00:00, run_after=2026-06-01 10:00:00+00:00
[2026-04-11T01:51:13.927+0000] {processor.py:183} INFO - Processing /opt/airflow/dags/trade_fish_dag.py took 0.466 seconds
[2026-04-11T01:51:44.253+0000] {processor.py:161} INFO - Started process (PID=1281) to work on /opt/airflow/dags/trade_fish_dag.py
[2026-04-11T01:51:44.254+0000] {processor.py:830} INFO - Processing file /opt/airflow/dags/trade_fish_dag.py for tasks to queue
[2026-04-11T01:51:44.256+0000] {logging_mixin.py:188} INFO - [2026-04-11T01:51:44.255+0000] {dagbag.py:538} INFO - Filling up the DagBag from /opt/airflow/dags/trade_fish_dag.py
[2026-04-11T01:51:44.685+0000] {processor.py:840} INFO - DAG(s) 'fish_trade_pipeline' retrieved from /opt/airflow/dags/trade_fish_dag.py
[2026-04-11T01:51:44.706+0000] {logging_mixin.py:188} INFO - [2026-04-11T01:51:44.706+0000] {dag.py:3036} INFO - Sync 1 DAGs
[2026-04-11T01:51:44.721+0000] {logging_mixin.py:188} INFO - [2026-04-11T01:51:44.721+0000] {dag.py:3823} INFO - Setting next_dagrun for fish_trade_pipeline to 2026-05-01 10:00:00+00:00, run_after=2026-06-01 10:00:00+00:00
[2026-04-11T01:51:44.738+0000] {processor.py:183} INFO - Processing /opt/airflow/dags/trade_fish_dag.py took 0.489 seconds
[2026-04-11T01:52:14.994+0000] {processor.py:161} INFO - Started process (PID=1293) to work on /opt/airflow/dags/trade_fish_dag.py
[2026-04-11T01:52:14.995+0000] {processor.py:830} INFO - Processing file /opt/airflow/dags/trade_fish_dag.py for tasks to queue
[2026-04-11T01:52:14.996+0000] {logging_mixin.py:188} INFO - [2026-04-11T01:52:14.995+0000] {dagbag.py:538} INFO - Filling up the DagBag from /opt/airflow/dags/trade_fish_dag.py
[2026-04-11T01:52:15.407+0000] {processor.py:840} INFO - DAG(s) 'fish_trade_pipeline' retrieved from /opt/airflow/dags/trade_fish_dag.py
[2026-04-11T01:52:15.430+0000] {logging_mixin.py:188} INFO - [2026-04-11T01:52:15.429+0000] {dag.py:3036} INFO - Sync 1 DAGs
[2026-04-11T01:52:15.445+0000] {logging_mixin.py:188} INFO - [2026-04-11T01:52:15.445+0000] {dag.py:3823} INFO - Setting next_dagrun for fish_trade_pipeline to 2026-05-01 10:00:00+00:00, run_after=2026-06-01 10:00:00+00:00
[2026-04-11T01:52:15.461+0000] {processor.py:183} INFO - Processing /opt/airflow/dags/trade_fish_dag.py took 0.470 seconds
[2026-04-11T01:52:45.701+0000] {processor.py:161} INFO - Started process (PID=1305) to work on /opt/airflow/dags/trade_fish_dag.py
[2026-04-11T01:52:45.702+0000] {processor.py:830} INFO - Processing file /opt/airflow/dags/trade_fish_dag.py for tasks to queue
[2026-04-11T01:52:45.704+0000] {logging_mixin.py:188} INFO - [2026-04-11T01:52:45.703+0000] {dagbag.py:538} INFO - Filling up the DagBag from /opt/airflow/dags/trade_fish_dag.py
[2026-04-11T01:52:46.132+0000] {processor.py:840} INFO - DAG(s) 'fish_trade_pipeline' retrieved from /opt/airflow/dags/trade_fish_dag.py
[2026-04-11T01:52:46.154+0000] {logging_mixin.py:188} INFO - [2026-04-11T01:52:46.154+0000] {dag.py:3036} INFO - Sync 1 DAGs
[2026-04-11T01:52:46.171+0000] {logging_mixin.py:188} INFO - [2026-04-11T01:52:46.170+0000] {dag.py:3823} INFO - Setting next_dagrun for fish_trade_pipeline to 2026-05-01 10:00:00+00:00, run_after=2026-06-01 10:00:00+00:00
[2026-04-11T01:52:46.243+0000] {processor.py:183} INFO - Processing /opt/airflow/dags/trade_fish_dag.py took 0.545 seconds
[2026-04-11T01:53:16.438+0000] {processor.py:161} INFO - Started process (PID=1316) to work on /opt/airflow/dags/trade_fish_dag.py
[2026-04-11T01:53:16.439+0000] {processor.py:830} INFO - Processing file /opt/airflow/dags/trade_fish_dag.py for tasks to queue
[2026-04-11T01:53:16.440+0000] {logging_mixin.py:188} INFO - [2026-04-11T01:53:16.440+0000] {dagbag.py:538} INFO - Filling up the DagBag from /opt/airflow/dags/trade_fish_dag.py
[2026-04-11T01:53:16.842+0000] {processor.py:840} INFO - DAG(s) 'fish_trade_pipeline' retrieved from /opt/airflow/dags/trade_fish_dag.py
[2026-04-11T01:53:16.864+0000] {logging_mixin.py:188} INFO - [2026-04-11T01:53:16.864+0000] {dag.py:3036} INFO - Sync 1 DAGs
[2026-04-11T01:53:16.880+0000] {logging_mixin.py:188} INFO - [2026-04-11T01:53:16.880+0000] {dag.py:3823} INFO - Setting next_dagrun for fish_trade_pipeline to 2026-05-01 10:00:00+00:00, run_after=2026-06-01 10:00:00+00:00
[2026-04-11T01:53:16.898+0000] {processor.py:183} INFO - Processing /opt/airflow/dags/trade_fish_dag.py took 0.463 seconds
[2026-04-11T01:53:47.125+0000] {processor.py:161} INFO - Started process (PID=1328) to work on /opt/airflow/dags/trade_fish_dag.py
[2026-04-11T01:53:47.126+0000] {processor.py:830} INFO - Processing file /opt/airflow/dags/trade_fish_dag.py for tasks to queue
[2026-04-11T01:53:47.127+0000] {logging_mixin.py:188} INFO - [2026-04-11T01:53:47.126+0000] {dagbag.py:538} INFO - Filling up the DagBag from /opt/airflow/dags/trade_fish_dag.py
[2026-04-11T01:53:47.554+0000] {processor.py:840} INFO - DAG(s) 'fish_trade_pipeline' retrieved from /opt/airflow/dags/trade_fish_dag.py
[2026-04-11T01:53:47.579+0000] {logging_mixin.py:188} INFO - [2026-04-11T01:53:47.579+0000] {dag.py:3036} INFO - Sync 1 DAGs
[2026-04-11T01:53:47.594+0000] {logging_mixin.py:188} INFO - [2026-04-11T01:53:47.594+0000] {dag.py:3823} INFO - Setting next_dagrun for fish_trade_pipeline to 2026-05-01 10:00:00+00:00, run_after=2026-06-01 10:00:00+00:00
[2026-04-11T01:53:47.613+0000] {processor.py:183} INFO - Processing /opt/airflow/dags/trade_fish_dag.py took 0.491 seconds
[2026-04-11T01:54:17.901+0000] {processor.py:161} INFO - Started process (PID=1340) to work on /opt/airflow/dags/trade_fish_dag.py
[2026-04-11T01:54:17.903+0000] {processor.py:830} INFO - Processing file /opt/airflow/dags/trade_fish_dag.py for tasks to queue
[2026-04-11T01:54:17.904+0000] {logging_mixin.py:188} INFO - [2026-04-11T01:54:17.903+0000] {dagbag.py:538} INFO - Filling up the DagBag from /opt/airflow/dags/trade_fish_dag.py
[2026-04-11T01:54:18.324+0000] {processor.py:840} INFO - DAG(s) 'fish_trade_pipeline' retrieved from /opt/airflow/dags/trade_fish_dag.py
[2026-04-11T01:54:18.345+0000] {logging_mixin.py:188} INFO - [2026-04-11T01:54:18.345+0000] {dag.py:3036} INFO - Sync 1 DAGs
[2026-04-11T01:54:18.364+0000] {logging_mixin.py:188} INFO - [2026-04-11T01:54:18.363+0000] {dag.py:3823} INFO - Setting next_dagrun for fish_trade_pipeline to 2026-05-01 10:00:00+00:00, run_after=2026-06-01 10:00:00+00:00
[2026-04-11T01:54:18.384+0000] {processor.py:183} INFO - Processing /opt/airflow/dags/trade_fish_dag.py took 0.487 seconds
[2026-04-11T01:54:48.565+0000] {processor.py:161} INFO - Started process (PID=1351) to work on /opt/airflow/dags/trade_fish_dag.py
[2026-04-11T01:54:48.566+0000] {processor.py:830} INFO - Processing file /opt/airflow/dags/trade_fish_dag.py for tasks to queue
[2026-04-11T01:54:48.568+0000] {logging_mixin.py:188} INFO - [2026-04-11T01:54:48.567+0000] {dagbag.py:538} INFO - Filling up the DagBag from /opt/airflow/dags/trade_fish_dag.py
[2026-04-11T01:54:48.930+0000] {processor.py:840} INFO - DAG(s) 'fish_trade_pipeline' retrieved from /opt/airflow/dags/trade_fish_dag.py
[2026-04-11T01:54:48.950+0000] {logging_mixin.py:188} INFO - [2026-04-11T01:54:48.949+0000] {dag.py:3036} INFO - Sync 1 DAGs
[2026-04-11T01:54:48.965+0000] {logging_mixin.py:188} INFO - [2026-04-11T01:54:48.965+0000] {dag.py:3823} INFO - Setting next_dagrun for fish_trade_pipeline to 2026-05-01 10:00:00+00:00, run_after=2026-06-01 10:00:00+00:00
[2026-04-11T01:54:48.982+0000] {processor.py:183} INFO - Processing /opt/airflow/dags/trade_fish_dag.py took 0.420 seconds
[2026-04-11T01:55:19.185+0000] {processor.py:161} INFO - Started process (PID=1363) to work on /opt/airflow/dags/trade_fish_dag.py
[2026-04-11T01:55:19.186+0000] {processor.py:830} INFO - Processing file /opt/airflow/dags/trade_fish_dag.py for tasks to queue
[2026-04-11T01:55:19.187+0000] {logging_mixin.py:188} INFO - [2026-04-11T01:55:19.186+0000] {dagbag.py:538} INFO - Filling up the DagBag from /opt/airflow/dags/trade_fish_dag.py
[2026-04-11T01:55:19.622+0000] {processor.py:840} INFO - DAG(s) 'fish_trade_pipeline' retrieved from /opt/airflow/dags/trade_fish_dag.py
[2026-04-11T01:55:19.646+0000] {logging_mixin.py:188} INFO - [2026-04-11T01:55:19.645+0000] {dag.py:3036} INFO - Sync 1 DAGs
[2026-04-11T01:55:19.660+0000] {logging_mixin.py:188} INFO - [2026-04-11T01:55:19.659+0000] {dag.py:3823} INFO - Setting next_dagrun for fish_trade_pipeline to 2026-05-01 10:00:00+00:00, run_after=2026-06-01 10:00:00+00:00
[2026-04-11T01:55:19.734+0000] {processor.py:183} INFO - Processing /opt/airflow/dags/trade_fish_dag.py took 0.552 seconds
[2026-04-11T01:55:50.004+0000] {processor.py:161} INFO - Started process (PID=1374) to work on /opt/airflow/dags/trade_fish_dag.py
[2026-04-11T01:55:50.005+0000] {processor.py:830} INFO - Processing file /opt/airflow/dags/trade_fish_dag.py for tasks to queue
[2026-04-11T01:55:50.006+0000] {logging_mixin.py:188} INFO - [2026-04-11T01:55:50.006+0000] {dagbag.py:538} INFO - Filling up the DagBag from /opt/airflow/dags/trade_fish_dag.py
[2026-04-11T01:55:50.422+0000] {processor.py:840} INFO - DAG(s) 'fish_trade_pipeline' retrieved from /opt/airflow/dags/trade_fish_dag.py
[2026-04-11T01:55:50.443+0000] {logging_mixin.py:188} INFO - [2026-04-11T01:55:50.443+0000] {dag.py:3036} INFO - Sync 1 DAGs
[2026-04-11T01:55:50.458+0000] {logging_mixin.py:188} INFO - [2026-04-11T01:55:50.458+0000] {dag.py:3823} INFO - Setting next_dagrun for fish_trade_pipeline to 2026-05-01 10:00:00+00:00, run_after=2026-06-01 10:00:00+00:00
[2026-04-11T01:55:50.473+0000] {processor.py:183} INFO - Processing /opt/airflow/dags/trade_fish_dag.py took 0.473 seconds
[2026-04-11T01:56:20.559+0000] {processor.py:161} INFO - Started process (PID=1386) to work on /opt/airflow/dags/trade_fish_dag.py
[2026-04-11T01:56:20.561+0000] {processor.py:830} INFO - Processing file /opt/airflow/dags/trade_fish_dag.py for tasks to queue
[2026-04-11T01:56:20.562+0000] {logging_mixin.py:188} INFO - [2026-04-11T01:56:20.562+0000] {dagbag.py:538} INFO - Filling up the DagBag from /opt/airflow/dags/trade_fish_dag.py
[2026-04-11T01:56:20.971+0000] {processor.py:840} INFO - DAG(s) 'fish_trade_pipeline' retrieved from /opt/airflow/dags/trade_fish_dag.py
[2026-04-11T01:56:20.992+0000] {logging_mixin.py:188} INFO - [2026-04-11T01:56:20.991+0000] {dag.py:3036} INFO - Sync 1 DAGs
[2026-04-11T01:56:21.008+0000] {logging_mixin.py:188} INFO - [2026-04-11T01:56:21.008+0000] {dag.py:3823} INFO - Setting next_dagrun for fish_trade_pipeline to 2026-05-01 10:00:00+00:00, run_after=2026-06-01 10:00:00+00:00
[2026-04-11T01:56:21.075+0000] {processor.py:183} INFO - Processing /opt/airflow/dags/trade_fish_dag.py took 0.518 seconds
[2026-04-11T01:56:51.323+0000] {processor.py:161} INFO - Started process (PID=1398) to work on /opt/airflow/dags/trade_fish_dag.py
[2026-04-11T01:56:51.325+0000] {processor.py:830} INFO - Processing file /opt/airflow/dags/trade_fish_dag.py for tasks to queue
[2026-04-11T01:56:51.326+0000] {logging_mixin.py:188} INFO - [2026-04-11T01:56:51.325+0000] {dagbag.py:538} INFO - Filling up the DagBag from /opt/airflow/dags/trade_fish_dag.py
[2026-04-11T01:56:51.784+0000] {processor.py:840} INFO - DAG(s) 'fish_trade_pipeline' retrieved from /opt/airflow/dags/trade_fish_dag.py
[2026-04-11T01:56:51.811+0000] {logging_mixin.py:188} INFO - [2026-04-11T01:56:51.810+0000] {dag.py:3036} INFO - Sync 1 DAGs
[2026-04-11T01:56:51.828+0000] {logging_mixin.py:188} INFO - [2026-04-11T01:56:51.827+0000] {dag.py:3823} INFO - Setting next_dagrun for fish_trade_pipeline to 2026-05-01 10:00:00+00:00, run_after=2026-06-01 10:00:00+00:00
[2026-04-11T01:56:51.849+0000] {processor.py:183} INFO - Processing /opt/airflow/dags/trade_fish_dag.py took 0.528 seconds
[2026-04-11T01:57:22.089+0000] {processor.py:161} INFO - Started process (PID=1410) to work on /opt/airflow/dags/trade_fish_dag.py
[2026-04-11T01:57:22.090+0000] {processor.py:830} INFO - Processing file /opt/airflow/dags/trade_fish_dag.py for tasks to queue
[2026-04-11T01:57:22.091+0000] {logging_mixin.py:188} INFO - [2026-04-11T01:57:22.090+0000] {dagbag.py:538} INFO - Filling up the DagBag from /opt/airflow/dags/trade_fish_dag.py
[2026-04-11T01:57:22.552+0000] {processor.py:840} INFO - DAG(s) 'fish_trade_pipeline' retrieved from /opt/airflow/dags/trade_fish_dag.py
[2026-04-11T01:57:22.578+0000] {logging_mixin.py:188} INFO - [2026-04-11T01:57:22.578+0000] {dag.py:3036} INFO - Sync 1 DAGs
[2026-04-11T01:57:22.596+0000] {logging_mixin.py:188} INFO - [2026-04-11T01:57:22.595+0000] {dag.py:3823} INFO - Setting next_dagrun for fish_trade_pipeline to 2026-05-01 10:00:00+00:00, run_after=2026-06-01 10:00:00+00:00
[2026-04-11T01:57:22.613+0000] {processor.py:183} INFO - Processing /opt/airflow/dags/trade_fish_dag.py took 0.528 seconds
[2026-04-11T01:57:52.692+0000] {processor.py:161} INFO - Started process (PID=1422) to work on /opt/airflow/dags/trade_fish_dag.py
[2026-04-11T01:57:52.693+0000] {processor.py:830} INFO - Processing file /opt/airflow/dags/trade_fish_dag.py for tasks to queue
[2026-04-11T01:57:52.694+0000] {logging_mixin.py:188} INFO - [2026-04-11T01:57:52.694+0000] {dagbag.py:538} INFO - Filling up the DagBag from /opt/airflow/dags/trade_fish_dag.py
[2026-04-11T01:57:53.128+0000] {processor.py:840} INFO - DAG(s) 'fish_trade_pipeline' retrieved from /opt/airflow/dags/trade_fish_dag.py
[2026-04-11T01:57:53.148+0000] {logging_mixin.py:188} INFO - [2026-04-11T01:57:53.148+0000] {dag.py:3036} INFO - Sync 1 DAGs
[2026-04-11T01:57:53.166+0000] {logging_mixin.py:188} INFO - [2026-04-11T01:57:53.165+0000] {dag.py:3823} INFO - Setting next_dagrun for fish_trade_pipeline to 2026-05-01 10:00:00+00:00, run_after=2026-06-01 10:00:00+00:00
[2026-04-11T01:57:53.187+0000] {processor.py:183} INFO - Processing /opt/airflow/dags/trade_fish_dag.py took 0.499 seconds
[2026-04-11T01:58:23.390+0000] {processor.py:161} INFO - Started process (PID=1434) to work on /opt/airflow/dags/trade_fish_dag.py
[2026-04-11T01:58:23.391+0000] {processor.py:830} INFO - Processing file /opt/airflow/dags/trade_fish_dag.py for tasks to queue
[2026-04-11T01:58:23.392+0000] {logging_mixin.py:188} INFO - [2026-04-11T01:58:23.392+0000] {dagbag.py:538} INFO - Filling up the DagBag from /opt/airflow/dags/trade_fish_dag.py
[2026-04-11T01:58:23.844+0000] {processor.py:840} INFO - DAG(s) 'fish_trade_pipeline' retrieved from /opt/airflow/dags/trade_fish_dag.py
[2026-04-11T01:58:23.868+0000] {logging_mixin.py:188} INFO - [2026-04-11T01:58:23.868+0000] {dag.py:3036} INFO - Sync 1 DAGs
[2026-04-11T01:58:23.887+0000] {logging_mixin.py:188} INFO - [2026-04-11T01:58:23.887+0000] {dag.py:3823} INFO - Setting next_dagrun for fish_trade_pipeline to 2026-05-01 10:00:00+00:00, run_after=2026-06-01 10:00:00+00:00
[2026-04-11T01:58:23.957+0000] {processor.py:183} INFO - Processing /opt/airflow/dags/trade_fish_dag.py took 0.570 seconds
[2026-04-11T01:58:54.178+0000] {processor.py:161} INFO - Started process (PID=1446) to work on /opt/airflow/dags/trade_fish_dag.py
[2026-04-11T01:58:54.179+0000] {processor.py:830} INFO - Processing file /opt/airflow/dags/trade_fish_dag.py for tasks to queue
[2026-04-11T01:58:54.181+0000] {logging_mixin.py:188} INFO - [2026-04-11T01:58:54.180+0000] {dagbag.py:538} INFO - Filling up the DagBag from /opt/airflow/dags/trade_fish_dag.py
[2026-04-11T01:58:54.677+0000] {processor.py:840} INFO - DAG(s) 'fish_trade_pipeline' retrieved from /opt/airflow/dags/trade_fish_dag.py
[2026-04-11T01:58:54.699+0000] {logging_mixin.py:188} INFO - [2026-04-11T01:58:54.698+0000] {dag.py:3036} INFO - Sync 1 DAGs
[2026-04-11T01:58:54.714+0000] {logging_mixin.py:188} INFO - [2026-04-11T01:58:54.714+0000] {dag.py:3823} INFO - Setting next_dagrun for fish_trade_pipeline to 2026-05-01 10:00:00+00:00, run_after=2026-06-01 10:00:00+00:00
[2026-04-11T01:58:54.728+0000] {processor.py:183} INFO - Processing /opt/airflow/dags/trade_fish_dag.py took 0.553 seconds
[2026-04-11T01:59:24.830+0000] {processor.py:161} INFO - Started process (PID=1458) to work on /opt/airflow/dags/trade_fish_dag.py
[2026-04-11T01:59:24.832+0000] {processor.py:830} INFO - Processing file /opt/airflow/dags/trade_fish_dag.py for tasks to queue
[2026-04-11T01:59:24.833+0000] {logging_mixin.py:188} INFO - [2026-04-11T01:59:24.832+0000] {dagbag.py:538} INFO - Filling up the DagBag from /opt/airflow/dags/trade_fish_dag.py
[2026-04-11T01:59:25.259+0000] {processor.py:840} INFO - DAG(s) 'fish_trade_pipeline' retrieved from /opt/airflow/dags/trade_fish_dag.py
[2026-04-11T01:59:25.279+0000] {logging_mixin.py:188} INFO - [2026-04-11T01:59:25.279+0000] {dag.py:3036} INFO - Sync 1 DAGs
[2026-04-11T01:59:25.295+0000] {logging_mixin.py:188} INFO - [2026-04-11T01:59:25.295+0000] {dag.py:3823} INFO - Setting next_dagrun for fish_trade_pipeline to 2026-05-01 10:00:00+00:00, run_after=2026-06-01 10:00:00+00:00
[2026-04-11T01:59:25.353+0000] {processor.py:183} INFO - Processing /opt/airflow/dags/trade_fish_dag.py took 0.526 seconds
[2026-04-11T01:59:55.627+0000] {processor.py:161} INFO - Started process (PID=1470) to work on /opt/airflow/dags/trade_fish_dag.py
[2026-04-11T01:59:55.630+0000] {processor.py:830} INFO - Processing file /opt/airflow/dags/trade_fish_dag.py for tasks to queue
[2026-04-11T01:59:55.632+0000] {logging_mixin.py:188} INFO - [2026-04-11T01:59:55.632+0000] {dagbag.py:538} INFO - Filling up the DagBag from /opt/airflow/dags/trade_fish_dag.py
[2026-04-11T01:59:56.241+0000] {processor.py:840} INFO - DAG(s) 'fish_trade_pipeline' retrieved from /opt/airflow/dags/trade_fish_dag.py
[2026-04-11T01:59:56.265+0000] {logging_mixin.py:188} INFO - [2026-04-11T01:59:56.265+0000] {dag.py:3036} INFO - Sync 1 DAGs
[2026-04-11T01:59:56.282+0000] {logging_mixin.py:188} INFO - [2026-04-11T01:59:56.282+0000] {dag.py:3823} INFO - Setting next_dagrun for fish_trade_pipeline to 2026-05-01 10:00:00+00:00, run_after=2026-06-01 10:00:00+00:00
[2026-04-11T01:59:56.298+0000] {processor.py:183} INFO - Processing /opt/airflow/dags/trade_fish_dag.py took 0.676 seconds
[2026-04-11T02:00:26.376+0000] {processor.py:161} INFO - Started process (PID=1482) to work on /opt/airflow/dags/trade_fish_dag.py
[2026-04-11T02:00:26.378+0000] {processor.py:830} INFO - Processing file /opt/airflow/dags/trade_fish_dag.py for tasks to queue
[2026-04-11T02:00:26.380+0000] {logging_mixin.py:188} INFO - [2026-04-11T02:00:26.379+0000] {dagbag.py:538} INFO - Filling up the DagBag from /opt/airflow/dags/trade_fish_dag.py
[2026-04-11T02:00:26.866+0000] {processor.py:840} INFO - DAG(s) 'fish_trade_pipeline' retrieved from /opt/airflow/dags/trade_fish_dag.py
[2026-04-11T02:00:26.889+0000] {logging_mixin.py:188} INFO - [2026-04-11T02:00:26.889+0000] {dag.py:3036} INFO - Sync 1 DAGs
[2026-04-11T02:00:26.905+0000] {logging_mixin.py:188} INFO - [2026-04-11T02:00:26.905+0000] {dag.py:3823} INFO - Setting next_dagrun for fish_trade_pipeline to 2026-05-01 10:00:00+00:00, run_after=2026-06-01 10:00:00+00:00
[2026-04-11T02:00:26.927+0000] {processor.py:183} INFO - Processing /opt/airflow/dags/trade_fish_dag.py took 0.555 seconds
[2026-04-11T02:00:57.254+0000] {processor.py:161} INFO - Started process (PID=1494) to work on /opt/airflow/dags/trade_fish_dag.py
[2026-04-11T02:00:57.256+0000] {processor.py:830} INFO - Processing file /opt/airflow/dags/trade_fish_dag.py for tasks to queue
[2026-04-11T02:00:57.258+0000] {logging_mixin.py:188} INFO - [2026-04-11T02:00:57.257+0000] {dagbag.py:538} INFO - Filling up the DagBag from /opt/airflow/dags/trade_fish_dag.py
[2026-04-11T02:00:57.695+0000] {processor.py:840} INFO - DAG(s) 'fish_trade_pipeline' retrieved from /opt/airflow/dags/trade_fish_dag.py
[2026-04-11T02:00:57.717+0000] {logging_mixin.py:188} INFO - [2026-04-11T02:00:57.717+0000] {dag.py:3036} INFO - Sync 1 DAGs
[2026-04-11T02:00:57.732+0000] {logging_mixin.py:188} INFO - [2026-04-11T02:00:57.732+0000] {dag.py:3823} INFO - Setting next_dagrun for fish_trade_pipeline to 2026-05-01 10:00:00+00:00, run_after=2026-06-01 10:00:00+00:00
[2026-04-11T02:00:57.748+0000] {processor.py:183} INFO - Processing /opt/airflow/dags/trade_fish_dag.py took 0.498 seconds
[2026-04-11T02:01:28.084+0000] {processor.py:161} INFO - Started process (PID=1506) to work on /opt/airflow/dags/trade_fish_dag.py
[2026-04-11T02:01:28.086+0000] {processor.py:830} INFO - Processing file /opt/airflow/dags/trade_fish_dag.py for tasks to queue
[2026-04-11T02:01:28.087+0000] {logging_mixin.py:188} INFO - [2026-04-11T02:01:28.086+0000] {dagbag.py:538} INFO - Filling up the DagBag from /opt/airflow/dags/trade_fish_dag.py
[2026-04-11T02:01:28.561+0000] {processor.py:840} INFO - DAG(s) 'fish_trade_pipeline' retrieved from /opt/airflow/dags/trade_fish_dag.py
[2026-04-11T02:01:28.582+0000] {logging_mixin.py:188} INFO - [2026-04-11T02:01:28.582+0000] {dag.py:3036} INFO - Sync 1 DAGs
[2026-04-11T02:01:28.597+0000] {logging_mixin.py:188} INFO - [2026-04-11T02:01:28.597+0000] {dag.py:3823} INFO - Setting next_dagrun for fish_trade_pipeline to 2026-05-01 10:00:00+00:00, run_after=2026-06-01 10:00:00+00:00
[2026-04-11T02:01:28.674+0000] {processor.py:183} INFO - Processing /opt/airflow/dags/trade_fish_dag.py took 0.592 seconds
[2026-04-11T02:01:58.958+0000] {processor.py:161} INFO - Started process (PID=1518) to work on /opt/airflow/dags/trade_fish_dag.py
[2026-04-11T02:01:58.959+0000] {processor.py:830} INFO - Processing file /opt/airflow/dags/trade_fish_dag.py for tasks to queue
[2026-04-11T02:01:58.960+0000] {logging_mixin.py:188} INFO - [2026-04-11T02:01:58.960+0000] {dagbag.py:538} INFO - Filling up the DagBag from /opt/airflow/dags/trade_fish_dag.py
[2026-04-11T02:01:59.381+0000] {processor.py:840} INFO - DAG(s) 'fish_trade_pipeline' retrieved from /opt/airflow/dags/trade_fish_dag.py
[2026-04-11T02:01:59.401+0000] {logging_mixin.py:188} INFO - [2026-04-11T02:01:59.401+0000] {dag.py:3036} INFO - Sync 1 DAGs
[2026-04-11T02:01:59.417+0000] {logging_mixin.py:188} INFO - [2026-04-11T02:01:59.416+0000] {dag.py:3823} INFO - Setting next_dagrun for fish_trade_pipeline to 2026-05-01 10:00:00+00:00, run_after=2026-06-01 10:00:00+00:00
[2026-04-11T02:01:59.432+0000] {processor.py:183} INFO - Processing /opt/airflow/dags/trade_fish_dag.py took 0.476 seconds
[2026-04-11T02:02:29.664+0000] {processor.py:161} INFO - Started process (PID=1530) to work on /opt/airflow/dags/trade_fish_dag.py
[2026-04-11T02:02:29.665+0000] {processor.py:830} INFO - Processing file /opt/airflow/dags/trade_fish_dag.py for tasks to queue
[2026-04-11T02:02:29.666+0000] {logging_mixin.py:188} INFO - [2026-04-11T02:02:29.666+0000] {dagbag.py:538} INFO - Filling up the DagBag from /opt/airflow/dags/trade_fish_dag.py
[2026-04-11T02:02:30.141+0000] {processor.py:840} INFO - DAG(s) 'fish_trade_pipeline' retrieved from /opt/airflow/dags/trade_fish_dag.py
[2026-04-11T02:02:30.164+0000] {logging_mixin.py:188} INFO - [2026-04-11T02:02:30.163+0000] {dag.py:3036} INFO - Sync 1 DAGs
[2026-04-11T02:02:30.180+0000] {logging_mixin.py:188} INFO - [2026-04-11T02:02:30.180+0000] {dag.py:3823} INFO - Setting next_dagrun for fish_trade_pipeline to 2026-05-01 10:00:00+00:00, run_after=2026-06-01 10:00:00+00:00
[2026-04-11T02:02:30.217+0000] {processor.py:183} INFO - Processing /opt/airflow/dags/trade_fish_dag.py took 0.556 seconds
[2026-04-11T02:03:00.535+0000] {processor.py:161} INFO - Started process (PID=1541) to work on /opt/airflow/dags/trade_fish_dag.py
[2026-04-11T02:03:00.536+0000] {processor.py:830} INFO - Processing file /opt/airflow/dags/trade_fish_dag.py for tasks to queue
[2026-04-11T02:03:00.537+0000] {logging_mixin.py:188} INFO - [2026-04-11T02:03:00.537+0000] {dagbag.py:538} INFO - Filling up the DagBag from /opt/airflow/dags/trade_fish_dag.py
[2026-04-11T02:03:00.914+0000] {processor.py:840} INFO - DAG(s) 'fish_trade_pipeline' retrieved from /opt/airflow/dags/trade_fish_dag.py
[2026-04-11T02:03:00.935+0000] {logging_mixin.py:188} INFO - [2026-04-11T02:03:00.934+0000] {dag.py:3036} INFO - Sync 1 DAGs
[2026-04-11T02:03:00.951+0000] {logging_mixin.py:188} INFO - [2026-04-11T02:03:00.950+0000] {dag.py:3823} INFO - Setting next_dagrun for fish_trade_pipeline to 2026-05-01 10:00:00+00:00, run_after=2026-06-01 10:00:00+00:00
[2026-04-11T02:03:00.968+0000] {processor.py:183} INFO - Processing /opt/airflow/dags/trade_fish_dag.py took 0.435 seconds
[2026-04-11T02:03:31.188+0000] {processor.py:161} INFO - Started process (PID=1553) to work on /opt/airflow/dags/trade_fish_dag.py
[2026-04-11T02:03:31.189+0000] {processor.py:830} INFO - Processing file /opt/airflow/dags/trade_fish_dag.py for tasks to queue
[2026-04-11T02:03:31.191+0000] {logging_mixin.py:188} INFO - [2026-04-11T02:03:31.190+0000] {dagbag.py:538} INFO - Filling up the DagBag from /opt/airflow/dags/trade_fish_dag.py
[2026-04-11T02:03:31.729+0000] {processor.py:840} INFO - DAG(s) 'fish_trade_pipeline' retrieved from /opt/airflow/dags/trade_fish_dag.py
[2026-04-11T02:03:31.750+0000] {logging_mixin.py:188} INFO - [2026-04-11T02:03:31.750+0000] {dag.py:3036} INFO - Sync 1 DAGs
[2026-04-11T02:03:31.765+0000] {logging_mixin.py:188} INFO - [2026-04-11T02:03:31.765+0000] {dag.py:3823} INFO - Setting next_dagrun for fish_trade_pipeline to 2026-05-01 10:00:00+00:00, run_after=2026-06-01 10:00:00+00:00
[2026-04-11T02:03:31.786+0000] {processor.py:183} INFO - Processing /opt/airflow/dags/trade_fish_dag.py took 0.600 seconds
[2026-04-11T02:04:02.029+0000] {processor.py:161} INFO - Started process (PID=1565) to work on /opt/airflow/dags/trade_fish_dag.py
[2026-04-11T02:04:02.030+0000] {processor.py:830} INFO - Processing file /opt/airflow/dags/trade_fish_dag.py for tasks to queue
[2026-04-11T02:04:02.032+0000] {logging_mixin.py:188} INFO - [2026-04-11T02:04:02.031+0000] {dagbag.py:538} INFO - Filling up the DagBag from /opt/airflow/dags/trade_fish_dag.py
[2026-04-11T02:04:02.476+0000] {processor.py:840} INFO - DAG(s) 'fish_trade_pipeline' retrieved from /opt/airflow/dags/trade_fish_dag.py
[2026-04-11T02:04:02.501+0000] {logging_mixin.py:188} INFO - [2026-04-11T02:04:02.501+0000] {dag.py:3036} INFO - Sync 1 DAGs
[2026-04-11T02:04:02.517+0000] {logging_mixin.py:188} INFO - [2026-04-11T02:04:02.517+0000] {dag.py:3823} INFO - Setting next_dagrun for fish_trade_pipeline to 2026-05-01 10:00:00+00:00, run_after=2026-06-01 10:00:00+00:00
[2026-04-11T02:04:02.537+0000] {processor.py:183} INFO - Processing /opt/airflow/dags/trade_fish_dag.py took 0.512 seconds
[2026-04-11T02:04:32.671+0000] {processor.py:161} INFO - Started process (PID=1577) to work on /opt/airflow/dags/trade_fish_dag.py
[2026-04-11T02:04:32.673+0000] {processor.py:830} INFO - Processing file /opt/airflow/dags/trade_fish_dag.py for tasks to queue
[2026-04-11T02:04:32.677+0000] {logging_mixin.py:188} INFO - [2026-04-11T02:04:32.676+0000] {dagbag.py:538} INFO - Filling up the DagBag from /opt/airflow/dags/trade_fish_dag.py
[2026-04-11T02:04:33.186+0000] {processor.py:840} INFO - DAG(s) 'fish_trade_pipeline' retrieved from /opt/airflow/dags/trade_fish_dag.py
[2026-04-11T02:04:33.208+0000] {logging_mixin.py:188} INFO - [2026-04-11T02:04:33.207+0000] {dag.py:3036} INFO - Sync 1 DAGs
[2026-04-11T02:04:33.221+0000] {logging_mixin.py:188} INFO - [2026-04-11T02:04:33.221+0000] {dag.py:3823} INFO - Setting next_dagrun for fish_trade_pipeline to 2026-05-01 10:00:00+00:00, run_after=2026-06-01 10:00:00+00:00
[2026-04-11T02:04:33.241+0000] {processor.py:183} INFO - Processing /opt/airflow/dags/trade_fish_dag.py took 0.578 seconds
[2026-04-11T02:05:03.544+0000] {processor.py:161} INFO - Started process (PID=1589) to work on /opt/airflow/dags/trade_fish_dag.py
[2026-04-11T02:05:03.545+0000] {processor.py:830} INFO - Processing file /opt/airflow/dags/trade_fish_dag.py for tasks to queue
[2026-04-11T02:05:03.546+0000] {logging_mixin.py:188} INFO - [2026-04-11T02:05:03.546+0000] {dagbag.py:538} INFO - Filling up the DagBag from /opt/airflow/dags/trade_fish_dag.py
[2026-04-11T02:05:03.966+0000] {processor.py:840} INFO - DAG(s) 'fish_trade_pipeline' retrieved from /opt/airflow/dags/trade_fish_dag.py
[2026-04-11T02:05:03.985+0000] {logging_mixin.py:188} INFO - [2026-04-11T02:05:03.985+0000] {dag.py:3036} INFO - Sync 1 DAGs
[2026-04-11T02:05:04.000+0000] {logging_mixin.py:188} INFO - [2026-04-11T02:05:04.000+0000] {dag.py:3823} INFO - Setting next_dagrun for fish_trade_pipeline to 2026-05-01 10:00:00+00:00, run_after=2026-06-01 10:00:00+00:00
[2026-04-11T02:05:04.067+0000] {processor.py:183} INFO - Processing /opt/airflow/dags/trade_fish_dag.py took 0.525 seconds
[2026-04-11T02:05:34.241+0000] {processor.py:161} INFO - Started process (PID=1602) to work on /opt/airflow/dags/trade_fish_dag.py
[2026-04-11T02:05:34.242+0000] {processor.py:830} INFO - Processing file /opt/airflow/dags/trade_fish_dag.py for tasks to queue
[2026-04-11T02:05:34.243+0000] {logging_mixin.py:188} INFO - [2026-04-11T02:05:34.243+0000] {dagbag.py:538} INFO - Filling up the DagBag from /opt/airflow/dags/trade_fish_dag.py
[2026-04-11T02:05:34.628+0000] {processor.py:840} INFO - DAG(s) 'fish_trade_pipeline' retrieved from /opt/airflow/dags/trade_fish_dag.py
[2026-04-11T02:05:34.647+0000] {logging_mixin.py:188} INFO - [2026-04-11T02:05:34.647+0000] {dag.py:3036} INFO - Sync 1 DAGs
[2026-04-11T02:05:34.661+0000] {logging_mixin.py:188} INFO - [2026-04-11T02:05:34.661+0000] {dag.py:3823} INFO - Setting next_dagrun for fish_trade_pipeline to 2026-05-01 10:00:00+00:00, run_after=2026-06-01 10:00:00+00:00
[2026-04-11T02:05:34.732+0000] {processor.py:183} INFO - Processing /opt/airflow/dags/trade_fish_dag.py took 0.494 seconds
[2026-04-11T02:06:05.091+0000] {processor.py:161} INFO - Started process (PID=1614) to work on /opt/airflow/dags/trade_fish_dag.py
[2026-04-11T02:06:05.092+0000] {processor.py:830} INFO - Processing file /opt/airflow/dags/trade_fish_dag.py for tasks to queue
[2026-04-11T02:06:05.094+0000] {logging_mixin.py:188} INFO - [2026-04-11T02:06:05.093+0000] {dagbag.py:538} INFO - Filling up the DagBag from /opt/airflow/dags/trade_fish_dag.py
[2026-04-11T02:06:05.492+0000] {processor.py:840} INFO - DAG(s) 'fish_trade_pipeline' retrieved from /opt/airflow/dags/trade_fish_dag.py
[2026-04-11T02:06:05.510+0000] {logging_mixin.py:188} INFO - [2026-04-11T02:06:05.510+0000] {dag.py:3036} INFO - Sync 1 DAGs
[2026-04-11T02:06:05.525+0000] {logging_mixin.py:188} INFO - [2026-04-11T02:06:05.524+0000] {dag.py:3823} INFO - Setting next_dagrun for fish_trade_pipeline to 2026-05-01 10:00:00+00:00, run_after=2026-06-01 10:00:00+00:00
[2026-04-11T02:06:05.539+0000] {processor.py:183} INFO - Processing /opt/airflow/dags/trade_fish_dag.py took 0.451 seconds
[2026-04-11T02:06:35.769+0000] {processor.py:161} INFO - Started process (PID=1626) to work on /opt/airflow/dags/trade_fish_dag.py
[2026-04-11T02:06:35.770+0000] {processor.py:830} INFO - Processing file /opt/airflow/dags/trade_fish_dag.py for tasks to queue
[2026-04-11T02:06:35.772+0000] {logging_mixin.py:188} INFO - [2026-04-11T02:06:35.771+0000] {dagbag.py:538} INFO - Filling up the DagBag from /opt/airflow/dags/trade_fish_dag.py
[2026-04-11T02:06:36.181+0000] {processor.py:840} INFO - DAG(s) 'fish_trade_pipeline' retrieved from /opt/airflow/dags/trade_fish_dag.py
[2026-04-11T02:06:36.201+0000] {logging_mixin.py:188} INFO - [2026-04-11T02:06:36.200+0000] {dag.py:3036} INFO - Sync 1 DAGs
[2026-04-11T02:06:36.215+0000] {logging_mixin.py:188} INFO - [2026-04-11T02:06:36.215+0000] {dag.py:3823} INFO - Setting next_dagrun for fish_trade_pipeline to 2026-05-01 10:00:00+00:00, run_after=2026-06-01 10:00:00+00:00
[2026-04-11T02:06:36.294+0000] {processor.py:183} INFO - Processing /opt/airflow/dags/trade_fish_dag.py took 0.528 seconds
[2026-04-11T02:07:06.616+0000] {processor.py:161} INFO - Started process (PID=1638) to work on /opt/airflow/dags/trade_fish_dag.py
[2026-04-11T02:07:06.617+0000] {processor.py:830} INFO - Processing file /opt/airflow/dags/trade_fish_dag.py for tasks to queue
[2026-04-11T02:07:06.618+0000] {logging_mixin.py:188} INFO - [2026-04-11T02:07:06.618+0000] {dagbag.py:538} INFO - Filling up the DagBag from /opt/airflow/dags/trade_fish_dag.py
[2026-04-11T02:07:07.163+0000] {processor.py:840} INFO - DAG(s) 'fish_trade_pipeline' retrieved from /opt/airflow/dags/trade_fish_dag.py
[2026-04-11T02:07:07.187+0000] {logging_mixin.py:188} INFO - [2026-04-11T02:07:07.187+0000] {dag.py:3036} INFO - Sync 1 DAGs
[2026-04-11T02:07:07.201+0000] {logging_mixin.py:188} INFO - [2026-04-11T02:07:07.201+0000] {dag.py:3823} INFO - Setting next_dagrun for fish_trade_pipeline to 2026-05-01 10:00:00+00:00, run_after=2026-06-01 10:00:00+00:00
[2026-04-11T02:07:07.214+0000] {processor.py:183} INFO - Processing /opt/airflow/dags/trade_fish_dag.py took 0.601 seconds
[2026-04-11T02:07:37.350+0000] {processor.py:161} INFO - Started process (PID=1650) to work on /opt/airflow/dags/trade_fish_dag.py
[2026-04-11T02:07:37.351+0000] {processor.py:830} INFO - Processing file /opt/airflow/dags/trade_fish_dag.py for tasks to queue
[2026-04-11T02:07:37.352+0000] {logging_mixin.py:188} INFO - [2026-04-11T02:07:37.352+0000] {dagbag.py:538} INFO - Filling up the DagBag from /opt/airflow/dags/trade_fish_dag.py
[2026-04-11T02:07:37.750+0000] {processor.py:840} INFO - DAG(s) 'fish_trade_pipeline' retrieved from /opt/airflow/dags/trade_fish_dag.py
[2026-04-11T02:07:37.769+0000] {logging_mixin.py:188} INFO - [2026-04-11T02:07:37.769+0000] {dag.py:3036} INFO - Sync 1 DAGs
[2026-04-11T02:07:37.783+0000] {logging_mixin.py:188} INFO - [2026-04-11T02:07:37.783+0000] {dag.py:3823} INFO - Setting next_dagrun for fish_trade_pipeline to 2026-05-01 10:00:00+00:00, run_after=2026-06-01 10:00:00+00:00
[2026-04-11T02:07:37.858+0000] {processor.py:183} INFO - Processing /opt/airflow/dags/trade_fish_dag.py took 0.507 seconds
[2026-04-11T02:08:08.204+0000] {processor.py:161} INFO - Started process (PID=1662) to work on /opt/airflow/dags/trade_fish_dag.py
[2026-04-11T02:08:08.205+0000] {processor.py:830} INFO - Processing file /opt/airflow/dags/trade_fish_dag.py for tasks to queue
[2026-04-11T02:08:08.206+0000] {logging_mixin.py:188} INFO - [2026-04-11T02:08:08.206+0000] {dagbag.py:538} INFO - Filling up the DagBag from /opt/airflow/dags/trade_fish_dag.py
[2026-04-11T02:08:08.716+0000] {processor.py:840} INFO - DAG(s) 'fish_trade_pipeline' retrieved from /opt/airflow/dags/trade_fish_dag.py
[2026-04-11T02:08:08.747+0000] {logging_mixin.py:188} INFO - [2026-04-11T02:08:08.746+0000] {dag.py:3036} INFO - Sync 1 DAGs
[2026-04-11T02:08:08.760+0000] {logging_mixin.py:188} INFO - [2026-04-11T02:08:08.760+0000] {dag.py:3823} INFO - Setting next_dagrun for fish_trade_pipeline to 2026-05-01 10:00:00+00:00, run_after=2026-06-01 10:00:00+00:00
[2026-04-11T02:08:08.777+0000] {processor.py:183} INFO - Processing /opt/airflow/dags/trade_fish_dag.py took 0.576 seconds
[2026-04-11T02:08:39.038+0000] {processor.py:161} INFO - Started process (PID=1675) to work on /opt/airflow/dags/trade_fish_dag.py
[2026-04-11T02:08:39.039+0000] {processor.py:830} INFO - Processing file /opt/airflow/dags/trade_fish_dag.py for tasks to queue
[2026-04-11T02:08:39.040+0000] {logging_mixin.py:188} INFO - [2026-04-11T02:08:39.040+0000] {dagbag.py:538} INFO - Filling up the DagBag from /opt/airflow/dags/trade_fish_dag.py
[2026-04-11T02:08:39.472+0000] {processor.py:840} INFO - DAG(s) 'fish_trade_pipeline' retrieved from /opt/airflow/dags/trade_fish_dag.py
[2026-04-11T02:08:39.490+0000] {logging_mixin.py:188} INFO - [2026-04-11T02:08:39.490+0000] {dag.py:3036} INFO - Sync 1 DAGs
[2026-04-11T02:08:39.504+0000] {logging_mixin.py:188} INFO - [2026-04-11T02:08:39.504+0000] {dag.py:3823} INFO - Setting next_dagrun for fish_trade_pipeline to 2026-05-01 10:00:00+00:00, run_after=2026-06-01 10:00:00+00:00
[2026-04-11T02:08:39.556+0000] {processor.py:183} INFO - Processing /opt/airflow/dags/trade_fish_dag.py took 0.520 seconds
[2026-04-11T02:09:09.907+0000] {processor.py:161} INFO - Started process (PID=1687) to work on /opt/airflow/dags/trade_fish_dag.py
[2026-04-11T02:09:09.909+0000] {processor.py:830} INFO - Processing file /opt/airflow/dags/trade_fish_dag.py for tasks to queue
[2026-04-11T02:09:09.910+0000] {logging_mixin.py:188} INFO - [2026-04-11T02:09:09.910+0000] {dagbag.py:538} INFO - Filling up the DagBag from /opt/airflow/dags/trade_fish_dag.py
[2026-04-11T02:09:10.304+0000] {processor.py:840} INFO - DAG(s) 'fish_trade_pipeline' retrieved from /opt/airflow/dags/trade_fish_dag.py
[2026-04-11T02:09:10.323+0000] {logging_mixin.py:188} INFO - [2026-04-11T02:09:10.323+0000] {dag.py:3036} INFO - Sync 1 DAGs
[2026-04-11T02:09:10.339+0000] {logging_mixin.py:188} INFO - [2026-04-11T02:09:10.339+0000] {dag.py:3823} INFO - Setting next_dagrun for fish_trade_pipeline to 2026-05-01 10:00:00+00:00, run_after=2026-06-01 10:00:00+00:00
[2026-04-11T02:09:10.419+0000] {processor.py:183} INFO - Processing /opt/airflow/dags/trade_fish_dag.py took 0.515 seconds
[2026-04-11T02:09:40.685+0000] {processor.py:161} INFO - Started process (PID=1699) to work on /opt/airflow/dags/trade_fish_dag.py
[2026-04-11T02:09:40.687+0000] {processor.py:830} INFO - Processing file /opt/airflow/dags/trade_fish_dag.py for tasks to queue
[2026-04-11T02:09:40.689+0000] {logging_mixin.py:188} INFO - [2026-04-11T02:09:40.689+0000] {dagbag.py:538} INFO - Filling up the DagBag from /opt/airflow/dags/trade_fish_dag.py
[2026-04-11T02:09:41.174+0000] {processor.py:840} INFO - DAG(s) 'fish_trade_pipeline' retrieved from /opt/airflow/dags/trade_fish_dag.py
[2026-04-11T02:09:41.197+0000] {logging_mixin.py:188} INFO - [2026-04-11T02:09:41.197+0000] {dag.py:3036} INFO - Sync 1 DAGs
[2026-04-11T02:09:41.215+0000] {logging_mixin.py:188} INFO - [2026-04-11T02:09:41.215+0000] {dag.py:3823} INFO - Setting next_dagrun for fish_trade_pipeline to 2026-05-01 10:00:00+00:00, run_after=2026-06-01 10:00:00+00:00
[2026-04-11T02:09:41.233+0000] {processor.py:183} INFO - Processing /opt/airflow/dags/trade_fish_dag.py took 0.552 seconds
[2026-04-11T02:10:11.610+0000] {processor.py:161} INFO - Started process (PID=1711) to work on /opt/airflow/dags/trade_fish_dag.py
[2026-04-11T02:10:11.611+0000] {processor.py:830} INFO - Processing file /opt/airflow/dags/trade_fish_dag.py for tasks to queue
[2026-04-11T02:10:11.612+0000] {logging_mixin.py:188} INFO - [2026-04-11T02:10:11.611+0000] {dagbag.py:538} INFO - Filling up the DagBag from /opt/airflow/dags/trade_fish_dag.py
[2026-04-11T02:10:12.039+0000] {processor.py:840} INFO - DAG(s) 'fish_trade_pipeline' retrieved from /opt/airflow/dags/trade_fish_dag.py
[2026-04-11T02:10:12.058+0000] {logging_mixin.py:188} INFO - [2026-04-11T02:10:12.058+0000] {dag.py:3036} INFO - Sync 1 DAGs
[2026-04-11T02:10:12.071+0000] {logging_mixin.py:188} INFO - [2026-04-11T02:10:12.071+0000] {dag.py:3823} INFO - Setting next_dagrun for fish_trade_pipeline to 2026-05-01 10:00:00+00:00, run_after=2026-06-01 10:00:00+00:00
[2026-04-11T02:10:12.090+0000] {processor.py:183} INFO - Processing /opt/airflow/dags/trade_fish_dag.py took 0.483 seconds
[2026-04-11T02:10:42.261+0000] {processor.py:161} INFO - Started process (PID=1723) to work on /opt/airflow/dags/trade_fish_dag.py
[2026-04-11T02:10:42.263+0000] {processor.py:830} INFO - Processing file /opt/airflow/dags/trade_fish_dag.py for tasks to queue
[2026-04-11T02:10:42.264+0000] {logging_mixin.py:188} INFO - [2026-04-11T02:10:42.264+0000] {dagbag.py:538} INFO - Filling up the DagBag from /opt/airflow/dags/trade_fish_dag.py
[2026-04-11T02:10:42.687+0000] {processor.py:840} INFO - DAG(s) 'fish_trade_pipeline' retrieved from /opt/airflow/dags/trade_fish_dag.py
[2026-04-11T02:10:42.705+0000] {logging_mixin.py:188} INFO - [2026-04-11T02:10:42.705+0000] {dag.py:3036} INFO - Sync 1 DAGs
[2026-04-11T02:10:42.718+0000] {logging_mixin.py:188} INFO - [2026-04-11T02:10:42.718+0000] {dag.py:3823} INFO - Setting next_dagrun for fish_trade_pipeline to 2026-05-01 10:00:00+00:00, run_after=2026-06-01 10:00:00+00:00
[2026-04-11T02:10:42.733+0000] {processor.py:183} INFO - Processing /opt/airflow/dags/trade_fish_dag.py took 0.475 seconds
[2026-04-11T02:11:13.023+0000] {processor.py:161} INFO - Started process (PID=1735) to work on /opt/airflow/dags/trade_fish_dag.py
[2026-04-11T02:11:13.025+0000] {processor.py:830} INFO - Processing file /opt/airflow/dags/trade_fish_dag.py for tasks to queue
[2026-04-11T02:11:13.026+0000] {logging_mixin.py:188} INFO - [2026-04-11T02:11:13.026+0000] {dagbag.py:538} INFO - Filling up the DagBag from /opt/airflow/dags/trade_fish_dag.py
[2026-04-11T02:11:13.470+0000] {processor.py:840} INFO - DAG(s) 'fish_trade_pipeline' retrieved from /opt/airflow/dags/trade_fish_dag.py
[2026-04-11T02:11:13.491+0000] {logging_mixin.py:188} INFO - [2026-04-11T02:11:13.490+0000] {dag.py:3036} INFO - Sync 1 DAGs
[2026-04-11T02:11:13.506+0000] {logging_mixin.py:188} INFO - [2026-04-11T02:11:13.506+0000] {dag.py:3823} INFO - Setting next_dagrun for fish_trade_pipeline to 2026-05-01 10:00:00+00:00, run_after=2026-06-01 10:00:00+00:00
[2026-04-11T02:11:13.574+0000] {processor.py:183} INFO - Processing /opt/airflow/dags/trade_fish_dag.py took 0.553 seconds
[2026-04-11T02:11:43.948+0000] {processor.py:161} INFO - Started process (PID=1747) to work on /opt/airflow/dags/trade_fish_dag.py
[2026-04-11T02:11:43.950+0000] {processor.py:830} INFO - Processing file /opt/airflow/dags/trade_fish_dag.py for tasks to queue
[2026-04-11T02:11:43.951+0000] {logging_mixin.py:188} INFO - [2026-04-11T02:11:43.951+0000] {dagbag.py:538} INFO - Filling up the DagBag from /opt/airflow/dags/trade_fish_dag.py
[2026-04-11T02:11:44.530+0000] {processor.py:840} INFO - DAG(s) 'fish_trade_pipeline' retrieved from /opt/airflow/dags/trade_fish_dag.py
[2026-04-11T02:11:44.554+0000] {logging_mixin.py:188} INFO - [2026-04-11T02:11:44.554+0000] {dag.py:3036} INFO - Sync 1 DAGs
[2026-04-11T02:11:44.569+0000] {logging_mixin.py:188} INFO - [2026-04-11T02:11:44.569+0000] {dag.py:3823} INFO - Setting next_dagrun for fish_trade_pipeline to 2026-05-01 10:00:00+00:00, run_after=2026-06-01 10:00:00+00:00
[2026-04-11T02:11:44.584+0000] {processor.py:183} INFO - Processing /opt/airflow/dags/trade_fish_dag.py took 0.639 seconds
[2026-04-11T02:12:14.918+0000] {processor.py:161} INFO - Started process (PID=1759) to work on /opt/airflow/dags/trade_fish_dag.py
[2026-04-11T02:12:14.919+0000] {processor.py:830} INFO - Processing file /opt/airflow/dags/trade_fish_dag.py for tasks to queue
[2026-04-11T02:12:14.921+0000] {logging_mixin.py:188} INFO - [2026-04-11T02:12:14.920+0000] {dagbag.py:538} INFO - Filling up the DagBag from /opt/airflow/dags/trade_fish_dag.py
[2026-04-11T02:12:15.285+0000] {processor.py:840} INFO - DAG(s) 'fish_trade_pipeline' retrieved from /opt/airflow/dags/trade_fish_dag.py
[2026-04-11T02:12:15.306+0000] {logging_mixin.py:188} INFO - [2026-04-11T02:12:15.305+0000] {dag.py:3036} INFO - Sync 1 DAGs
[2026-04-11T02:12:15.320+0000] {logging_mixin.py:188} INFO - [2026-04-11T02:12:15.320+0000] {dag.py:3823} INFO - Setting next_dagrun for fish_trade_pipeline to 2026-05-01 10:00:00+00:00, run_after=2026-06-01 10:00:00+00:00
[2026-04-11T02:12:15.335+0000] {processor.py:183} INFO - Processing /opt/airflow/dags/trade_fish_dag.py took 0.419 seconds
[2026-04-11T02:12:45.684+0000] {processor.py:161} INFO - Started process (PID=1771) to work on /opt/airflow/dags/trade_fish_dag.py
[2026-04-11T02:12:45.685+0000] {processor.py:830} INFO - Processing file /opt/airflow/dags/trade_fish_dag.py for tasks to queue
[2026-04-11T02:12:45.687+0000] {logging_mixin.py:188} INFO - [2026-04-11T02:12:45.687+0000] {dagbag.py:538} INFO - Filling up the DagBag from /opt/airflow/dags/trade_fish_dag.py
[2026-04-11T02:12:46.256+0000] {processor.py:840} INFO - DAG(s) 'fish_trade_pipeline' retrieved from /opt/airflow/dags/trade_fish_dag.py
[2026-04-11T02:12:46.277+0000] {logging_mixin.py:188} INFO - [2026-04-11T02:12:46.276+0000] {dag.py:3036} INFO - Sync 1 DAGs
[2026-04-11T02:12:46.290+0000] {logging_mixin.py:188} INFO - [2026-04-11T02:12:46.290+0000] {dag.py:3823} INFO - Setting next_dagrun for fish_trade_pipeline to 2026-05-01 10:00:00+00:00, run_after=2026-06-01 10:00:00+00:00
[2026-04-11T02:12:46.305+0000] {processor.py:183} INFO - Processing /opt/airflow/dags/trade_fish_dag.py took 0.625 seconds
[2026-04-11T02:13:16.444+0000] {processor.py:161} INFO - Started process (PID=1783) to work on /opt/airflow/dags/trade_fish_dag.py
[2026-04-11T02:13:16.445+0000] {processor.py:830} INFO - Processing file /opt/airflow/dags/trade_fish_dag.py for tasks to queue
[2026-04-11T02:13:16.445+0000] {logging_mixin.py:188} INFO - [2026-04-11T02:13:16.445+0000] {dagbag.py:538} INFO - Filling up the DagBag from /opt/airflow/dags/trade_fish_dag.py
[2026-04-11T02:13:16.846+0000] {processor.py:840} INFO - DAG(s) 'fish_trade_pipeline' retrieved from /opt/airflow/dags/trade_fish_dag.py
[2026-04-11T02:13:16.866+0000] {logging_mixin.py:188} INFO - [2026-04-11T02:13:16.866+0000] {dag.py:3036} INFO - Sync 1 DAGs
[2026-04-11T02:13:16.879+0000] {logging_mixin.py:188} INFO - [2026-04-11T02:13:16.879+0000] {dag.py:3823} INFO - Setting next_dagrun for fish_trade_pipeline to 2026-05-01 10:00:00+00:00, run_after=2026-06-01 10:00:00+00:00
[2026-04-11T02:13:16.945+0000] {processor.py:183} INFO - Processing /opt/airflow/dags/trade_fish_dag.py took 0.504 seconds
[2026-04-11T02:13:47.281+0000] {processor.py:161} INFO - Started process (PID=1801) to work on /opt/airflow/dags/trade_fish_dag.py
[2026-04-11T02:13:47.282+0000] {processor.py:830} INFO - Processing file /opt/airflow/dags/trade_fish_dag.py for tasks to queue
[2026-04-11T02:13:47.283+0000] {logging_mixin.py:188} INFO - [2026-04-11T02:13:47.283+0000] {dagbag.py:538} INFO - Filling up the DagBag from /opt/airflow/dags/trade_fish_dag.py
[2026-04-11T02:13:47.672+0000] {processor.py:840} INFO - DAG(s) 'fish_trade_pipeline' retrieved from /opt/airflow/dags/trade_fish_dag.py
[2026-04-11T02:13:47.690+0000] {logging_mixin.py:188} INFO - [2026-04-11T02:13:47.690+0000] {dag.py:3036} INFO - Sync 1 DAGs
[2026-04-11T02:13:47.703+0000] {logging_mixin.py:188} INFO - [2026-04-11T02:13:47.702+0000] {dag.py:3823} INFO - Setting next_dagrun for fish_trade_pipeline to 2026-05-01 10:00:00+00:00, run_after=2026-06-01 10:00:00+00:00
[2026-04-11T02:13:47.731+0000] {processor.py:183} INFO - Processing /opt/airflow/dags/trade_fish_dag.py took 0.453 seconds
[2026-04-11T02:14:18.035+0000] {processor.py:161} INFO - Started process (PID=1813) to work on /opt/airflow/dags/trade_fish_dag.py
[2026-04-11T02:14:18.037+0000] {processor.py:830} INFO - Processing file /opt/airflow/dags/trade_fish_dag.py for tasks to queue
[2026-04-11T02:14:18.038+0000] {logging_mixin.py:188} INFO - [2026-04-11T02:14:18.038+0000] {dagbag.py:538} INFO - Filling up the DagBag from /opt/airflow/dags/trade_fish_dag.py
[2026-04-11T02:14:18.483+0000] {processor.py:840} INFO - DAG(s) 'fish_trade_pipeline' retrieved from /opt/airflow/dags/trade_fish_dag.py
[2026-04-11T02:14:18.504+0000] {logging_mixin.py:188} INFO - [2026-04-11T02:14:18.504+0000] {dag.py:3036} INFO - Sync 1 DAGs
[2026-04-11T02:14:18.519+0000] {logging_mixin.py:188} INFO - [2026-04-11T02:14:18.519+0000] {dag.py:3823} INFO - Setting next_dagrun for fish_trade_pipeline to 2026-05-01 10:00:00+00:00, run_after=2026-06-01 10:00:00+00:00
[2026-04-11T02:14:18.597+0000] {processor.py:183} INFO - Processing /opt/airflow/dags/trade_fish_dag.py took 0.565 seconds
