[2026-04-13T21:15:52.458+0000] {processor.py:161} INFO - Started process (PID=19902) to work on /opt/airflow/dags/trade_fish_dag.py
[2026-04-13T21:15:52.460+0000] {processor.py:830} INFO - Processing file /opt/airflow/dags/trade_fish_dag.py for tasks to queue
[2026-04-13T21:15:52.461+0000] {logging_mixin.py:188} INFO - [2026-04-13T21:15:52.461+0000] {dagbag.py:538} INFO - Filling up the DagBag from /opt/airflow/dags/trade_fish_dag.py
[2026-04-13T21:15:52.488+0000] {processor.py:840} INFO - DAG(s) 'fish_trade_pipeline' retrieved from /opt/airflow/dags/trade_fish_dag.py
[2026-04-13T21:15:52.526+0000] {logging_mixin.py:188} INFO - [2026-04-13T21:15:52.526+0000] {dag.py:3036} INFO - Sync 1 DAGs
[2026-04-13T21:15:52.547+0000] {logging_mixin.py:188} INFO - [2026-04-13T21:15:52.547+0000] {dag.py:3823} INFO - Setting next_dagrun for fish_trade_pipeline to 2026-05-01 10:00:00+00:00, run_after=2026-06-01 10:00:00+00:00
[2026-04-13T21:15:52.566+0000] {processor.py:183} INFO - Processing /opt/airflow/dags/trade_fish_dag.py took 0.112 seconds
[2026-04-13T21:17:53.531+0000] {processor.py:161} INFO - Started process (PID=19947) to work on /opt/airflow/dags/trade_fish_dag.py
[2026-04-13T21:17:53.533+0000] {processor.py:830} INFO - Processing file /opt/airflow/dags/trade_fish_dag.py for tasks to queue
[2026-04-13T21:17:53.534+0000] {logging_mixin.py:188} INFO - [2026-04-13T21:17:53.534+0000] {dagbag.py:538} INFO - Filling up the DagBag from /opt/airflow/dags/trade_fish_dag.py
[2026-04-13T21:17:53.573+0000] {processor.py:840} INFO - DAG(s) 'fish_trade_pipeline' retrieved from /opt/airflow/dags/trade_fish_dag.py
[2026-04-13T21:17:53.615+0000] {logging_mixin.py:188} INFO - [2026-04-13T21:17:53.614+0000] {dag.py:3036} INFO - Sync 1 DAGs
[2026-04-13T21:17:53.634+0000] {logging_mixin.py:188} INFO - [2026-04-13T21:17:53.634+0000] {dag.py:3823} INFO - Setting next_dagrun for fish_trade_pipeline to 2026-05-01 10:00:00+00:00, run_after=2026-06-01 10:00:00+00:00
[2026-04-13T21:17:53.652+0000] {processor.py:183} INFO - Processing /opt/airflow/dags/trade_fish_dag.py took 0.124 seconds
[2026-04-13T21:18:23.768+0000] {processor.py:161} INFO - Started process (PID=19964) to work on /opt/airflow/dags/trade_fish_dag.py
[2026-04-13T21:18:23.770+0000] {processor.py:830} INFO - Processing file /opt/airflow/dags/trade_fish_dag.py for tasks to queue
[2026-04-13T21:18:23.772+0000] {logging_mixin.py:188} INFO - [2026-04-13T21:18:23.771+0000] {dagbag.py:538} INFO - Filling up the DagBag from /opt/airflow/dags/trade_fish_dag.py
[2026-04-13T21:18:23.828+0000] {processor.py:840} INFO - DAG(s) 'fish_trade_pipeline' retrieved from /opt/airflow/dags/trade_fish_dag.py
[2026-04-13T21:18:23.870+0000] {logging_mixin.py:188} INFO - [2026-04-13T21:18:23.869+0000] {dag.py:3036} INFO - Sync 1 DAGs
[2026-04-13T21:18:23.893+0000] {logging_mixin.py:188} INFO - [2026-04-13T21:18:23.893+0000] {dag.py:3823} INFO - Setting next_dagrun for fish_trade_pipeline to 2026-05-01 10:00:00+00:00, run_after=2026-06-01 10:00:00+00:00
[2026-04-13T21:18:23.949+0000] {processor.py:183} INFO - Processing /opt/airflow/dags/trade_fish_dag.py took 0.184 seconds
[2026-04-13T21:18:54.104+0000] {processor.py:161} INFO - Started process (PID=19975) to work on /opt/airflow/dags/trade_fish_dag.py
[2026-04-13T21:18:54.106+0000] {processor.py:830} INFO - Processing file /opt/airflow/dags/trade_fish_dag.py for tasks to queue
[2026-04-13T21:18:54.108+0000] {logging_mixin.py:188} INFO - [2026-04-13T21:18:54.108+0000] {dagbag.py:538} INFO - Filling up the DagBag from /opt/airflow/dags/trade_fish_dag.py
[2026-04-13T21:18:54.136+0000] {processor.py:840} INFO - DAG(s) 'fish_trade_pipeline' retrieved from /opt/airflow/dags/trade_fish_dag.py
[2026-04-13T21:18:54.170+0000] {logging_mixin.py:188} INFO - [2026-04-13T21:18:54.170+0000] {dag.py:3036} INFO - Sync 1 DAGs
[2026-04-13T21:18:54.189+0000] {logging_mixin.py:188} INFO - [2026-04-13T21:18:54.189+0000] {dag.py:3823} INFO - Setting next_dagrun for fish_trade_pipeline to 2026-05-01 10:00:00+00:00, run_after=2026-06-01 10:00:00+00:00
[2026-04-13T21:18:54.204+0000] {processor.py:183} INFO - Processing /opt/airflow/dags/trade_fish_dag.py took 0.105 seconds
[2026-04-13T21:19:24.292+0000] {processor.py:161} INFO - Started process (PID=19986) to work on /opt/airflow/dags/trade_fish_dag.py
[2026-04-13T21:19:24.293+0000] {processor.py:830} INFO - Processing file /opt/airflow/dags/trade_fish_dag.py for tasks to queue
[2026-04-13T21:19:24.294+0000] {logging_mixin.py:188} INFO - [2026-04-13T21:19:24.294+0000] {dagbag.py:538} INFO - Filling up the DagBag from /opt/airflow/dags/trade_fish_dag.py
[2026-04-13T21:19:24.315+0000] {processor.py:840} INFO - DAG(s) 'fish_trade_pipeline' retrieved from /opt/airflow/dags/trade_fish_dag.py
[2026-04-13T21:19:24.347+0000] {logging_mixin.py:188} INFO - [2026-04-13T21:19:24.347+0000] {dag.py:3036} INFO - Sync 1 DAGs
[2026-04-13T21:19:24.366+0000] {logging_mixin.py:188} INFO - [2026-04-13T21:19:24.366+0000] {dag.py:3823} INFO - Setting next_dagrun for fish_trade_pipeline to 2026-05-01 10:00:00+00:00, run_after=2026-06-01 10:00:00+00:00
[2026-04-13T21:19:24.383+0000] {processor.py:183} INFO - Processing /opt/airflow/dags/trade_fish_dag.py took 0.094 seconds
[2026-04-13T21:19:54.646+0000] {processor.py:161} INFO - Started process (PID=19997) to work on /opt/airflow/dags/trade_fish_dag.py
[2026-04-13T21:19:54.648+0000] {processor.py:830} INFO - Processing file /opt/airflow/dags/trade_fish_dag.py for tasks to queue
[2026-04-13T21:19:54.649+0000] {logging_mixin.py:188} INFO - [2026-04-13T21:19:54.648+0000] {dagbag.py:538} INFO - Filling up the DagBag from /opt/airflow/dags/trade_fish_dag.py
[2026-04-13T21:19:54.687+0000] {processor.py:840} INFO - DAG(s) 'fish_trade_pipeline' retrieved from /opt/airflow/dags/trade_fish_dag.py
[2026-04-13T21:19:54.720+0000] {logging_mixin.py:188} INFO - [2026-04-13T21:19:54.720+0000] {dag.py:3036} INFO - Sync 1 DAGs
[2026-04-13T21:19:54.737+0000] {logging_mixin.py:188} INFO - [2026-04-13T21:19:54.737+0000] {dag.py:3823} INFO - Setting next_dagrun for fish_trade_pipeline to 2026-05-01 10:00:00+00:00, run_after=2026-06-01 10:00:00+00:00
[2026-04-13T21:19:54.756+0000] {processor.py:183} INFO - Processing /opt/airflow/dags/trade_fish_dag.py took 0.113 seconds
[2026-04-13T21:20:24.928+0000] {processor.py:161} INFO - Started process (PID=20008) to work on /opt/airflow/dags/trade_fish_dag.py
[2026-04-13T21:20:24.929+0000] {processor.py:830} INFO - Processing file /opt/airflow/dags/trade_fish_dag.py for tasks to queue
[2026-04-13T21:20:24.930+0000] {logging_mixin.py:188} INFO - [2026-04-13T21:20:24.930+0000] {dagbag.py:538} INFO - Filling up the DagBag from /opt/airflow/dags/trade_fish_dag.py
[2026-04-13T21:20:24.948+0000] {processor.py:840} INFO - DAG(s) 'fish_trade_pipeline' retrieved from /opt/airflow/dags/trade_fish_dag.py
[2026-04-13T21:20:24.979+0000] {logging_mixin.py:188} INFO - [2026-04-13T21:20:24.979+0000] {dag.py:3036} INFO - Sync 1 DAGs
[2026-04-13T21:20:24.996+0000] {logging_mixin.py:188} INFO - [2026-04-13T21:20:24.995+0000] {dag.py:3823} INFO - Setting next_dagrun for fish_trade_pipeline to 2026-05-01 10:00:00+00:00, run_after=2026-06-01 10:00:00+00:00
[2026-04-13T21:20:25.059+0000] {processor.py:183} INFO - Processing /opt/airflow/dags/trade_fish_dag.py took 0.134 seconds
[2026-04-13T21:20:55.347+0000] {processor.py:161} INFO - Started process (PID=20019) to work on /opt/airflow/dags/trade_fish_dag.py
[2026-04-13T21:20:55.348+0000] {processor.py:830} INFO - Processing file /opt/airflow/dags/trade_fish_dag.py for tasks to queue
[2026-04-13T21:20:55.349+0000] {logging_mixin.py:188} INFO - [2026-04-13T21:20:55.349+0000] {dagbag.py:538} INFO - Filling up the DagBag from /opt/airflow/dags/trade_fish_dag.py
[2026-04-13T21:20:55.377+0000] {processor.py:840} INFO - DAG(s) 'fish_trade_pipeline' retrieved from /opt/airflow/dags/trade_fish_dag.py
[2026-04-13T21:20:55.410+0000] {logging_mixin.py:188} INFO - [2026-04-13T21:20:55.410+0000] {dag.py:3036} INFO - Sync 1 DAGs
[2026-04-13T21:20:55.427+0000] {logging_mixin.py:188} INFO - [2026-04-13T21:20:55.427+0000] {dag.py:3823} INFO - Setting next_dagrun for fish_trade_pipeline to 2026-05-01 10:00:00+00:00, run_after=2026-06-01 10:00:00+00:00
[2026-04-13T21:20:55.446+0000] {processor.py:183} INFO - Processing /opt/airflow/dags/trade_fish_dag.py took 0.102 seconds
[2026-04-13T21:21:25.560+0000] {processor.py:161} INFO - Started process (PID=20030) to work on /opt/airflow/dags/trade_fish_dag.py
[2026-04-13T21:21:25.561+0000] {processor.py:830} INFO - Processing file /opt/airflow/dags/trade_fish_dag.py for tasks to queue
[2026-04-13T21:21:25.562+0000] {logging_mixin.py:188} INFO - [2026-04-13T21:21:25.562+0000] {dagbag.py:538} INFO - Filling up the DagBag from /opt/airflow/dags/trade_fish_dag.py
[2026-04-13T21:21:25.597+0000] {processor.py:840} INFO - DAG(s) 'fish_trade_pipeline' retrieved from /opt/airflow/dags/trade_fish_dag.py
[2026-04-13T21:21:25.647+0000] {logging_mixin.py:188} INFO - [2026-04-13T21:21:25.647+0000] {dag.py:3036} INFO - Sync 1 DAGs
[2026-04-13T21:21:25.666+0000] {logging_mixin.py:188} INFO - [2026-04-13T21:21:25.666+0000] {dag.py:3823} INFO - Setting next_dagrun for fish_trade_pipeline to 2026-05-01 10:00:00+00:00, run_after=2026-06-01 10:00:00+00:00
[2026-04-13T21:21:25.684+0000] {processor.py:183} INFO - Processing /opt/airflow/dags/trade_fish_dag.py took 0.127 seconds
[2026-04-13T21:21:55.906+0000] {processor.py:161} INFO - Started process (PID=20041) to work on /opt/airflow/dags/trade_fish_dag.py
[2026-04-13T21:21:55.907+0000] {processor.py:830} INFO - Processing file /opt/airflow/dags/trade_fish_dag.py for tasks to queue
[2026-04-13T21:21:55.909+0000] {logging_mixin.py:188} INFO - [2026-04-13T21:21:55.908+0000] {dagbag.py:538} INFO - Filling up the DagBag from /opt/airflow/dags/trade_fish_dag.py
[2026-04-13T21:21:55.941+0000] {processor.py:840} INFO - DAG(s) 'fish_trade_pipeline' retrieved from /opt/airflow/dags/trade_fish_dag.py
[2026-04-13T21:21:55.975+0000] {logging_mixin.py:188} INFO - [2026-04-13T21:21:55.975+0000] {dag.py:3036} INFO - Sync 1 DAGs
[2026-04-13T21:21:55.997+0000] {logging_mixin.py:188} INFO - [2026-04-13T21:21:55.997+0000] {dag.py:3823} INFO - Setting next_dagrun for fish_trade_pipeline to 2026-05-01 10:00:00+00:00, run_after=2026-06-01 10:00:00+00:00
[2026-04-13T21:21:56.018+0000] {processor.py:183} INFO - Processing /opt/airflow/dags/trade_fish_dag.py took 0.116 seconds
[2026-04-13T21:22:26.149+0000] {processor.py:161} INFO - Started process (PID=20052) to work on /opt/airflow/dags/trade_fish_dag.py
[2026-04-13T21:22:26.151+0000] {processor.py:830} INFO - Processing file /opt/airflow/dags/trade_fish_dag.py for tasks to queue
[2026-04-13T21:22:26.152+0000] {logging_mixin.py:188} INFO - [2026-04-13T21:22:26.152+0000] {dagbag.py:538} INFO - Filling up the DagBag from /opt/airflow/dags/trade_fish_dag.py
[2026-04-13T21:22:26.183+0000] {processor.py:840} INFO - DAG(s) 'fish_trade_pipeline' retrieved from /opt/airflow/dags/trade_fish_dag.py
[2026-04-13T21:22:26.221+0000] {logging_mixin.py:188} INFO - [2026-04-13T21:22:26.220+0000] {dag.py:3036} INFO - Sync 1 DAGs
[2026-04-13T21:22:26.241+0000] {logging_mixin.py:188} INFO - [2026-04-13T21:22:26.240+0000] {dag.py:3823} INFO - Setting next_dagrun for fish_trade_pipeline to 2026-05-01 10:00:00+00:00, run_after=2026-06-01 10:00:00+00:00
[2026-04-13T21:22:26.260+0000] {processor.py:183} INFO - Processing /opt/airflow/dags/trade_fish_dag.py took 0.114 seconds
[2026-04-13T21:22:56.438+0000] {processor.py:161} INFO - Started process (PID=20063) to work on /opt/airflow/dags/trade_fish_dag.py
[2026-04-13T21:22:56.440+0000] {processor.py:830} INFO - Processing file /opt/airflow/dags/trade_fish_dag.py for tasks to queue
[2026-04-13T21:22:56.441+0000] {logging_mixin.py:188} INFO - [2026-04-13T21:22:56.441+0000] {dagbag.py:538} INFO - Filling up the DagBag from /opt/airflow/dags/trade_fish_dag.py
[2026-04-13T21:22:56.473+0000] {processor.py:840} INFO - DAG(s) 'fish_trade_pipeline' retrieved from /opt/airflow/dags/trade_fish_dag.py
[2026-04-13T21:22:56.509+0000] {logging_mixin.py:188} INFO - [2026-04-13T21:22:56.509+0000] {dag.py:3036} INFO - Sync 1 DAGs
[2026-04-13T21:22:56.527+0000] {logging_mixin.py:188} INFO - [2026-04-13T21:22:56.527+0000] {dag.py:3823} INFO - Setting next_dagrun for fish_trade_pipeline to 2026-05-01 10:00:00+00:00, run_after=2026-06-01 10:00:00+00:00
[2026-04-13T21:22:56.571+0000] {processor.py:183} INFO - Processing /opt/airflow/dags/trade_fish_dag.py took 0.136 seconds
[2026-04-13T21:23:26.748+0000] {processor.py:161} INFO - Started process (PID=20074) to work on /opt/airflow/dags/trade_fish_dag.py
[2026-04-13T21:23:26.750+0000] {processor.py:830} INFO - Processing file /opt/airflow/dags/trade_fish_dag.py for tasks to queue
[2026-04-13T21:23:26.751+0000] {logging_mixin.py:188} INFO - [2026-04-13T21:23:26.751+0000] {dagbag.py:538} INFO - Filling up the DagBag from /opt/airflow/dags/trade_fish_dag.py
[2026-04-13T21:23:26.793+0000] {processor.py:840} INFO - DAG(s) 'fish_trade_pipeline' retrieved from /opt/airflow/dags/trade_fish_dag.py
[2026-04-13T21:23:26.877+0000] {logging_mixin.py:188} INFO - [2026-04-13T21:23:26.876+0000] {dag.py:3036} INFO - Sync 1 DAGs
[2026-04-13T21:23:26.901+0000] {logging_mixin.py:188} INFO - [2026-04-13T21:23:26.901+0000] {dag.py:3823} INFO - Setting next_dagrun for fish_trade_pipeline to 2026-05-01 10:00:00+00:00, run_after=2026-06-01 10:00:00+00:00
[2026-04-13T21:23:26.921+0000] {processor.py:183} INFO - Processing /opt/airflow/dags/trade_fish_dag.py took 0.175 seconds
[2026-04-13T21:23:56.979+0000] {processor.py:161} INFO - Started process (PID=20085) to work on /opt/airflow/dags/trade_fish_dag.py
[2026-04-13T21:23:56.980+0000] {processor.py:830} INFO - Processing file /opt/airflow/dags/trade_fish_dag.py for tasks to queue
[2026-04-13T21:23:56.981+0000] {logging_mixin.py:188} INFO - [2026-04-13T21:23:56.981+0000] {dagbag.py:538} INFO - Filling up the DagBag from /opt/airflow/dags/trade_fish_dag.py
[2026-04-13T21:23:57.017+0000] {processor.py:840} INFO - DAG(s) 'fish_trade_pipeline' retrieved from /opt/airflow/dags/trade_fish_dag.py
[2026-04-13T21:23:57.054+0000] {logging_mixin.py:188} INFO - [2026-04-13T21:23:57.054+0000] {dag.py:3036} INFO - Sync 1 DAGs
[2026-04-13T21:23:57.074+0000] {logging_mixin.py:188} INFO - [2026-04-13T21:23:57.074+0000] {dag.py:3823} INFO - Setting next_dagrun for fish_trade_pipeline to 2026-05-01 10:00:00+00:00, run_after=2026-06-01 10:00:00+00:00
[2026-04-13T21:23:57.098+0000] {processor.py:183} INFO - Processing /opt/airflow/dags/trade_fish_dag.py took 0.122 seconds
[2026-04-13T21:24:27.312+0000] {processor.py:161} INFO - Started process (PID=20096) to work on /opt/airflow/dags/trade_fish_dag.py
[2026-04-13T21:24:27.313+0000] {processor.py:830} INFO - Processing file /opt/airflow/dags/trade_fish_dag.py for tasks to queue
[2026-04-13T21:24:27.315+0000] {logging_mixin.py:188} INFO - [2026-04-13T21:24:27.314+0000] {dagbag.py:538} INFO - Filling up the DagBag from /opt/airflow/dags/trade_fish_dag.py
[2026-04-13T21:24:27.334+0000] {processor.py:840} INFO - DAG(s) 'fish_trade_pipeline' retrieved from /opt/airflow/dags/trade_fish_dag.py
[2026-04-13T21:24:27.383+0000] {logging_mixin.py:188} INFO - [2026-04-13T21:24:27.383+0000] {dag.py:3036} INFO - Sync 1 DAGs
[2026-04-13T21:24:27.401+0000] {logging_mixin.py:188} INFO - [2026-04-13T21:24:27.401+0000] {dag.py:3823} INFO - Setting next_dagrun for fish_trade_pipeline to 2026-05-01 10:00:00+00:00, run_after=2026-06-01 10:00:00+00:00
[2026-04-13T21:24:27.419+0000] {processor.py:183} INFO - Processing /opt/airflow/dags/trade_fish_dag.py took 0.110 seconds
[2026-04-13T21:24:57.598+0000] {processor.py:161} INFO - Started process (PID=20107) to work on /opt/airflow/dags/trade_fish_dag.py
[2026-04-13T21:24:57.600+0000] {processor.py:830} INFO - Processing file /opt/airflow/dags/trade_fish_dag.py for tasks to queue
[2026-04-13T21:24:57.602+0000] {logging_mixin.py:188} INFO - [2026-04-13T21:24:57.601+0000] {dagbag.py:538} INFO - Filling up the DagBag from /opt/airflow/dags/trade_fish_dag.py
[2026-04-13T21:24:57.651+0000] {processor.py:840} INFO - DAG(s) 'fish_trade_pipeline' retrieved from /opt/airflow/dags/trade_fish_dag.py
[2026-04-13T21:24:57.756+0000] {logging_mixin.py:188} INFO - [2026-04-13T21:24:57.756+0000] {dag.py:3036} INFO - Sync 1 DAGs
[2026-04-13T21:24:57.774+0000] {logging_mixin.py:188} INFO - [2026-04-13T21:24:57.774+0000] {dag.py:3823} INFO - Setting next_dagrun for fish_trade_pipeline to 2026-05-01 10:00:00+00:00, run_after=2026-06-01 10:00:00+00:00
[2026-04-13T21:24:57.867+0000] {processor.py:183} INFO - Processing /opt/airflow/dags/trade_fish_dag.py took 0.272 seconds
[2026-04-13T21:25:28.168+0000] {processor.py:161} INFO - Started process (PID=20118) to work on /opt/airflow/dags/trade_fish_dag.py
[2026-04-13T21:25:28.169+0000] {processor.py:830} INFO - Processing file /opt/airflow/dags/trade_fish_dag.py for tasks to queue
[2026-04-13T21:25:28.170+0000] {logging_mixin.py:188} INFO - [2026-04-13T21:25:28.170+0000] {dagbag.py:538} INFO - Filling up the DagBag from /opt/airflow/dags/trade_fish_dag.py
[2026-04-13T21:25:28.189+0000] {processor.py:840} INFO - DAG(s) 'fish_trade_pipeline' retrieved from /opt/airflow/dags/trade_fish_dag.py
[2026-04-13T21:25:28.222+0000] {logging_mixin.py:188} INFO - [2026-04-13T21:25:28.222+0000] {dag.py:3036} INFO - Sync 1 DAGs
[2026-04-13T21:25:28.239+0000] {logging_mixin.py:188} INFO - [2026-04-13T21:25:28.239+0000] {dag.py:3823} INFO - Setting next_dagrun for fish_trade_pipeline to 2026-05-01 10:00:00+00:00, run_after=2026-06-01 10:00:00+00:00
[2026-04-13T21:25:28.330+0000] {processor.py:183} INFO - Processing /opt/airflow/dags/trade_fish_dag.py took 0.164 seconds
[2026-04-13T21:25:58.437+0000] {processor.py:161} INFO - Started process (PID=20129) to work on /opt/airflow/dags/trade_fish_dag.py
[2026-04-13T21:25:58.439+0000] {processor.py:830} INFO - Processing file /opt/airflow/dags/trade_fish_dag.py for tasks to queue
[2026-04-13T21:25:58.440+0000] {logging_mixin.py:188} INFO - [2026-04-13T21:25:58.440+0000] {dagbag.py:538} INFO - Filling up the DagBag from /opt/airflow/dags/trade_fish_dag.py
[2026-04-13T21:25:58.458+0000] {processor.py:840} INFO - DAG(s) 'fish_trade_pipeline' retrieved from /opt/airflow/dags/trade_fish_dag.py
[2026-04-13T21:25:58.487+0000] {logging_mixin.py:188} INFO - [2026-04-13T21:25:58.487+0000] {dag.py:3036} INFO - Sync 1 DAGs
[2026-04-13T21:25:58.504+0000] {logging_mixin.py:188} INFO - [2026-04-13T21:25:58.503+0000] {dag.py:3823} INFO - Setting next_dagrun for fish_trade_pipeline to 2026-05-01 10:00:00+00:00, run_after=2026-06-01 10:00:00+00:00
[2026-04-13T21:25:58.562+0000] {processor.py:183} INFO - Processing /opt/airflow/dags/trade_fish_dag.py took 0.128 seconds
[2026-04-13T21:26:28.888+0000] {processor.py:161} INFO - Started process (PID=20140) to work on /opt/airflow/dags/trade_fish_dag.py
[2026-04-13T21:26:28.889+0000] {processor.py:830} INFO - Processing file /opt/airflow/dags/trade_fish_dag.py for tasks to queue
[2026-04-13T21:26:28.891+0000] {logging_mixin.py:188} INFO - [2026-04-13T21:26:28.891+0000] {dagbag.py:538} INFO - Filling up the DagBag from /opt/airflow/dags/trade_fish_dag.py
[2026-04-13T21:26:28.951+0000] {processor.py:840} INFO - DAG(s) 'fish_trade_pipeline' retrieved from /opt/airflow/dags/trade_fish_dag.py
[2026-04-13T21:26:28.989+0000] {logging_mixin.py:188} INFO - [2026-04-13T21:26:28.989+0000] {dag.py:3036} INFO - Sync 1 DAGs
[2026-04-13T21:26:29.007+0000] {logging_mixin.py:188} INFO - [2026-04-13T21:26:29.007+0000] {dag.py:3823} INFO - Setting next_dagrun for fish_trade_pipeline to 2026-05-01 10:00:00+00:00, run_after=2026-06-01 10:00:00+00:00
[2026-04-13T21:26:29.084+0000] {processor.py:183} INFO - Processing /opt/airflow/dags/trade_fish_dag.py took 0.200 seconds
[2026-04-13T21:26:59.150+0000] {processor.py:161} INFO - Started process (PID=20151) to work on /opt/airflow/dags/trade_fish_dag.py
[2026-04-13T21:26:59.151+0000] {processor.py:830} INFO - Processing file /opt/airflow/dags/trade_fish_dag.py for tasks to queue
[2026-04-13T21:26:59.152+0000] {logging_mixin.py:188} INFO - [2026-04-13T21:26:59.152+0000] {dagbag.py:538} INFO - Filling up the DagBag from /opt/airflow/dags/trade_fish_dag.py
[2026-04-13T21:26:59.172+0000] {processor.py:840} INFO - DAG(s) 'fish_trade_pipeline' retrieved from /opt/airflow/dags/trade_fish_dag.py
[2026-04-13T21:26:59.203+0000] {logging_mixin.py:188} INFO - [2026-04-13T21:26:59.203+0000] {dag.py:3036} INFO - Sync 1 DAGs
[2026-04-13T21:26:59.220+0000] {logging_mixin.py:188} INFO - [2026-04-13T21:26:59.220+0000] {dag.py:3823} INFO - Setting next_dagrun for fish_trade_pipeline to 2026-05-01 10:00:00+00:00, run_after=2026-06-01 10:00:00+00:00
[2026-04-13T21:26:59.238+0000] {processor.py:183} INFO - Processing /opt/airflow/dags/trade_fish_dag.py took 0.091 seconds
[2026-04-13T21:27:29.460+0000] {processor.py:161} INFO - Started process (PID=20162) to work on /opt/airflow/dags/trade_fish_dag.py
[2026-04-13T21:27:29.461+0000] {processor.py:830} INFO - Processing file /opt/airflow/dags/trade_fish_dag.py for tasks to queue
[2026-04-13T21:27:29.462+0000] {logging_mixin.py:188} INFO - [2026-04-13T21:27:29.461+0000] {dagbag.py:538} INFO - Filling up the DagBag from /opt/airflow/dags/trade_fish_dag.py
[2026-04-13T21:27:29.483+0000] {processor.py:840} INFO - DAG(s) 'fish_trade_pipeline' retrieved from /opt/airflow/dags/trade_fish_dag.py
[2026-04-13T21:27:29.514+0000] {logging_mixin.py:188} INFO - [2026-04-13T21:27:29.513+0000] {dag.py:3036} INFO - Sync 1 DAGs
[2026-04-13T21:27:29.532+0000] {logging_mixin.py:188} INFO - [2026-04-13T21:27:29.532+0000] {dag.py:3823} INFO - Setting next_dagrun for fish_trade_pipeline to 2026-05-01 10:00:00+00:00, run_after=2026-06-01 10:00:00+00:00
[2026-04-13T21:27:29.547+0000] {processor.py:183} INFO - Processing /opt/airflow/dags/trade_fish_dag.py took 0.090 seconds
[2026-04-13T21:27:59.978+0000] {processor.py:161} INFO - Started process (PID=20173) to work on /opt/airflow/dags/trade_fish_dag.py
[2026-04-13T21:27:59.981+0000] {processor.py:830} INFO - Processing file /opt/airflow/dags/trade_fish_dag.py for tasks to queue
[2026-04-13T21:27:59.983+0000] {logging_mixin.py:188} INFO - [2026-04-13T21:27:59.983+0000] {dagbag.py:538} INFO - Filling up the DagBag from /opt/airflow/dags/trade_fish_dag.py
[2026-04-13T21:28:00.056+0000] {processor.py:840} INFO - DAG(s) 'fish_trade_pipeline' retrieved from /opt/airflow/dags/trade_fish_dag.py
[2026-04-13T21:28:00.092+0000] {logging_mixin.py:188} INFO - [2026-04-13T21:28:00.092+0000] {dag.py:3036} INFO - Sync 1 DAGs
[2026-04-13T21:28:00.114+0000] {logging_mixin.py:188} INFO - [2026-04-13T21:28:00.113+0000] {dag.py:3823} INFO - Setting next_dagrun for fish_trade_pipeline to 2026-05-01 10:00:00+00:00, run_after=2026-06-01 10:00:00+00:00
[2026-04-13T21:28:00.159+0000] {processor.py:183} INFO - Processing /opt/airflow/dags/trade_fish_dag.py took 0.188 seconds
[2026-04-13T21:28:30.236+0000] {processor.py:161} INFO - Started process (PID=20184) to work on /opt/airflow/dags/trade_fish_dag.py
[2026-04-13T21:28:30.237+0000] {processor.py:830} INFO - Processing file /opt/airflow/dags/trade_fish_dag.py for tasks to queue
[2026-04-13T21:28:30.238+0000] {logging_mixin.py:188} INFO - [2026-04-13T21:28:30.237+0000] {dagbag.py:538} INFO - Filling up the DagBag from /opt/airflow/dags/trade_fish_dag.py
[2026-04-13T21:28:30.256+0000] {processor.py:840} INFO - DAG(s) 'fish_trade_pipeline' retrieved from /opt/airflow/dags/trade_fish_dag.py
[2026-04-13T21:28:30.288+0000] {logging_mixin.py:188} INFO - [2026-04-13T21:28:30.288+0000] {dag.py:3036} INFO - Sync 1 DAGs
[2026-04-13T21:28:30.305+0000] {logging_mixin.py:188} INFO - [2026-04-13T21:28:30.305+0000] {dag.py:3823} INFO - Setting next_dagrun for fish_trade_pipeline to 2026-05-01 10:00:00+00:00, run_after=2026-06-01 10:00:00+00:00
[2026-04-13T21:28:30.324+0000] {processor.py:183} INFO - Processing /opt/airflow/dags/trade_fish_dag.py took 0.091 seconds
[2026-04-13T21:29:00.523+0000] {processor.py:161} INFO - Started process (PID=20195) to work on /opt/airflow/dags/trade_fish_dag.py
[2026-04-13T21:29:00.524+0000] {processor.py:830} INFO - Processing file /opt/airflow/dags/trade_fish_dag.py for tasks to queue
[2026-04-13T21:29:00.525+0000] {logging_mixin.py:188} INFO - [2026-04-13T21:29:00.525+0000] {dagbag.py:538} INFO - Filling up the DagBag from /opt/airflow/dags/trade_fish_dag.py
[2026-04-13T21:29:00.545+0000] {processor.py:840} INFO - DAG(s) 'fish_trade_pipeline' retrieved from /opt/airflow/dags/trade_fish_dag.py
[2026-04-13T21:29:00.578+0000] {logging_mixin.py:188} INFO - [2026-04-13T21:29:00.578+0000] {dag.py:3036} INFO - Sync 1 DAGs
[2026-04-13T21:29:00.596+0000] {logging_mixin.py:188} INFO - [2026-04-13T21:29:00.596+0000] {dag.py:3823} INFO - Setting next_dagrun for fish_trade_pipeline to 2026-05-01 10:00:00+00:00, run_after=2026-06-01 10:00:00+00:00
[2026-04-13T21:29:00.615+0000] {processor.py:183} INFO - Processing /opt/airflow/dags/trade_fish_dag.py took 0.095 seconds
[2026-04-13T21:29:30.939+0000] {processor.py:161} INFO - Started process (PID=20206) to work on /opt/airflow/dags/trade_fish_dag.py
[2026-04-13T21:29:30.941+0000] {processor.py:830} INFO - Processing file /opt/airflow/dags/trade_fish_dag.py for tasks to queue
[2026-04-13T21:29:30.944+0000] {logging_mixin.py:188} INFO - [2026-04-13T21:29:30.943+0000] {dagbag.py:538} INFO - Filling up the DagBag from /opt/airflow/dags/trade_fish_dag.py
[2026-04-13T21:29:31.003+0000] {processor.py:840} INFO - DAG(s) 'fish_trade_pipeline' retrieved from /opt/airflow/dags/trade_fish_dag.py
[2026-04-13T21:29:31.045+0000] {logging_mixin.py:188} INFO - [2026-04-13T21:29:31.045+0000] {dag.py:3036} INFO - Sync 1 DAGs
[2026-04-13T21:29:31.062+0000] {logging_mixin.py:188} INFO - [2026-04-13T21:29:31.062+0000] {dag.py:3823} INFO - Setting next_dagrun for fish_trade_pipeline to 2026-05-01 10:00:00+00:00, run_after=2026-06-01 10:00:00+00:00
[2026-04-13T21:29:31.082+0000] {processor.py:183} INFO - Processing /opt/airflow/dags/trade_fish_dag.py took 0.149 seconds
[2026-04-13T21:30:01.208+0000] {processor.py:161} INFO - Started process (PID=20217) to work on /opt/airflow/dags/trade_fish_dag.py
[2026-04-13T21:30:01.210+0000] {processor.py:830} INFO - Processing file /opt/airflow/dags/trade_fish_dag.py for tasks to queue
[2026-04-13T21:30:01.211+0000] {logging_mixin.py:188} INFO - [2026-04-13T21:30:01.210+0000] {dagbag.py:538} INFO - Filling up the DagBag from /opt/airflow/dags/trade_fish_dag.py
[2026-04-13T21:30:01.227+0000] {processor.py:840} INFO - DAG(s) 'fish_trade_pipeline' retrieved from /opt/airflow/dags/trade_fish_dag.py
[2026-04-13T21:30:01.255+0000] {logging_mixin.py:188} INFO - [2026-04-13T21:30:01.254+0000] {dag.py:3036} INFO - Sync 1 DAGs
[2026-04-13T21:30:01.270+0000] {logging_mixin.py:188} INFO - [2026-04-13T21:30:01.270+0000] {dag.py:3823} INFO - Setting next_dagrun for fish_trade_pipeline to 2026-05-01 10:00:00+00:00, run_after=2026-06-01 10:00:00+00:00
[2026-04-13T21:30:01.347+0000] {processor.py:183} INFO - Processing /opt/airflow/dags/trade_fish_dag.py took 0.141 seconds
[2026-04-13T21:30:31.622+0000] {processor.py:161} INFO - Started process (PID=20228) to work on /opt/airflow/dags/trade_fish_dag.py
[2026-04-13T21:30:31.623+0000] {processor.py:830} INFO - Processing file /opt/airflow/dags/trade_fish_dag.py for tasks to queue
[2026-04-13T21:30:31.624+0000] {logging_mixin.py:188} INFO - [2026-04-13T21:30:31.624+0000] {dagbag.py:538} INFO - Filling up the DagBag from /opt/airflow/dags/trade_fish_dag.py
[2026-04-13T21:30:31.643+0000] {processor.py:840} INFO - DAG(s) 'fish_trade_pipeline' retrieved from /opt/airflow/dags/trade_fish_dag.py
[2026-04-13T21:30:31.673+0000] {logging_mixin.py:188} INFO - [2026-04-13T21:30:31.672+0000] {dag.py:3036} INFO - Sync 1 DAGs
[2026-04-13T21:30:31.690+0000] {logging_mixin.py:188} INFO - [2026-04-13T21:30:31.690+0000] {dag.py:3823} INFO - Setting next_dagrun for fish_trade_pipeline to 2026-05-01 10:00:00+00:00, run_after=2026-06-01 10:00:00+00:00
[2026-04-13T21:30:31.711+0000] {processor.py:183} INFO - Processing /opt/airflow/dags/trade_fish_dag.py took 0.091 seconds
[2026-04-13T21:31:01.928+0000] {processor.py:161} INFO - Started process (PID=20239) to work on /opt/airflow/dags/trade_fish_dag.py
[2026-04-13T21:31:01.930+0000] {processor.py:830} INFO - Processing file /opt/airflow/dags/trade_fish_dag.py for tasks to queue
[2026-04-13T21:31:01.931+0000] {logging_mixin.py:188} INFO - [2026-04-13T21:31:01.931+0000] {dagbag.py:538} INFO - Filling up the DagBag from /opt/airflow/dags/trade_fish_dag.py
[2026-04-13T21:31:01.950+0000] {processor.py:840} INFO - DAG(s) 'fish_trade_pipeline' retrieved from /opt/airflow/dags/trade_fish_dag.py
[2026-04-13T21:31:01.984+0000] {logging_mixin.py:188} INFO - [2026-04-13T21:31:01.984+0000] {dag.py:3036} INFO - Sync 1 DAGs
[2026-04-13T21:31:02.002+0000] {logging_mixin.py:188} INFO - [2026-04-13T21:31:02.002+0000] {dag.py:3823} INFO - Setting next_dagrun for fish_trade_pipeline to 2026-05-01 10:00:00+00:00, run_after=2026-06-01 10:00:00+00:00
[2026-04-13T21:31:02.020+0000] {processor.py:183} INFO - Processing /opt/airflow/dags/trade_fish_dag.py took 0.094 seconds
[2026-04-13T21:31:32.362+0000] {processor.py:161} INFO - Started process (PID=20249) to work on /opt/airflow/dags/trade_fish_dag.py
[2026-04-13T21:31:32.365+0000] {processor.py:830} INFO - Processing file /opt/airflow/dags/trade_fish_dag.py for tasks to queue
[2026-04-13T21:31:32.367+0000] {logging_mixin.py:188} INFO - [2026-04-13T21:31:32.366+0000] {dagbag.py:538} INFO - Filling up the DagBag from /opt/airflow/dags/trade_fish_dag.py
[2026-04-13T21:31:32.481+0000] {processor.py:840} INFO - DAG(s) 'fish_trade_pipeline' retrieved from /opt/airflow/dags/trade_fish_dag.py
[2026-04-13T21:31:32.533+0000] {logging_mixin.py:188} INFO - [2026-04-13T21:31:32.533+0000] {dag.py:3036} INFO - Sync 1 DAGs
[2026-04-13T21:31:32.553+0000] {logging_mixin.py:188} INFO - [2026-04-13T21:31:32.553+0000] {dag.py:3823} INFO - Setting next_dagrun for fish_trade_pipeline to 2026-05-01 10:00:00+00:00, run_after=2026-06-01 10:00:00+00:00
[2026-04-13T21:31:32.586+0000] {processor.py:183} INFO - Processing /opt/airflow/dags/trade_fish_dag.py took 0.231 seconds
[2026-04-13T21:32:02.930+0000] {processor.py:161} INFO - Started process (PID=20260) to work on /opt/airflow/dags/trade_fish_dag.py
[2026-04-13T21:32:02.932+0000] {processor.py:830} INFO - Processing file /opt/airflow/dags/trade_fish_dag.py for tasks to queue
[2026-04-13T21:32:02.934+0000] {logging_mixin.py:188} INFO - [2026-04-13T21:32:02.933+0000] {dagbag.py:538} INFO - Filling up the DagBag from /opt/airflow/dags/trade_fish_dag.py
[2026-04-13T21:32:02.969+0000] {processor.py:840} INFO - DAG(s) 'fish_trade_pipeline' retrieved from /opt/airflow/dags/trade_fish_dag.py
[2026-04-13T21:32:03.004+0000] {logging_mixin.py:188} INFO - [2026-04-13T21:32:03.004+0000] {dag.py:3036} INFO - Sync 1 DAGs
[2026-04-13T21:32:03.022+0000] {logging_mixin.py:188} INFO - [2026-04-13T21:32:03.021+0000] {dag.py:3823} INFO - Setting next_dagrun for fish_trade_pipeline to 2026-05-01 10:00:00+00:00, run_after=2026-06-01 10:00:00+00:00
[2026-04-13T21:32:03.041+0000] {processor.py:183} INFO - Processing /opt/airflow/dags/trade_fish_dag.py took 0.114 seconds
[2026-04-13T21:32:33.319+0000] {processor.py:161} INFO - Started process (PID=20271) to work on /opt/airflow/dags/trade_fish_dag.py
[2026-04-13T21:32:33.320+0000] {processor.py:830} INFO - Processing file /opt/airflow/dags/trade_fish_dag.py for tasks to queue
[2026-04-13T21:32:33.321+0000] {logging_mixin.py:188} INFO - [2026-04-13T21:32:33.321+0000] {dagbag.py:538} INFO - Filling up the DagBag from /opt/airflow/dags/trade_fish_dag.py
[2026-04-13T21:32:33.341+0000] {processor.py:840} INFO - DAG(s) 'fish_trade_pipeline' retrieved from /opt/airflow/dags/trade_fish_dag.py
[2026-04-13T21:32:33.369+0000] {logging_mixin.py:188} INFO - [2026-04-13T21:32:33.368+0000] {dag.py:3036} INFO - Sync 1 DAGs
[2026-04-13T21:32:33.386+0000] {logging_mixin.py:188} INFO - [2026-04-13T21:32:33.385+0000] {dag.py:3823} INFO - Setting next_dagrun for fish_trade_pipeline to 2026-05-01 10:00:00+00:00, run_after=2026-06-01 10:00:00+00:00
[2026-04-13T21:32:33.403+0000] {processor.py:183} INFO - Processing /opt/airflow/dags/trade_fish_dag.py took 0.086 seconds
[2026-04-13T21:33:03.799+0000] {processor.py:161} INFO - Started process (PID=20282) to work on /opt/airflow/dags/trade_fish_dag.py
[2026-04-13T21:33:03.802+0000] {processor.py:830} INFO - Processing file /opt/airflow/dags/trade_fish_dag.py for tasks to queue
[2026-04-13T21:33:03.806+0000] {logging_mixin.py:188} INFO - [2026-04-13T21:33:03.806+0000] {dagbag.py:538} INFO - Filling up the DagBag from /opt/airflow/dags/trade_fish_dag.py
[2026-04-13T21:33:03.922+0000] {processor.py:840} INFO - DAG(s) 'fish_trade_pipeline' retrieved from /opt/airflow/dags/trade_fish_dag.py
[2026-04-13T21:33:04.034+0000] {logging_mixin.py:188} INFO - [2026-04-13T21:33:04.034+0000] {dag.py:3036} INFO - Sync 1 DAGs
[2026-04-13T21:33:04.051+0000] {logging_mixin.py:188} INFO - [2026-04-13T21:33:04.051+0000] {dag.py:3823} INFO - Setting next_dagrun for fish_trade_pipeline to 2026-05-01 10:00:00+00:00, run_after=2026-06-01 10:00:00+00:00
[2026-04-13T21:33:04.070+0000] {processor.py:183} INFO - Processing /opt/airflow/dags/trade_fish_dag.py took 0.278 seconds
[2026-04-13T21:33:34.412+0000] {processor.py:161} INFO - Started process (PID=20293) to work on /opt/airflow/dags/trade_fish_dag.py
[2026-04-13T21:33:34.414+0000] {processor.py:830} INFO - Processing file /opt/airflow/dags/trade_fish_dag.py for tasks to queue
[2026-04-13T21:33:34.415+0000] {logging_mixin.py:188} INFO - [2026-04-13T21:33:34.415+0000] {dagbag.py:538} INFO - Filling up the DagBag from /opt/airflow/dags/trade_fish_dag.py
[2026-04-13T21:33:34.440+0000] {processor.py:840} INFO - DAG(s) 'fish_trade_pipeline' retrieved from /opt/airflow/dags/trade_fish_dag.py
[2026-04-13T21:33:34.477+0000] {logging_mixin.py:188} INFO - [2026-04-13T21:33:34.477+0000] {dag.py:3036} INFO - Sync 1 DAGs
[2026-04-13T21:33:34.494+0000] {logging_mixin.py:188} INFO - [2026-04-13T21:33:34.494+0000] {dag.py:3823} INFO - Setting next_dagrun for fish_trade_pipeline to 2026-05-01 10:00:00+00:00, run_after=2026-06-01 10:00:00+00:00
[2026-04-13T21:33:34.514+0000] {processor.py:183} INFO - Processing /opt/airflow/dags/trade_fish_dag.py took 0.107 seconds
[2026-04-13T21:34:04.707+0000] {processor.py:161} INFO - Started process (PID=20304) to work on /opt/airflow/dags/trade_fish_dag.py
[2026-04-13T21:34:04.708+0000] {processor.py:830} INFO - Processing file /opt/airflow/dags/trade_fish_dag.py for tasks to queue
[2026-04-13T21:34:04.709+0000] {logging_mixin.py:188} INFO - [2026-04-13T21:34:04.709+0000] {dagbag.py:538} INFO - Filling up the DagBag from /opt/airflow/dags/trade_fish_dag.py
[2026-04-13T21:34:04.727+0000] {processor.py:840} INFO - DAG(s) 'fish_trade_pipeline' retrieved from /opt/airflow/dags/trade_fish_dag.py
[2026-04-13T21:34:04.758+0000] {logging_mixin.py:188} INFO - [2026-04-13T21:34:04.757+0000] {dag.py:3036} INFO - Sync 1 DAGs
[2026-04-13T21:34:04.777+0000] {logging_mixin.py:188} INFO - [2026-04-13T21:34:04.776+0000] {dag.py:3823} INFO - Setting next_dagrun for fish_trade_pipeline to 2026-05-01 10:00:00+00:00, run_after=2026-06-01 10:00:00+00:00
[2026-04-13T21:34:04.795+0000] {processor.py:183} INFO - Processing /opt/airflow/dags/trade_fish_dag.py took 0.090 seconds
[2026-04-13T21:34:35.095+0000] {processor.py:161} INFO - Started process (PID=20315) to work on /opt/airflow/dags/trade_fish_dag.py
[2026-04-13T21:34:35.096+0000] {processor.py:830} INFO - Processing file /opt/airflow/dags/trade_fish_dag.py for tasks to queue
[2026-04-13T21:34:35.097+0000] {logging_mixin.py:188} INFO - [2026-04-13T21:34:35.097+0000] {dagbag.py:538} INFO - Filling up the DagBag from /opt/airflow/dags/trade_fish_dag.py
[2026-04-13T21:34:35.116+0000] {processor.py:840} INFO - DAG(s) 'fish_trade_pipeline' retrieved from /opt/airflow/dags/trade_fish_dag.py
[2026-04-13T21:34:35.150+0000] {logging_mixin.py:188} INFO - [2026-04-13T21:34:35.150+0000] {dag.py:3036} INFO - Sync 1 DAGs
[2026-04-13T21:34:35.169+0000] {logging_mixin.py:188} INFO - [2026-04-13T21:34:35.168+0000] {dag.py:3823} INFO - Setting next_dagrun for fish_trade_pipeline to 2026-05-01 10:00:00+00:00, run_after=2026-06-01 10:00:00+00:00
[2026-04-13T21:34:35.183+0000] {processor.py:183} INFO - Processing /opt/airflow/dags/trade_fish_dag.py took 0.090 seconds
[2026-04-13T21:35:05.395+0000] {processor.py:161} INFO - Started process (PID=20326) to work on /opt/airflow/dags/trade_fish_dag.py
[2026-04-13T21:35:05.396+0000] {processor.py:830} INFO - Processing file /opt/airflow/dags/trade_fish_dag.py for tasks to queue
[2026-04-13T21:35:05.397+0000] {logging_mixin.py:188} INFO - [2026-04-13T21:35:05.397+0000] {dagbag.py:538} INFO - Filling up the DagBag from /opt/airflow/dags/trade_fish_dag.py
[2026-04-13T21:35:05.416+0000] {processor.py:840} INFO - DAG(s) 'fish_trade_pipeline' retrieved from /opt/airflow/dags/trade_fish_dag.py
[2026-04-13T21:35:05.446+0000] {logging_mixin.py:188} INFO - [2026-04-13T21:35:05.445+0000] {dag.py:3036} INFO - Sync 1 DAGs
[2026-04-13T21:35:05.462+0000] {logging_mixin.py:188} INFO - [2026-04-13T21:35:05.462+0000] {dag.py:3823} INFO - Setting next_dagrun for fish_trade_pipeline to 2026-05-01 10:00:00+00:00, run_after=2026-06-01 10:00:00+00:00
[2026-04-13T21:35:05.480+0000] {processor.py:183} INFO - Processing /opt/airflow/dags/trade_fish_dag.py took 0.088 seconds
[2026-04-13T21:35:35.753+0000] {processor.py:161} INFO - Started process (PID=20337) to work on /opt/airflow/dags/trade_fish_dag.py
[2026-04-13T21:35:35.755+0000] {processor.py:830} INFO - Processing file /opt/airflow/dags/trade_fish_dag.py for tasks to queue
[2026-04-13T21:35:35.756+0000] {logging_mixin.py:188} INFO - [2026-04-13T21:35:35.756+0000] {dagbag.py:538} INFO - Filling up the DagBag from /opt/airflow/dags/trade_fish_dag.py
[2026-04-13T21:35:35.792+0000] {processor.py:840} INFO - DAG(s) 'fish_trade_pipeline' retrieved from /opt/airflow/dags/trade_fish_dag.py
[2026-04-13T21:35:35.824+0000] {logging_mixin.py:188} INFO - [2026-04-13T21:35:35.824+0000] {dag.py:3036} INFO - Sync 1 DAGs
[2026-04-13T21:35:35.845+0000] {logging_mixin.py:188} INFO - [2026-04-13T21:35:35.844+0000] {dag.py:3823} INFO - Setting next_dagrun for fish_trade_pipeline to 2026-05-01 10:00:00+00:00, run_after=2026-06-01 10:00:00+00:00
[2026-04-13T21:35:35.863+0000] {processor.py:183} INFO - Processing /opt/airflow/dags/trade_fish_dag.py took 0.113 seconds
[2026-04-13T21:36:06.083+0000] {processor.py:161} INFO - Started process (PID=20348) to work on /opt/airflow/dags/trade_fish_dag.py
[2026-04-13T21:36:06.085+0000] {processor.py:830} INFO - Processing file /opt/airflow/dags/trade_fish_dag.py for tasks to queue
[2026-04-13T21:36:06.086+0000] {logging_mixin.py:188} INFO - [2026-04-13T21:36:06.085+0000] {dagbag.py:538} INFO - Filling up the DagBag from /opt/airflow/dags/trade_fish_dag.py
[2026-04-13T21:36:06.105+0000] {processor.py:840} INFO - DAG(s) 'fish_trade_pipeline' retrieved from /opt/airflow/dags/trade_fish_dag.py
[2026-04-13T21:36:06.147+0000] {logging_mixin.py:188} INFO - [2026-04-13T21:36:06.147+0000] {dag.py:3036} INFO - Sync 1 DAGs
[2026-04-13T21:36:06.165+0000] {logging_mixin.py:188} INFO - [2026-04-13T21:36:06.164+0000] {dag.py:3823} INFO - Setting next_dagrun for fish_trade_pipeline to 2026-05-01 10:00:00+00:00, run_after=2026-06-01 10:00:00+00:00
[2026-04-13T21:36:06.182+0000] {processor.py:183} INFO - Processing /opt/airflow/dags/trade_fish_dag.py took 0.102 seconds
[2026-04-13T21:36:36.452+0000] {processor.py:161} INFO - Started process (PID=20359) to work on /opt/airflow/dags/trade_fish_dag.py
[2026-04-13T21:36:36.453+0000] {processor.py:830} INFO - Processing file /opt/airflow/dags/trade_fish_dag.py for tasks to queue
[2026-04-13T21:36:36.455+0000] {logging_mixin.py:188} INFO - [2026-04-13T21:36:36.454+0000] {dagbag.py:538} INFO - Filling up the DagBag from /opt/airflow/dags/trade_fish_dag.py
[2026-04-13T21:36:36.493+0000] {processor.py:840} INFO - DAG(s) 'fish_trade_pipeline' retrieved from /opt/airflow/dags/trade_fish_dag.py
[2026-04-13T21:36:36.527+0000] {logging_mixin.py:188} INFO - [2026-04-13T21:36:36.527+0000] {dag.py:3036} INFO - Sync 1 DAGs
[2026-04-13T21:36:36.545+0000] {logging_mixin.py:188} INFO - [2026-04-13T21:36:36.545+0000] {dag.py:3823} INFO - Setting next_dagrun for fish_trade_pipeline to 2026-05-01 10:00:00+00:00, run_after=2026-06-01 10:00:00+00:00
[2026-04-13T21:36:36.564+0000] {processor.py:183} INFO - Processing /opt/airflow/dags/trade_fish_dag.py took 0.115 seconds
[2026-04-13T21:37:06.710+0000] {processor.py:161} INFO - Started process (PID=20370) to work on /opt/airflow/dags/trade_fish_dag.py
[2026-04-13T21:37:06.712+0000] {processor.py:830} INFO - Processing file /opt/airflow/dags/trade_fish_dag.py for tasks to queue
[2026-04-13T21:37:06.713+0000] {logging_mixin.py:188} INFO - [2026-04-13T21:37:06.713+0000] {dagbag.py:538} INFO - Filling up the DagBag from /opt/airflow/dags/trade_fish_dag.py
[2026-04-13T21:37:06.756+0000] {processor.py:840} INFO - DAG(s) 'fish_trade_pipeline' retrieved from /opt/airflow/dags/trade_fish_dag.py
[2026-04-13T21:37:06.803+0000] {logging_mixin.py:188} INFO - [2026-04-13T21:37:06.803+0000] {dag.py:3036} INFO - Sync 1 DAGs
[2026-04-13T21:37:06.823+0000] {logging_mixin.py:188} INFO - [2026-04-13T21:37:06.823+0000] {dag.py:3823} INFO - Setting next_dagrun for fish_trade_pipeline to 2026-05-01 10:00:00+00:00, run_after=2026-06-01 10:00:00+00:00
[2026-04-13T21:37:06.840+0000] {processor.py:183} INFO - Processing /opt/airflow/dags/trade_fish_dag.py took 0.133 seconds
[2026-04-13T21:37:37.072+0000] {processor.py:161} INFO - Started process (PID=20381) to work on /opt/airflow/dags/trade_fish_dag.py
[2026-04-13T21:37:37.074+0000] {processor.py:830} INFO - Processing file /opt/airflow/dags/trade_fish_dag.py for tasks to queue
[2026-04-13T21:37:37.075+0000] {logging_mixin.py:188} INFO - [2026-04-13T21:37:37.075+0000] {dagbag.py:538} INFO - Filling up the DagBag from /opt/airflow/dags/trade_fish_dag.py
[2026-04-13T21:37:37.100+0000] {processor.py:840} INFO - DAG(s) 'fish_trade_pipeline' retrieved from /opt/airflow/dags/trade_fish_dag.py
[2026-04-13T21:37:37.136+0000] {logging_mixin.py:188} INFO - [2026-04-13T21:37:37.136+0000] {dag.py:3036} INFO - Sync 1 DAGs
[2026-04-13T21:37:37.155+0000] {logging_mixin.py:188} INFO - [2026-04-13T21:37:37.155+0000] {dag.py:3823} INFO - Setting next_dagrun for fish_trade_pipeline to 2026-05-01 10:00:00+00:00, run_after=2026-06-01 10:00:00+00:00
[2026-04-13T21:37:37.226+0000] {processor.py:183} INFO - Processing /opt/airflow/dags/trade_fish_dag.py took 0.156 seconds
[2026-04-13T21:38:07.306+0000] {processor.py:161} INFO - Started process (PID=20392) to work on /opt/airflow/dags/trade_fish_dag.py
[2026-04-13T21:38:07.308+0000] {processor.py:830} INFO - Processing file /opt/airflow/dags/trade_fish_dag.py for tasks to queue
[2026-04-13T21:38:07.309+0000] {logging_mixin.py:188} INFO - [2026-04-13T21:38:07.308+0000] {dagbag.py:538} INFO - Filling up the DagBag from /opt/airflow/dags/trade_fish_dag.py
[2026-04-13T21:38:07.346+0000] {processor.py:840} INFO - DAG(s) 'fish_trade_pipeline' retrieved from /opt/airflow/dags/trade_fish_dag.py
[2026-04-13T21:38:07.378+0000] {logging_mixin.py:188} INFO - [2026-04-13T21:38:07.378+0000] {dag.py:3036} INFO - Sync 1 DAGs
[2026-04-13T21:38:07.396+0000] {logging_mixin.py:188} INFO - [2026-04-13T21:38:07.396+0000] {dag.py:3823} INFO - Setting next_dagrun for fish_trade_pipeline to 2026-05-01 10:00:00+00:00, run_after=2026-06-01 10:00:00+00:00
[2026-04-13T21:38:07.467+0000] {processor.py:183} INFO - Processing /opt/airflow/dags/trade_fish_dag.py took 0.164 seconds
[2026-04-13T21:38:37.698+0000] {processor.py:161} INFO - Started process (PID=20403) to work on /opt/airflow/dags/trade_fish_dag.py
[2026-04-13T21:38:37.699+0000] {processor.py:830} INFO - Processing file /opt/airflow/dags/trade_fish_dag.py for tasks to queue
[2026-04-13T21:38:37.700+0000] {logging_mixin.py:188} INFO - [2026-04-13T21:38:37.700+0000] {dagbag.py:538} INFO - Filling up the DagBag from /opt/airflow/dags/trade_fish_dag.py
[2026-04-13T21:38:37.720+0000] {processor.py:840} INFO - DAG(s) 'fish_trade_pipeline' retrieved from /opt/airflow/dags/trade_fish_dag.py
[2026-04-13T21:38:37.750+0000] {logging_mixin.py:188} INFO - [2026-04-13T21:38:37.749+0000] {dag.py:3036} INFO - Sync 1 DAGs
[2026-04-13T21:38:37.769+0000] {logging_mixin.py:188} INFO - [2026-04-13T21:38:37.769+0000] {dag.py:3823} INFO - Setting next_dagrun for fish_trade_pipeline to 2026-05-01 10:00:00+00:00, run_after=2026-06-01 10:00:00+00:00
[2026-04-13T21:38:37.785+0000] {processor.py:183} INFO - Processing /opt/airflow/dags/trade_fish_dag.py took 0.090 seconds
[2026-04-13T21:39:07.960+0000] {processor.py:161} INFO - Started process (PID=20414) to work on /opt/airflow/dags/trade_fish_dag.py
[2026-04-13T21:39:07.961+0000] {processor.py:830} INFO - Processing file /opt/airflow/dags/trade_fish_dag.py for tasks to queue
[2026-04-13T21:39:07.962+0000] {logging_mixin.py:188} INFO - [2026-04-13T21:39:07.962+0000] {dagbag.py:538} INFO - Filling up the DagBag from /opt/airflow/dags/trade_fish_dag.py
[2026-04-13T21:39:07.983+0000] {processor.py:840} INFO - DAG(s) 'fish_trade_pipeline' retrieved from /opt/airflow/dags/trade_fish_dag.py
[2026-04-13T21:39:08.024+0000] {logging_mixin.py:188} INFO - [2026-04-13T21:39:08.024+0000] {dag.py:3036} INFO - Sync 1 DAGs
[2026-04-13T21:39:08.042+0000] {logging_mixin.py:188} INFO - [2026-04-13T21:39:08.042+0000] {dag.py:3823} INFO - Setting next_dagrun for fish_trade_pipeline to 2026-05-01 10:00:00+00:00, run_after=2026-06-01 10:00:00+00:00
[2026-04-13T21:39:08.062+0000] {processor.py:183} INFO - Processing /opt/airflow/dags/trade_fish_dag.py took 0.105 seconds
[2026-04-13T21:39:38.505+0000] {processor.py:161} INFO - Started process (PID=20425) to work on /opt/airflow/dags/trade_fish_dag.py
[2026-04-13T21:39:38.508+0000] {processor.py:830} INFO - Processing file /opt/airflow/dags/trade_fish_dag.py for tasks to queue
[2026-04-13T21:39:38.510+0000] {logging_mixin.py:188} INFO - [2026-04-13T21:39:38.510+0000] {dagbag.py:538} INFO - Filling up the DagBag from /opt/airflow/dags/trade_fish_dag.py
[2026-04-13T21:39:38.532+0000] {processor.py:840} INFO - DAG(s) 'fish_trade_pipeline' retrieved from /opt/airflow/dags/trade_fish_dag.py
[2026-04-13T21:39:38.577+0000] {logging_mixin.py:188} INFO - [2026-04-13T21:39:38.577+0000] {dag.py:3036} INFO - Sync 1 DAGs
[2026-04-13T21:39:38.596+0000] {logging_mixin.py:188} INFO - [2026-04-13T21:39:38.596+0000] {dag.py:3823} INFO - Setting next_dagrun for fish_trade_pipeline to 2026-05-01 10:00:00+00:00, run_after=2026-06-01 10:00:00+00:00
[2026-04-13T21:39:38.616+0000] {processor.py:183} INFO - Processing /opt/airflow/dags/trade_fish_dag.py took 0.116 seconds
[2026-04-13T21:40:08.836+0000] {processor.py:161} INFO - Started process (PID=20436) to work on /opt/airflow/dags/trade_fish_dag.py
[2026-04-13T21:40:08.841+0000] {processor.py:830} INFO - Processing file /opt/airflow/dags/trade_fish_dag.py for tasks to queue
[2026-04-13T21:40:08.843+0000] {logging_mixin.py:188} INFO - [2026-04-13T21:40:08.842+0000] {dagbag.py:538} INFO - Filling up the DagBag from /opt/airflow/dags/trade_fish_dag.py
[2026-04-13T21:40:08.877+0000] {processor.py:840} INFO - DAG(s) 'fish_trade_pipeline' retrieved from /opt/airflow/dags/trade_fish_dag.py
[2026-04-13T21:40:08.915+0000] {logging_mixin.py:188} INFO - [2026-04-13T21:40:08.915+0000] {dag.py:3036} INFO - Sync 1 DAGs
[2026-04-13T21:40:08.935+0000] {logging_mixin.py:188} INFO - [2026-04-13T21:40:08.935+0000] {dag.py:3823} INFO - Setting next_dagrun for fish_trade_pipeline to 2026-05-01 10:00:00+00:00, run_after=2026-06-01 10:00:00+00:00
[2026-04-13T21:40:08.953+0000] {processor.py:183} INFO - Processing /opt/airflow/dags/trade_fish_dag.py took 0.120 seconds
[2026-04-13T21:40:39.156+0000] {processor.py:161} INFO - Started process (PID=20447) to work on /opt/airflow/dags/trade_fish_dag.py
[2026-04-13T21:40:39.157+0000] {processor.py:830} INFO - Processing file /opt/airflow/dags/trade_fish_dag.py for tasks to queue
[2026-04-13T21:40:39.159+0000] {logging_mixin.py:188} INFO - [2026-04-13T21:40:39.158+0000] {dagbag.py:538} INFO - Filling up the DagBag from /opt/airflow/dags/trade_fish_dag.py
[2026-04-13T21:40:39.198+0000] {processor.py:840} INFO - DAG(s) 'fish_trade_pipeline' retrieved from /opt/airflow/dags/trade_fish_dag.py
[2026-04-13T21:40:39.228+0000] {logging_mixin.py:188} INFO - [2026-04-13T21:40:39.228+0000] {dag.py:3036} INFO - Sync 1 DAGs
[2026-04-13T21:40:39.245+0000] {logging_mixin.py:188} INFO - [2026-04-13T21:40:39.245+0000] {dag.py:3823} INFO - Setting next_dagrun for fish_trade_pipeline to 2026-05-01 10:00:00+00:00, run_after=2026-06-01 10:00:00+00:00
[2026-04-13T21:40:39.263+0000] {processor.py:183} INFO - Processing /opt/airflow/dags/trade_fish_dag.py took 0.112 seconds
[2026-04-13T21:41:09.466+0000] {processor.py:161} INFO - Started process (PID=20458) to work on /opt/airflow/dags/trade_fish_dag.py
[2026-04-13T21:41:09.468+0000] {processor.py:830} INFO - Processing file /opt/airflow/dags/trade_fish_dag.py for tasks to queue
[2026-04-13T21:41:09.469+0000] {logging_mixin.py:188} INFO - [2026-04-13T21:41:09.469+0000] {dagbag.py:538} INFO - Filling up the DagBag from /opt/airflow/dags/trade_fish_dag.py
[2026-04-13T21:41:09.502+0000] {processor.py:840} INFO - DAG(s) 'fish_trade_pipeline' retrieved from /opt/airflow/dags/trade_fish_dag.py
[2026-04-13T21:41:09.538+0000] {logging_mixin.py:188} INFO - [2026-04-13T21:41:09.537+0000] {dag.py:3036} INFO - Sync 1 DAGs
[2026-04-13T21:41:09.553+0000] {logging_mixin.py:188} INFO - [2026-04-13T21:41:09.553+0000] {dag.py:3823} INFO - Setting next_dagrun for fish_trade_pipeline to 2026-05-01 10:00:00+00:00, run_after=2026-06-01 10:00:00+00:00
[2026-04-13T21:41:09.572+0000] {processor.py:183} INFO - Processing /opt/airflow/dags/trade_fish_dag.py took 0.109 seconds
[2026-04-13T21:41:39.742+0000] {processor.py:161} INFO - Started process (PID=20469) to work on /opt/airflow/dags/trade_fish_dag.py
[2026-04-13T21:41:39.743+0000] {processor.py:830} INFO - Processing file /opt/airflow/dags/trade_fish_dag.py for tasks to queue
[2026-04-13T21:41:39.744+0000] {logging_mixin.py:188} INFO - [2026-04-13T21:41:39.744+0000] {dagbag.py:538} INFO - Filling up the DagBag from /opt/airflow/dags/trade_fish_dag.py
[2026-04-13T21:41:39.764+0000] {processor.py:840} INFO - DAG(s) 'fish_trade_pipeline' retrieved from /opt/airflow/dags/trade_fish_dag.py
[2026-04-13T21:41:39.803+0000] {logging_mixin.py:188} INFO - [2026-04-13T21:41:39.803+0000] {dag.py:3036} INFO - Sync 1 DAGs
[2026-04-13T21:41:39.820+0000] {logging_mixin.py:188} INFO - [2026-04-13T21:41:39.820+0000] {dag.py:3823} INFO - Setting next_dagrun for fish_trade_pipeline to 2026-05-01 10:00:00+00:00, run_after=2026-06-01 10:00:00+00:00
[2026-04-13T21:41:39.836+0000] {processor.py:183} INFO - Processing /opt/airflow/dags/trade_fish_dag.py took 0.097 seconds
[2026-04-13T21:42:10.070+0000] {processor.py:161} INFO - Started process (PID=20481) to work on /opt/airflow/dags/trade_fish_dag.py
[2026-04-13T21:42:10.071+0000] {processor.py:830} INFO - Processing file /opt/airflow/dags/trade_fish_dag.py for tasks to queue
[2026-04-13T21:42:10.073+0000] {logging_mixin.py:188} INFO - [2026-04-13T21:42:10.072+0000] {dagbag.py:538} INFO - Filling up the DagBag from /opt/airflow/dags/trade_fish_dag.py
[2026-04-13T21:42:10.119+0000] {processor.py:840} INFO - DAG(s) 'fish_trade_pipeline' retrieved from /opt/airflow/dags/trade_fish_dag.py
[2026-04-13T21:42:10.157+0000] {logging_mixin.py:188} INFO - [2026-04-13T21:42:10.157+0000] {dag.py:3036} INFO - Sync 1 DAGs
[2026-04-13T21:42:10.178+0000] {logging_mixin.py:188} INFO - [2026-04-13T21:42:10.178+0000] {dag.py:3823} INFO - Setting next_dagrun for fish_trade_pipeline to 2026-05-01 10:00:00+00:00, run_after=2026-06-01 10:00:00+00:00
[2026-04-13T21:42:10.251+0000] {processor.py:183} INFO - Processing /opt/airflow/dags/trade_fish_dag.py took 0.184 seconds
[2026-04-13T21:42:40.482+0000] {processor.py:161} INFO - Started process (PID=20492) to work on /opt/airflow/dags/trade_fish_dag.py
[2026-04-13T21:42:40.483+0000] {processor.py:830} INFO - Processing file /opt/airflow/dags/trade_fish_dag.py for tasks to queue
[2026-04-13T21:42:40.484+0000] {logging_mixin.py:188} INFO - [2026-04-13T21:42:40.483+0000] {dagbag.py:538} INFO - Filling up the DagBag from /opt/airflow/dags/trade_fish_dag.py
[2026-04-13T21:42:40.502+0000] {processor.py:840} INFO - DAG(s) 'fish_trade_pipeline' retrieved from /opt/airflow/dags/trade_fish_dag.py
[2026-04-13T21:42:40.529+0000] {logging_mixin.py:188} INFO - [2026-04-13T21:42:40.529+0000] {dag.py:3036} INFO - Sync 1 DAGs
[2026-04-13T21:42:40.544+0000] {logging_mixin.py:188} INFO - [2026-04-13T21:42:40.544+0000] {dag.py:3823} INFO - Setting next_dagrun for fish_trade_pipeline to 2026-05-01 10:00:00+00:00, run_after=2026-06-01 10:00:00+00:00
[2026-04-13T21:42:40.559+0000] {processor.py:183} INFO - Processing /opt/airflow/dags/trade_fish_dag.py took 0.080 seconds
[2026-04-13T21:43:10.772+0000] {processor.py:161} INFO - Started process (PID=20503) to work on /opt/airflow/dags/trade_fish_dag.py
[2026-04-13T21:43:10.773+0000] {processor.py:830} INFO - Processing file /opt/airflow/dags/trade_fish_dag.py for tasks to queue
[2026-04-13T21:43:10.774+0000] {logging_mixin.py:188} INFO - [2026-04-13T21:43:10.774+0000] {dagbag.py:538} INFO - Filling up the DagBag from /opt/airflow/dags/trade_fish_dag.py
[2026-04-13T21:43:10.793+0000] {processor.py:840} INFO - DAG(s) 'fish_trade_pipeline' retrieved from /opt/airflow/dags/trade_fish_dag.py
[2026-04-13T21:43:10.820+0000] {logging_mixin.py:188} INFO - [2026-04-13T21:43:10.820+0000] {dag.py:3036} INFO - Sync 1 DAGs
[2026-04-13T21:43:10.837+0000] {logging_mixin.py:188} INFO - [2026-04-13T21:43:10.837+0000] {dag.py:3823} INFO - Setting next_dagrun for fish_trade_pipeline to 2026-05-01 10:00:00+00:00, run_after=2026-06-01 10:00:00+00:00
[2026-04-13T21:43:10.909+0000] {processor.py:183} INFO - Processing /opt/airflow/dags/trade_fish_dag.py took 0.140 seconds
[2026-04-13T21:43:41.158+0000] {processor.py:161} INFO - Started process (PID=20513) to work on /opt/airflow/dags/trade_fish_dag.py
[2026-04-13T21:43:41.160+0000] {processor.py:830} INFO - Processing file /opt/airflow/dags/trade_fish_dag.py for tasks to queue
[2026-04-13T21:43:41.161+0000] {logging_mixin.py:188} INFO - [2026-04-13T21:43:41.161+0000] {dagbag.py:538} INFO - Filling up the DagBag from /opt/airflow/dags/trade_fish_dag.py
[2026-04-13T21:43:41.196+0000] {processor.py:840} INFO - DAG(s) 'fish_trade_pipeline' retrieved from /opt/airflow/dags/trade_fish_dag.py
[2026-04-13T21:43:41.232+0000] {logging_mixin.py:188} INFO - [2026-04-13T21:43:41.232+0000] {dag.py:3036} INFO - Sync 1 DAGs
[2026-04-13T21:43:41.250+0000] {logging_mixin.py:188} INFO - [2026-04-13T21:43:41.250+0000] {dag.py:3823} INFO - Setting next_dagrun for fish_trade_pipeline to 2026-05-01 10:00:00+00:00, run_after=2026-06-01 10:00:00+00:00
[2026-04-13T21:43:41.266+0000] {processor.py:183} INFO - Processing /opt/airflow/dags/trade_fish_dag.py took 0.113 seconds
[2026-04-13T21:44:11.377+0000] {processor.py:161} INFO - Started process (PID=20524) to work on /opt/airflow/dags/trade_fish_dag.py
[2026-04-13T21:44:11.380+0000] {processor.py:830} INFO - Processing file /opt/airflow/dags/trade_fish_dag.py for tasks to queue
[2026-04-13T21:44:11.381+0000] {logging_mixin.py:188} INFO - [2026-04-13T21:44:11.381+0000] {dagbag.py:538} INFO - Filling up the DagBag from /opt/airflow/dags/trade_fish_dag.py
[2026-04-13T21:44:11.410+0000] {processor.py:840} INFO - DAG(s) 'fish_trade_pipeline' retrieved from /opt/airflow/dags/trade_fish_dag.py
[2026-04-13T21:44:11.444+0000] {logging_mixin.py:188} INFO - [2026-04-13T21:44:11.443+0000] {dag.py:3036} INFO - Sync 1 DAGs
[2026-04-13T21:44:11.461+0000] {logging_mixin.py:188} INFO - [2026-04-13T21:44:11.461+0000] {dag.py:3823} INFO - Setting next_dagrun for fish_trade_pipeline to 2026-05-01 10:00:00+00:00, run_after=2026-06-01 10:00:00+00:00
[2026-04-13T21:44:11.484+0000] {processor.py:183} INFO - Processing /opt/airflow/dags/trade_fish_dag.py took 0.110 seconds
[2026-04-13T21:44:41.699+0000] {processor.py:161} INFO - Started process (PID=20535) to work on /opt/airflow/dags/trade_fish_dag.py
[2026-04-13T21:44:41.700+0000] {processor.py:830} INFO - Processing file /opt/airflow/dags/trade_fish_dag.py for tasks to queue
[2026-04-13T21:44:41.701+0000] {logging_mixin.py:188} INFO - [2026-04-13T21:44:41.701+0000] {dagbag.py:538} INFO - Filling up the DagBag from /opt/airflow/dags/trade_fish_dag.py
[2026-04-13T21:44:41.738+0000] {processor.py:840} INFO - DAG(s) 'fish_trade_pipeline' retrieved from /opt/airflow/dags/trade_fish_dag.py
[2026-04-13T21:44:41.773+0000] {logging_mixin.py:188} INFO - [2026-04-13T21:44:41.773+0000] {dag.py:3036} INFO - Sync 1 DAGs
[2026-04-13T21:44:41.793+0000] {logging_mixin.py:188} INFO - [2026-04-13T21:44:41.793+0000] {dag.py:3823} INFO - Setting next_dagrun for fish_trade_pipeline to 2026-05-01 10:00:00+00:00, run_after=2026-06-01 10:00:00+00:00
[2026-04-13T21:44:41.817+0000] {processor.py:183} INFO - Processing /opt/airflow/dags/trade_fish_dag.py took 0.121 seconds
[2026-04-13T21:45:11.962+0000] {processor.py:161} INFO - Started process (PID=20546) to work on /opt/airflow/dags/trade_fish_dag.py
[2026-04-13T21:45:11.963+0000] {processor.py:830} INFO - Processing file /opt/airflow/dags/trade_fish_dag.py for tasks to queue
[2026-04-13T21:45:11.965+0000] {logging_mixin.py:188} INFO - [2026-04-13T21:45:11.964+0000] {dagbag.py:538} INFO - Filling up the DagBag from /opt/airflow/dags/trade_fish_dag.py
[2026-04-13T21:45:12.045+0000] {processor.py:840} INFO - DAG(s) 'fish_trade_pipeline' retrieved from /opt/airflow/dags/trade_fish_dag.py
[2026-04-13T21:45:12.085+0000] {logging_mixin.py:188} INFO - [2026-04-13T21:45:12.084+0000] {dag.py:3036} INFO - Sync 1 DAGs
[2026-04-13T21:45:12.102+0000] {logging_mixin.py:188} INFO - [2026-04-13T21:45:12.102+0000] {dag.py:3823} INFO - Setting next_dagrun for fish_trade_pipeline to 2026-05-01 10:00:00+00:00, run_after=2026-06-01 10:00:00+00:00
[2026-04-13T21:45:12.124+0000] {processor.py:183} INFO - Processing /opt/airflow/dags/trade_fish_dag.py took 0.167 seconds
[2026-04-13T21:45:42.350+0000] {processor.py:161} INFO - Started process (PID=20557) to work on /opt/airflow/dags/trade_fish_dag.py
[2026-04-13T21:45:42.351+0000] {processor.py:830} INFO - Processing file /opt/airflow/dags/trade_fish_dag.py for tasks to queue
[2026-04-13T21:45:42.352+0000] {logging_mixin.py:188} INFO - [2026-04-13T21:45:42.352+0000] {dagbag.py:538} INFO - Filling up the DagBag from /opt/airflow/dags/trade_fish_dag.py
[2026-04-13T21:45:42.383+0000] {processor.py:840} INFO - DAG(s) 'fish_trade_pipeline' retrieved from /opt/airflow/dags/trade_fish_dag.py
[2026-04-13T21:45:42.418+0000] {logging_mixin.py:188} INFO - [2026-04-13T21:45:42.418+0000] {dag.py:3036} INFO - Sync 1 DAGs
[2026-04-13T21:45:42.436+0000] {logging_mixin.py:188} INFO - [2026-04-13T21:45:42.436+0000] {dag.py:3823} INFO - Setting next_dagrun for fish_trade_pipeline to 2026-05-01 10:00:00+00:00, run_after=2026-06-01 10:00:00+00:00
[2026-04-13T21:45:42.504+0000] {processor.py:183} INFO - Processing /opt/airflow/dags/trade_fish_dag.py took 0.157 seconds
[2026-04-13T21:46:12.596+0000] {processor.py:161} INFO - Started process (PID=20568) to work on /opt/airflow/dags/trade_fish_dag.py
[2026-04-13T21:46:12.597+0000] {processor.py:830} INFO - Processing file /opt/airflow/dags/trade_fish_dag.py for tasks to queue
[2026-04-13T21:46:12.598+0000] {logging_mixin.py:188} INFO - [2026-04-13T21:46:12.598+0000] {dagbag.py:538} INFO - Filling up the DagBag from /opt/airflow/dags/trade_fish_dag.py
[2026-04-13T21:46:12.616+0000] {processor.py:840} INFO - DAG(s) 'fish_trade_pipeline' retrieved from /opt/airflow/dags/trade_fish_dag.py
[2026-04-13T21:46:12.652+0000] {logging_mixin.py:188} INFO - [2026-04-13T21:46:12.652+0000] {dag.py:3036} INFO - Sync 1 DAGs
[2026-04-13T21:46:12.675+0000] {logging_mixin.py:188} INFO - [2026-04-13T21:46:12.675+0000] {dag.py:3823} INFO - Setting next_dagrun for fish_trade_pipeline to 2026-05-01 10:00:00+00:00, run_after=2026-06-01 10:00:00+00:00
[2026-04-13T21:46:12.691+0000] {processor.py:183} INFO - Processing /opt/airflow/dags/trade_fish_dag.py took 0.097 seconds
[2026-04-13T21:46:42.847+0000] {processor.py:161} INFO - Started process (PID=20579) to work on /opt/airflow/dags/trade_fish_dag.py
[2026-04-13T21:46:42.848+0000] {processor.py:830} INFO - Processing file /opt/airflow/dags/trade_fish_dag.py for tasks to queue
[2026-04-13T21:46:42.849+0000] {logging_mixin.py:188} INFO - [2026-04-13T21:46:42.849+0000] {dagbag.py:538} INFO - Filling up the DagBag from /opt/airflow/dags/trade_fish_dag.py
[2026-04-13T21:46:42.867+0000] {processor.py:840} INFO - DAG(s) 'fish_trade_pipeline' retrieved from /opt/airflow/dags/trade_fish_dag.py
[2026-04-13T21:46:42.896+0000] {logging_mixin.py:188} INFO - [2026-04-13T21:46:42.896+0000] {dag.py:3036} INFO - Sync 1 DAGs
[2026-04-13T21:46:42.913+0000] {logging_mixin.py:188} INFO - [2026-04-13T21:46:42.913+0000] {dag.py:3823} INFO - Setting next_dagrun for fish_trade_pipeline to 2026-05-01 10:00:00+00:00, run_after=2026-06-01 10:00:00+00:00
[2026-04-13T21:46:43.016+0000] {processor.py:183} INFO - Processing /opt/airflow/dags/trade_fish_dag.py took 0.172 seconds
[2026-04-13T21:47:13.264+0000] {processor.py:161} INFO - Started process (PID=20590) to work on /opt/airflow/dags/trade_fish_dag.py
[2026-04-13T21:47:13.265+0000] {processor.py:830} INFO - Processing file /opt/airflow/dags/trade_fish_dag.py for tasks to queue
[2026-04-13T21:47:13.265+0000] {logging_mixin.py:188} INFO - [2026-04-13T21:47:13.265+0000] {dagbag.py:538} INFO - Filling up the DagBag from /opt/airflow/dags/trade_fish_dag.py
[2026-04-13T21:47:13.281+0000] {processor.py:840} INFO - DAG(s) 'fish_trade_pipeline' retrieved from /opt/airflow/dags/trade_fish_dag.py
[2026-04-13T21:47:13.312+0000] {logging_mixin.py:188} INFO - [2026-04-13T21:47:13.312+0000] {dag.py:3036} INFO - Sync 1 DAGs
[2026-04-13T21:47:13.330+0000] {logging_mixin.py:188} INFO - [2026-04-13T21:47:13.329+0000] {dag.py:3823} INFO - Setting next_dagrun for fish_trade_pipeline to 2026-05-01 10:00:00+00:00, run_after=2026-06-01 10:00:00+00:00
[2026-04-13T21:47:13.349+0000] {processor.py:183} INFO - Processing /opt/airflow/dags/trade_fish_dag.py took 0.088 seconds
[2026-04-13T21:47:43.537+0000] {processor.py:161} INFO - Started process (PID=20601) to work on /opt/airflow/dags/trade_fish_dag.py
[2026-04-13T21:47:43.539+0000] {processor.py:830} INFO - Processing file /opt/airflow/dags/trade_fish_dag.py for tasks to queue
[2026-04-13T21:47:43.539+0000] {logging_mixin.py:188} INFO - [2026-04-13T21:47:43.539+0000] {dagbag.py:538} INFO - Filling up the DagBag from /opt/airflow/dags/trade_fish_dag.py
[2026-04-13T21:47:43.560+0000] {processor.py:840} INFO - DAG(s) 'fish_trade_pipeline' retrieved from /opt/airflow/dags/trade_fish_dag.py
[2026-04-13T21:47:43.587+0000] {logging_mixin.py:188} INFO - [2026-04-13T21:47:43.587+0000] {dag.py:3036} INFO - Sync 1 DAGs
[2026-04-13T21:47:43.604+0000] {logging_mixin.py:188} INFO - [2026-04-13T21:47:43.604+0000] {dag.py:3823} INFO - Setting next_dagrun for fish_trade_pipeline to 2026-05-01 10:00:00+00:00, run_after=2026-06-01 10:00:00+00:00
[2026-04-13T21:47:43.619+0000] {processor.py:183} INFO - Processing /opt/airflow/dags/trade_fish_dag.py took 0.084 seconds
[2026-04-13T21:48:13.825+0000] {processor.py:161} INFO - Started process (PID=20612) to work on /opt/airflow/dags/trade_fish_dag.py
[2026-04-13T21:48:13.826+0000] {processor.py:830} INFO - Processing file /opt/airflow/dags/trade_fish_dag.py for tasks to queue
[2026-04-13T21:48:13.827+0000] {logging_mixin.py:188} INFO - [2026-04-13T21:48:13.826+0000] {dagbag.py:538} INFO - Filling up the DagBag from /opt/airflow/dags/trade_fish_dag.py
[2026-04-13T21:48:13.845+0000] {processor.py:840} INFO - DAG(s) 'fish_trade_pipeline' retrieved from /opt/airflow/dags/trade_fish_dag.py
[2026-04-13T21:48:13.873+0000] {logging_mixin.py:188} INFO - [2026-04-13T21:48:13.873+0000] {dag.py:3036} INFO - Sync 1 DAGs
[2026-04-13T21:48:13.890+0000] {logging_mixin.py:188} INFO - [2026-04-13T21:48:13.890+0000] {dag.py:3823} INFO - Setting next_dagrun for fish_trade_pipeline to 2026-05-01 10:00:00+00:00, run_after=2026-06-01 10:00:00+00:00
[2026-04-13T21:48:13.906+0000] {processor.py:183} INFO - Processing /opt/airflow/dags/trade_fish_dag.py took 0.084 seconds
[2026-04-13T21:48:44.220+0000] {processor.py:161} INFO - Started process (PID=20623) to work on /opt/airflow/dags/trade_fish_dag.py
[2026-04-13T21:48:44.220+0000] {processor.py:830} INFO - Processing file /opt/airflow/dags/trade_fish_dag.py for tasks to queue
[2026-04-13T21:48:44.222+0000] {logging_mixin.py:188} INFO - [2026-04-13T21:48:44.221+0000] {dagbag.py:538} INFO - Filling up the DagBag from /opt/airflow/dags/trade_fish_dag.py
[2026-04-13T21:48:44.241+0000] {processor.py:840} INFO - DAG(s) 'fish_trade_pipeline' retrieved from /opt/airflow/dags/trade_fish_dag.py
[2026-04-13T21:48:44.330+0000] {logging_mixin.py:188} INFO - [2026-04-13T21:48:44.330+0000] {dag.py:3036} INFO - Sync 1 DAGs
[2026-04-13T21:48:44.351+0000] {logging_mixin.py:188} INFO - [2026-04-13T21:48:44.351+0000] {dag.py:3823} INFO - Setting next_dagrun for fish_trade_pipeline to 2026-05-01 10:00:00+00:00, run_after=2026-06-01 10:00:00+00:00
[2026-04-13T21:48:44.418+0000] {processor.py:183} INFO - Processing /opt/airflow/dags/trade_fish_dag.py took 0.201 seconds
[2026-04-13T21:49:14.536+0000] {processor.py:161} INFO - Started process (PID=20634) to work on /opt/airflow/dags/trade_fish_dag.py
[2026-04-13T21:49:14.537+0000] {processor.py:830} INFO - Processing file /opt/airflow/dags/trade_fish_dag.py for tasks to queue
[2026-04-13T21:49:14.538+0000] {logging_mixin.py:188} INFO - [2026-04-13T21:49:14.538+0000] {dagbag.py:538} INFO - Filling up the DagBag from /opt/airflow/dags/trade_fish_dag.py
[2026-04-13T21:49:14.557+0000] {processor.py:840} INFO - DAG(s) 'fish_trade_pipeline' retrieved from /opt/airflow/dags/trade_fish_dag.py
[2026-04-13T21:49:14.595+0000] {logging_mixin.py:188} INFO - [2026-04-13T21:49:14.595+0000] {dag.py:3036} INFO - Sync 1 DAGs
[2026-04-13T21:49:14.612+0000] {logging_mixin.py:188} INFO - [2026-04-13T21:49:14.611+0000] {dag.py:3823} INFO - Setting next_dagrun for fish_trade_pipeline to 2026-05-01 10:00:00+00:00, run_after=2026-06-01 10:00:00+00:00
[2026-04-13T21:49:14.630+0000] {processor.py:183} INFO - Processing /opt/airflow/dags/trade_fish_dag.py took 0.096 seconds
[2026-04-13T21:49:44.998+0000] {processor.py:161} INFO - Started process (PID=20645) to work on /opt/airflow/dags/trade_fish_dag.py
[2026-04-13T21:49:45.000+0000] {processor.py:830} INFO - Processing file /opt/airflow/dags/trade_fish_dag.py for tasks to queue
[2026-04-13T21:49:45.001+0000] {logging_mixin.py:188} INFO - [2026-04-13T21:49:45.001+0000] {dagbag.py:538} INFO - Filling up the DagBag from /opt/airflow/dags/trade_fish_dag.py
[2026-04-13T21:49:45.026+0000] {processor.py:840} INFO - DAG(s) 'fish_trade_pipeline' retrieved from /opt/airflow/dags/trade_fish_dag.py
[2026-04-13T21:49:45.059+0000] {logging_mixin.py:188} INFO - [2026-04-13T21:49:45.059+0000] {dag.py:3036} INFO - Sync 1 DAGs
[2026-04-13T21:49:45.078+0000] {logging_mixin.py:188} INFO - [2026-04-13T21:49:45.078+0000] {dag.py:3823} INFO - Setting next_dagrun for fish_trade_pipeline to 2026-05-01 10:00:00+00:00, run_after=2026-06-01 10:00:00+00:00
[2026-04-13T21:49:45.094+0000] {processor.py:183} INFO - Processing /opt/airflow/dags/trade_fish_dag.py took 0.100 seconds
[2026-04-13T21:50:15.317+0000] {processor.py:161} INFO - Started process (PID=20656) to work on /opt/airflow/dags/trade_fish_dag.py
[2026-04-13T21:50:15.318+0000] {processor.py:830} INFO - Processing file /opt/airflow/dags/trade_fish_dag.py for tasks to queue
[2026-04-13T21:50:15.319+0000] {logging_mixin.py:188} INFO - [2026-04-13T21:50:15.319+0000] {dagbag.py:538} INFO - Filling up the DagBag from /opt/airflow/dags/trade_fish_dag.py
[2026-04-13T21:50:15.339+0000] {processor.py:840} INFO - DAG(s) 'fish_trade_pipeline' retrieved from /opt/airflow/dags/trade_fish_dag.py
[2026-04-13T21:50:15.372+0000] {logging_mixin.py:188} INFO - [2026-04-13T21:50:15.372+0000] {dag.py:3036} INFO - Sync 1 DAGs
[2026-04-13T21:50:15.391+0000] {logging_mixin.py:188} INFO - [2026-04-13T21:50:15.391+0000] {dag.py:3823} INFO - Setting next_dagrun for fish_trade_pipeline to 2026-05-01 10:00:00+00:00, run_after=2026-06-01 10:00:00+00:00
[2026-04-13T21:50:15.463+0000] {processor.py:183} INFO - Processing /opt/airflow/dags/trade_fish_dag.py took 0.149 seconds
[2026-04-13T21:50:45.673+0000] {processor.py:161} INFO - Started process (PID=20667) to work on /opt/airflow/dags/trade_fish_dag.py
[2026-04-13T21:50:45.675+0000] {processor.py:830} INFO - Processing file /opt/airflow/dags/trade_fish_dag.py for tasks to queue
[2026-04-13T21:50:45.676+0000] {logging_mixin.py:188} INFO - [2026-04-13T21:50:45.676+0000] {dagbag.py:538} INFO - Filling up the DagBag from /opt/airflow/dags/trade_fish_dag.py
[2026-04-13T21:50:45.730+0000] {processor.py:840} INFO - DAG(s) 'fish_trade_pipeline' retrieved from /opt/airflow/dags/trade_fish_dag.py
[2026-04-13T21:50:45.766+0000] {logging_mixin.py:188} INFO - [2026-04-13T21:50:45.766+0000] {dag.py:3036} INFO - Sync 1 DAGs
[2026-04-13T21:50:45.784+0000] {logging_mixin.py:188} INFO - [2026-04-13T21:50:45.783+0000] {dag.py:3823} INFO - Setting next_dagrun for fish_trade_pipeline to 2026-05-01 10:00:00+00:00, run_after=2026-06-01 10:00:00+00:00
[2026-04-13T21:50:45.804+0000] {processor.py:183} INFO - Processing /opt/airflow/dags/trade_fish_dag.py took 0.138 seconds
[2026-04-13T21:51:15.963+0000] {processor.py:161} INFO - Started process (PID=20678) to work on /opt/airflow/dags/trade_fish_dag.py
[2026-04-13T21:51:15.964+0000] {processor.py:830} INFO - Processing file /opt/airflow/dags/trade_fish_dag.py for tasks to queue
[2026-04-13T21:51:15.965+0000] {logging_mixin.py:188} INFO - [2026-04-13T21:51:15.965+0000] {dagbag.py:538} INFO - Filling up the DagBag from /opt/airflow/dags/trade_fish_dag.py
[2026-04-13T21:51:15.993+0000] {processor.py:840} INFO - DAG(s) 'fish_trade_pipeline' retrieved from /opt/airflow/dags/trade_fish_dag.py
[2026-04-13T21:51:16.035+0000] {logging_mixin.py:188} INFO - [2026-04-13T21:51:16.035+0000] {dag.py:3036} INFO - Sync 1 DAGs
[2026-04-13T21:51:16.058+0000] {logging_mixin.py:188} INFO - [2026-04-13T21:51:16.057+0000] {dag.py:3823} INFO - Setting next_dagrun for fish_trade_pipeline to 2026-05-01 10:00:00+00:00, run_after=2026-06-01 10:00:00+00:00
[2026-04-13T21:51:16.078+0000] {processor.py:183} INFO - Processing /opt/airflow/dags/trade_fish_dag.py took 0.118 seconds
[2026-04-13T21:51:46.252+0000] {processor.py:161} INFO - Started process (PID=20689) to work on /opt/airflow/dags/trade_fish_dag.py
[2026-04-13T21:51:46.254+0000] {processor.py:830} INFO - Processing file /opt/airflow/dags/trade_fish_dag.py for tasks to queue
[2026-04-13T21:51:46.261+0000] {logging_mixin.py:188} INFO - [2026-04-13T21:51:46.261+0000] {dagbag.py:538} INFO - Filling up the DagBag from /opt/airflow/dags/trade_fish_dag.py
[2026-04-13T21:51:46.305+0000] {processor.py:840} INFO - DAG(s) 'fish_trade_pipeline' retrieved from /opt/airflow/dags/trade_fish_dag.py
[2026-04-13T21:51:46.366+0000] {logging_mixin.py:188} INFO - [2026-04-13T21:51:46.366+0000] {dag.py:3036} INFO - Sync 1 DAGs
[2026-04-13T21:51:46.391+0000] {logging_mixin.py:188} INFO - [2026-04-13T21:51:46.391+0000] {dag.py:3823} INFO - Setting next_dagrun for fish_trade_pipeline to 2026-05-01 10:00:00+00:00, run_after=2026-06-01 10:00:00+00:00
[2026-04-13T21:51:46.415+0000] {processor.py:183} INFO - Processing /opt/airflow/dags/trade_fish_dag.py took 0.165 seconds
[2026-04-13T21:52:16.554+0000] {processor.py:161} INFO - Started process (PID=20700) to work on /opt/airflow/dags/trade_fish_dag.py
[2026-04-13T21:52:16.555+0000] {processor.py:830} INFO - Processing file /opt/airflow/dags/trade_fish_dag.py for tasks to queue
[2026-04-13T21:52:16.556+0000] {logging_mixin.py:188} INFO - [2026-04-13T21:52:16.556+0000] {dagbag.py:538} INFO - Filling up the DagBag from /opt/airflow/dags/trade_fish_dag.py
[2026-04-13T21:52:16.584+0000] {processor.py:840} INFO - DAG(s) 'fish_trade_pipeline' retrieved from /opt/airflow/dags/trade_fish_dag.py
[2026-04-13T21:52:16.638+0000] {logging_mixin.py:188} INFO - [2026-04-13T21:52:16.637+0000] {dag.py:3036} INFO - Sync 1 DAGs
[2026-04-13T21:52:16.664+0000] {logging_mixin.py:188} INFO - [2026-04-13T21:52:16.663+0000] {dag.py:3823} INFO - Setting next_dagrun for fish_trade_pipeline to 2026-05-01 10:00:00+00:00, run_after=2026-06-01 10:00:00+00:00
[2026-04-13T21:52:16.685+0000] {processor.py:183} INFO - Processing /opt/airflow/dags/trade_fish_dag.py took 0.134 seconds
[2026-04-13T21:52:46.786+0000] {processor.py:161} INFO - Started process (PID=20711) to work on /opt/airflow/dags/trade_fish_dag.py
[2026-04-13T21:52:46.790+0000] {processor.py:830} INFO - Processing file /opt/airflow/dags/trade_fish_dag.py for tasks to queue
[2026-04-13T21:52:46.791+0000] {logging_mixin.py:188} INFO - [2026-04-13T21:52:46.791+0000] {dagbag.py:538} INFO - Filling up the DagBag from /opt/airflow/dags/trade_fish_dag.py
[2026-04-13T21:52:46.820+0000] {processor.py:840} INFO - DAG(s) 'fish_trade_pipeline' retrieved from /opt/airflow/dags/trade_fish_dag.py
[2026-04-13T21:52:46.865+0000] {logging_mixin.py:188} INFO - [2026-04-13T21:52:46.865+0000] {dag.py:3036} INFO - Sync 1 DAGs
[2026-04-13T21:52:46.888+0000] {logging_mixin.py:188} INFO - [2026-04-13T21:52:46.888+0000] {dag.py:3823} INFO - Setting next_dagrun for fish_trade_pipeline to 2026-05-01 10:00:00+00:00, run_after=2026-06-01 10:00:00+00:00
[2026-04-13T21:52:46.966+0000] {processor.py:183} INFO - Processing /opt/airflow/dags/trade_fish_dag.py took 0.184 seconds
[2026-04-13T21:53:17.131+0000] {processor.py:161} INFO - Started process (PID=20722) to work on /opt/airflow/dags/trade_fish_dag.py
[2026-04-13T21:53:17.132+0000] {processor.py:830} INFO - Processing file /opt/airflow/dags/trade_fish_dag.py for tasks to queue
[2026-04-13T21:53:17.133+0000] {logging_mixin.py:188} INFO - [2026-04-13T21:53:17.133+0000] {dagbag.py:538} INFO - Filling up the DagBag from /opt/airflow/dags/trade_fish_dag.py
[2026-04-13T21:53:17.160+0000] {processor.py:840} INFO - DAG(s) 'fish_trade_pipeline' retrieved from /opt/airflow/dags/trade_fish_dag.py
[2026-04-13T21:53:17.200+0000] {logging_mixin.py:188} INFO - [2026-04-13T21:53:17.200+0000] {dag.py:3036} INFO - Sync 1 DAGs
[2026-04-13T21:53:17.224+0000] {logging_mixin.py:188} INFO - [2026-04-13T21:53:17.224+0000] {dag.py:3823} INFO - Setting next_dagrun for fish_trade_pipeline to 2026-05-01 10:00:00+00:00, run_after=2026-06-01 10:00:00+00:00
[2026-04-13T21:53:17.243+0000] {processor.py:183} INFO - Processing /opt/airflow/dags/trade_fish_dag.py took 0.115 seconds
[2026-04-13T21:53:47.477+0000] {processor.py:161} INFO - Started process (PID=20733) to work on /opt/airflow/dags/trade_fish_dag.py
[2026-04-13T21:53:47.478+0000] {processor.py:830} INFO - Processing file /opt/airflow/dags/trade_fish_dag.py for tasks to queue
[2026-04-13T21:53:47.480+0000] {logging_mixin.py:188} INFO - [2026-04-13T21:53:47.480+0000] {dagbag.py:538} INFO - Filling up the DagBag from /opt/airflow/dags/trade_fish_dag.py
[2026-04-13T21:53:47.512+0000] {processor.py:840} INFO - DAG(s) 'fish_trade_pipeline' retrieved from /opt/airflow/dags/trade_fish_dag.py
[2026-04-13T21:53:47.559+0000] {logging_mixin.py:188} INFO - [2026-04-13T21:53:47.559+0000] {dag.py:3036} INFO - Sync 1 DAGs
[2026-04-13T21:53:47.577+0000] {logging_mixin.py:188} INFO - [2026-04-13T21:53:47.577+0000] {dag.py:3823} INFO - Setting next_dagrun for fish_trade_pipeline to 2026-05-01 10:00:00+00:00, run_after=2026-06-01 10:00:00+00:00
[2026-04-13T21:53:47.651+0000] {processor.py:183} INFO - Processing /opt/airflow/dags/trade_fish_dag.py took 0.176 seconds
[2026-04-13T21:54:17.938+0000] {processor.py:161} INFO - Started process (PID=20744) to work on /opt/airflow/dags/trade_fish_dag.py
[2026-04-13T21:54:17.940+0000] {processor.py:830} INFO - Processing file /opt/airflow/dags/trade_fish_dag.py for tasks to queue
[2026-04-13T21:54:17.943+0000] {logging_mixin.py:188} INFO - [2026-04-13T21:54:17.942+0000] {dagbag.py:538} INFO - Filling up the DagBag from /opt/airflow/dags/trade_fish_dag.py
[2026-04-13T21:54:17.992+0000] {processor.py:840} INFO - DAG(s) 'fish_trade_pipeline' retrieved from /opt/airflow/dags/trade_fish_dag.py
[2026-04-13T21:54:18.026+0000] {logging_mixin.py:188} INFO - [2026-04-13T21:54:18.026+0000] {dag.py:3036} INFO - Sync 1 DAGs
[2026-04-13T21:54:18.043+0000] {logging_mixin.py:188} INFO - [2026-04-13T21:54:18.043+0000] {dag.py:3823} INFO - Setting next_dagrun for fish_trade_pipeline to 2026-05-01 10:00:00+00:00, run_after=2026-06-01 10:00:00+00:00
[2026-04-13T21:54:18.063+0000] {processor.py:183} INFO - Processing /opt/airflow/dags/trade_fish_dag.py took 0.128 seconds
[2026-04-13T21:54:48.129+0000] {processor.py:161} INFO - Started process (PID=20755) to work on /opt/airflow/dags/trade_fish_dag.py
[2026-04-13T21:54:48.130+0000] {processor.py:830} INFO - Processing file /opt/airflow/dags/trade_fish_dag.py for tasks to queue
[2026-04-13T21:54:48.132+0000] {logging_mixin.py:188} INFO - [2026-04-13T21:54:48.131+0000] {dagbag.py:538} INFO - Filling up the DagBag from /opt/airflow/dags/trade_fish_dag.py
[2026-04-13T21:54:48.155+0000] {processor.py:840} INFO - DAG(s) 'fish_trade_pipeline' retrieved from /opt/airflow/dags/trade_fish_dag.py
[2026-04-13T21:54:48.186+0000] {logging_mixin.py:188} INFO - [2026-04-13T21:54:48.186+0000] {dag.py:3036} INFO - Sync 1 DAGs
[2026-04-13T21:54:48.205+0000] {logging_mixin.py:188} INFO - [2026-04-13T21:54:48.205+0000] {dag.py:3823} INFO - Setting next_dagrun for fish_trade_pipeline to 2026-05-01 10:00:00+00:00, run_after=2026-06-01 10:00:00+00:00
[2026-04-13T21:54:48.223+0000] {processor.py:183} INFO - Processing /opt/airflow/dags/trade_fish_dag.py took 0.098 seconds
[2026-04-13T21:55:18.423+0000] {processor.py:161} INFO - Started process (PID=20766) to work on /opt/airflow/dags/trade_fish_dag.py
[2026-04-13T21:55:18.425+0000] {processor.py:830} INFO - Processing file /opt/airflow/dags/trade_fish_dag.py for tasks to queue
[2026-04-13T21:55:18.426+0000] {logging_mixin.py:188} INFO - [2026-04-13T21:55:18.425+0000] {dagbag.py:538} INFO - Filling up the DagBag from /opt/airflow/dags/trade_fish_dag.py
[2026-04-13T21:55:18.455+0000] {processor.py:840} INFO - DAG(s) 'fish_trade_pipeline' retrieved from /opt/airflow/dags/trade_fish_dag.py
[2026-04-13T21:55:18.488+0000] {logging_mixin.py:188} INFO - [2026-04-13T21:55:18.488+0000] {dag.py:3036} INFO - Sync 1 DAGs
[2026-04-13T21:55:18.507+0000] {logging_mixin.py:188} INFO - [2026-04-13T21:55:18.507+0000] {dag.py:3823} INFO - Setting next_dagrun for fish_trade_pipeline to 2026-05-01 10:00:00+00:00, run_after=2026-06-01 10:00:00+00:00
[2026-04-13T21:55:18.525+0000] {processor.py:183} INFO - Processing /opt/airflow/dags/trade_fish_dag.py took 0.104 seconds
[2026-04-13T21:55:48.621+0000] {processor.py:161} INFO - Started process (PID=20777) to work on /opt/airflow/dags/trade_fish_dag.py
[2026-04-13T21:55:48.623+0000] {processor.py:830} INFO - Processing file /opt/airflow/dags/trade_fish_dag.py for tasks to queue
[2026-04-13T21:55:48.624+0000] {logging_mixin.py:188} INFO - [2026-04-13T21:55:48.624+0000] {dagbag.py:538} INFO - Filling up the DagBag from /opt/airflow/dags/trade_fish_dag.py
[2026-04-13T21:55:48.648+0000] {processor.py:840} INFO - DAG(s) 'fish_trade_pipeline' retrieved from /opt/airflow/dags/trade_fish_dag.py
[2026-04-13T21:55:48.682+0000] {logging_mixin.py:188} INFO - [2026-04-13T21:55:48.682+0000] {dag.py:3036} INFO - Sync 1 DAGs
[2026-04-13T21:55:48.704+0000] {logging_mixin.py:188} INFO - [2026-04-13T21:55:48.704+0000] {dag.py:3823} INFO - Setting next_dagrun for fish_trade_pipeline to 2026-05-01 10:00:00+00:00, run_after=2026-06-01 10:00:00+00:00
[2026-04-13T21:55:48.723+0000] {processor.py:183} INFO - Processing /opt/airflow/dags/trade_fish_dag.py took 0.105 seconds
[2026-04-13T21:56:18.904+0000] {processor.py:161} INFO - Started process (PID=20788) to work on /opt/airflow/dags/trade_fish_dag.py
[2026-04-13T21:56:18.905+0000] {processor.py:830} INFO - Processing file /opt/airflow/dags/trade_fish_dag.py for tasks to queue
[2026-04-13T21:56:18.906+0000] {logging_mixin.py:188} INFO - [2026-04-13T21:56:18.906+0000] {dagbag.py:538} INFO - Filling up the DagBag from /opt/airflow/dags/trade_fish_dag.py
[2026-04-13T21:56:18.932+0000] {processor.py:840} INFO - DAG(s) 'fish_trade_pipeline' retrieved from /opt/airflow/dags/trade_fish_dag.py
[2026-04-13T21:56:18.970+0000] {logging_mixin.py:188} INFO - [2026-04-13T21:56:18.970+0000] {dag.py:3036} INFO - Sync 1 DAGs
[2026-04-13T21:56:18.988+0000] {logging_mixin.py:188} INFO - [2026-04-13T21:56:18.988+0000] {dag.py:3823} INFO - Setting next_dagrun for fish_trade_pipeline to 2026-05-01 10:00:00+00:00, run_after=2026-06-01 10:00:00+00:00
[2026-04-13T21:56:19.007+0000] {processor.py:183} INFO - Processing /opt/airflow/dags/trade_fish_dag.py took 0.105 seconds
[2026-04-13T21:56:49.138+0000] {processor.py:161} INFO - Started process (PID=20799) to work on /opt/airflow/dags/trade_fish_dag.py
[2026-04-13T21:56:49.139+0000] {processor.py:830} INFO - Processing file /opt/airflow/dags/trade_fish_dag.py for tasks to queue
[2026-04-13T21:56:49.140+0000] {logging_mixin.py:188} INFO - [2026-04-13T21:56:49.140+0000] {dagbag.py:538} INFO - Filling up the DagBag from /opt/airflow/dags/trade_fish_dag.py
[2026-04-13T21:56:49.164+0000] {processor.py:840} INFO - DAG(s) 'fish_trade_pipeline' retrieved from /opt/airflow/dags/trade_fish_dag.py
[2026-04-13T21:56:49.200+0000] {logging_mixin.py:188} INFO - [2026-04-13T21:56:49.199+0000] {dag.py:3036} INFO - Sync 1 DAGs
[2026-04-13T21:56:49.219+0000] {logging_mixin.py:188} INFO - [2026-04-13T21:56:49.219+0000] {dag.py:3823} INFO - Setting next_dagrun for fish_trade_pipeline to 2026-05-01 10:00:00+00:00, run_after=2026-06-01 10:00:00+00:00
[2026-04-13T21:56:49.236+0000] {processor.py:183} INFO - Processing /opt/airflow/dags/trade_fish_dag.py took 0.101 seconds
[2026-04-13T21:57:19.358+0000] {processor.py:161} INFO - Started process (PID=20810) to work on /opt/airflow/dags/trade_fish_dag.py
[2026-04-13T21:57:19.359+0000] {processor.py:830} INFO - Processing file /opt/airflow/dags/trade_fish_dag.py for tasks to queue
[2026-04-13T21:57:19.361+0000] {logging_mixin.py:188} INFO - [2026-04-13T21:57:19.360+0000] {dagbag.py:538} INFO - Filling up the DagBag from /opt/airflow/dags/trade_fish_dag.py
[2026-04-13T21:57:19.385+0000] {processor.py:840} INFO - DAG(s) 'fish_trade_pipeline' retrieved from /opt/airflow/dags/trade_fish_dag.py
[2026-04-13T21:57:19.417+0000] {logging_mixin.py:188} INFO - [2026-04-13T21:57:19.417+0000] {dag.py:3036} INFO - Sync 1 DAGs
[2026-04-13T21:57:19.436+0000] {logging_mixin.py:188} INFO - [2026-04-13T21:57:19.436+0000] {dag.py:3823} INFO - Setting next_dagrun for fish_trade_pipeline to 2026-05-01 10:00:00+00:00, run_after=2026-06-01 10:00:00+00:00
[2026-04-13T21:57:19.455+0000] {processor.py:183} INFO - Processing /opt/airflow/dags/trade_fish_dag.py took 0.101 seconds
[2026-04-13T21:57:49.579+0000] {processor.py:161} INFO - Started process (PID=20821) to work on /opt/airflow/dags/trade_fish_dag.py
[2026-04-13T21:57:49.580+0000] {processor.py:830} INFO - Processing file /opt/airflow/dags/trade_fish_dag.py for tasks to queue
[2026-04-13T21:57:49.581+0000] {logging_mixin.py:188} INFO - [2026-04-13T21:57:49.581+0000] {dagbag.py:538} INFO - Filling up the DagBag from /opt/airflow/dags/trade_fish_dag.py
[2026-04-13T21:57:49.614+0000] {processor.py:840} INFO - DAG(s) 'fish_trade_pipeline' retrieved from /opt/airflow/dags/trade_fish_dag.py
[2026-04-13T21:57:49.644+0000] {logging_mixin.py:188} INFO - [2026-04-13T21:57:49.644+0000] {dag.py:3036} INFO - Sync 1 DAGs
[2026-04-13T21:57:49.661+0000] {logging_mixin.py:188} INFO - [2026-04-13T21:57:49.661+0000] {dag.py:3823} INFO - Setting next_dagrun for fish_trade_pipeline to 2026-05-01 10:00:00+00:00, run_after=2026-06-01 10:00:00+00:00
[2026-04-13T21:57:49.679+0000] {processor.py:183} INFO - Processing /opt/airflow/dags/trade_fish_dag.py took 0.103 seconds
[2026-04-13T21:58:19.798+0000] {processor.py:161} INFO - Started process (PID=20832) to work on /opt/airflow/dags/trade_fish_dag.py
[2026-04-13T21:58:19.800+0000] {processor.py:830} INFO - Processing file /opt/airflow/dags/trade_fish_dag.py for tasks to queue
[2026-04-13T21:58:19.803+0000] {logging_mixin.py:188} INFO - [2026-04-13T21:58:19.802+0000] {dagbag.py:538} INFO - Filling up the DagBag from /opt/airflow/dags/trade_fish_dag.py
[2026-04-13T21:58:19.857+0000] {processor.py:840} INFO - DAG(s) 'fish_trade_pipeline' retrieved from /opt/airflow/dags/trade_fish_dag.py
[2026-04-13T21:58:19.900+0000] {logging_mixin.py:188} INFO - [2026-04-13T21:58:19.900+0000] {dag.py:3036} INFO - Sync 1 DAGs
[2026-04-13T21:58:19.921+0000] {logging_mixin.py:188} INFO - [2026-04-13T21:58:19.921+0000] {dag.py:3823} INFO - Setting next_dagrun for fish_trade_pipeline to 2026-05-01 10:00:00+00:00, run_after=2026-06-01 10:00:00+00:00
[2026-04-13T21:58:19.939+0000] {processor.py:183} INFO - Processing /opt/airflow/dags/trade_fish_dag.py took 0.147 seconds
[2026-04-13T21:58:50.057+0000] {processor.py:161} INFO - Started process (PID=20843) to work on /opt/airflow/dags/trade_fish_dag.py
[2026-04-13T21:58:50.060+0000] {processor.py:830} INFO - Processing file /opt/airflow/dags/trade_fish_dag.py for tasks to queue
[2026-04-13T21:58:50.061+0000] {logging_mixin.py:188} INFO - [2026-04-13T21:58:50.061+0000] {dagbag.py:538} INFO - Filling up the DagBag from /opt/airflow/dags/trade_fish_dag.py
[2026-04-13T21:58:50.096+0000] {processor.py:840} INFO - DAG(s) 'fish_trade_pipeline' retrieved from /opt/airflow/dags/trade_fish_dag.py
[2026-04-13T21:58:50.135+0000] {logging_mixin.py:188} INFO - [2026-04-13T21:58:50.134+0000] {dag.py:3036} INFO - Sync 1 DAGs
[2026-04-13T21:58:50.155+0000] {logging_mixin.py:188} INFO - [2026-04-13T21:58:50.155+0000] {dag.py:3823} INFO - Setting next_dagrun for fish_trade_pipeline to 2026-05-01 10:00:00+00:00, run_after=2026-06-01 10:00:00+00:00
[2026-04-13T21:58:50.176+0000] {processor.py:183} INFO - Processing /opt/airflow/dags/trade_fish_dag.py took 0.121 seconds
[2026-04-13T21:59:20.260+0000] {processor.py:161} INFO - Started process (PID=20854) to work on /opt/airflow/dags/trade_fish_dag.py
[2026-04-13T21:59:20.262+0000] {processor.py:830} INFO - Processing file /opt/airflow/dags/trade_fish_dag.py for tasks to queue
[2026-04-13T21:59:20.263+0000] {logging_mixin.py:188} INFO - [2026-04-13T21:59:20.263+0000] {dagbag.py:538} INFO - Filling up the DagBag from /opt/airflow/dags/trade_fish_dag.py
[2026-04-13T21:59:20.299+0000] {processor.py:840} INFO - DAG(s) 'fish_trade_pipeline' retrieved from /opt/airflow/dags/trade_fish_dag.py
[2026-04-13T21:59:20.343+0000] {logging_mixin.py:188} INFO - [2026-04-13T21:59:20.343+0000] {dag.py:3036} INFO - Sync 1 DAGs
[2026-04-13T21:59:20.362+0000] {logging_mixin.py:188} INFO - [2026-04-13T21:59:20.362+0000] {dag.py:3823} INFO - Setting next_dagrun for fish_trade_pipeline to 2026-05-01 10:00:00+00:00, run_after=2026-06-01 10:00:00+00:00
[2026-04-13T21:59:20.382+0000] {processor.py:183} INFO - Processing /opt/airflow/dags/trade_fish_dag.py took 0.124 seconds
[2026-04-13T21:59:50.500+0000] {processor.py:161} INFO - Started process (PID=20865) to work on /opt/airflow/dags/trade_fish_dag.py
[2026-04-13T21:59:50.501+0000] {processor.py:830} INFO - Processing file /opt/airflow/dags/trade_fish_dag.py for tasks to queue
[2026-04-13T21:59:50.502+0000] {logging_mixin.py:188} INFO - [2026-04-13T21:59:50.502+0000] {dagbag.py:538} INFO - Filling up the DagBag from /opt/airflow/dags/trade_fish_dag.py
[2026-04-13T21:59:50.524+0000] {processor.py:840} INFO - DAG(s) 'fish_trade_pipeline' retrieved from /opt/airflow/dags/trade_fish_dag.py
[2026-04-13T21:59:50.557+0000] {logging_mixin.py:188} INFO - [2026-04-13T21:59:50.557+0000] {dag.py:3036} INFO - Sync 1 DAGs
[2026-04-13T21:59:50.576+0000] {logging_mixin.py:188} INFO - [2026-04-13T21:59:50.576+0000] {dag.py:3823} INFO - Setting next_dagrun for fish_trade_pipeline to 2026-05-01 10:00:00+00:00, run_after=2026-06-01 10:00:00+00:00
[2026-04-13T21:59:50.593+0000] {processor.py:183} INFO - Processing /opt/airflow/dags/trade_fish_dag.py took 0.096 seconds
[2026-04-13T22:00:20.733+0000] {processor.py:161} INFO - Started process (PID=20876) to work on /opt/airflow/dags/trade_fish_dag.py
[2026-04-13T22:00:20.735+0000] {processor.py:830} INFO - Processing file /opt/airflow/dags/trade_fish_dag.py for tasks to queue
[2026-04-13T22:00:20.736+0000] {logging_mixin.py:188} INFO - [2026-04-13T22:00:20.735+0000] {dagbag.py:538} INFO - Filling up the DagBag from /opt/airflow/dags/trade_fish_dag.py
[2026-04-13T22:00:20.772+0000] {processor.py:840} INFO - DAG(s) 'fish_trade_pipeline' retrieved from /opt/airflow/dags/trade_fish_dag.py
[2026-04-13T22:00:20.807+0000] {logging_mixin.py:188} INFO - [2026-04-13T22:00:20.807+0000] {dag.py:3036} INFO - Sync 1 DAGs
[2026-04-13T22:00:20.827+0000] {logging_mixin.py:188} INFO - [2026-04-13T22:00:20.827+0000] {dag.py:3823} INFO - Setting next_dagrun for fish_trade_pipeline to 2026-05-01 10:00:00+00:00, run_after=2026-06-01 10:00:00+00:00
[2026-04-13T22:00:20.906+0000] {processor.py:183} INFO - Processing /opt/airflow/dags/trade_fish_dag.py took 0.177 seconds
[2026-04-13T22:00:51.032+0000] {processor.py:161} INFO - Started process (PID=20887) to work on /opt/airflow/dags/trade_fish_dag.py
[2026-04-13T22:00:51.034+0000] {processor.py:830} INFO - Processing file /opt/airflow/dags/trade_fish_dag.py for tasks to queue
[2026-04-13T22:00:51.036+0000] {logging_mixin.py:188} INFO - [2026-04-13T22:00:51.035+0000] {dagbag.py:538} INFO - Filling up the DagBag from /opt/airflow/dags/trade_fish_dag.py
[2026-04-13T22:00:51.070+0000] {processor.py:840} INFO - DAG(s) 'fish_trade_pipeline' retrieved from /opt/airflow/dags/trade_fish_dag.py
[2026-04-13T22:00:51.101+0000] {logging_mixin.py:188} INFO - [2026-04-13T22:00:51.101+0000] {dag.py:3036} INFO - Sync 1 DAGs
[2026-04-13T22:00:51.120+0000] {logging_mixin.py:188} INFO - [2026-04-13T22:00:51.120+0000] {dag.py:3823} INFO - Setting next_dagrun for fish_trade_pipeline to 2026-05-01 10:00:00+00:00, run_after=2026-06-01 10:00:00+00:00
[2026-04-13T22:00:51.137+0000] {processor.py:183} INFO - Processing /opt/airflow/dags/trade_fish_dag.py took 0.108 seconds
[2026-04-13T22:01:21.313+0000] {processor.py:161} INFO - Started process (PID=20898) to work on /opt/airflow/dags/trade_fish_dag.py
[2026-04-13T22:01:21.315+0000] {processor.py:830} INFO - Processing file /opt/airflow/dags/trade_fish_dag.py for tasks to queue
[2026-04-13T22:01:21.316+0000] {logging_mixin.py:188} INFO - [2026-04-13T22:01:21.316+0000] {dagbag.py:538} INFO - Filling up the DagBag from /opt/airflow/dags/trade_fish_dag.py
[2026-04-13T22:01:21.379+0000] {processor.py:840} INFO - DAG(s) 'fish_trade_pipeline' retrieved from /opt/airflow/dags/trade_fish_dag.py
[2026-04-13T22:01:21.410+0000] {logging_mixin.py:188} INFO - [2026-04-13T22:01:21.410+0000] {dag.py:3036} INFO - Sync 1 DAGs
[2026-04-13T22:01:21.427+0000] {logging_mixin.py:188} INFO - [2026-04-13T22:01:21.427+0000] {dag.py:3823} INFO - Setting next_dagrun for fish_trade_pipeline to 2026-05-01 10:00:00+00:00, run_after=2026-06-01 10:00:00+00:00
[2026-04-13T22:01:21.445+0000] {processor.py:183} INFO - Processing /opt/airflow/dags/trade_fish_dag.py took 0.138 seconds
[2026-04-13T22:01:51.600+0000] {processor.py:161} INFO - Started process (PID=20909) to work on /opt/airflow/dags/trade_fish_dag.py
[2026-04-13T22:01:51.601+0000] {processor.py:830} INFO - Processing file /opt/airflow/dags/trade_fish_dag.py for tasks to queue
[2026-04-13T22:01:51.602+0000] {logging_mixin.py:188} INFO - [2026-04-13T22:01:51.602+0000] {dagbag.py:538} INFO - Filling up the DagBag from /opt/airflow/dags/trade_fish_dag.py
[2026-04-13T22:01:51.623+0000] {processor.py:840} INFO - DAG(s) 'fish_trade_pipeline' retrieved from /opt/airflow/dags/trade_fish_dag.py
[2026-04-13T22:01:51.669+0000] {logging_mixin.py:188} INFO - [2026-04-13T22:01:51.669+0000] {dag.py:3036} INFO - Sync 1 DAGs
[2026-04-13T22:01:51.688+0000] {logging_mixin.py:188} INFO - [2026-04-13T22:01:51.688+0000] {dag.py:3823} INFO - Setting next_dagrun for fish_trade_pipeline to 2026-05-01 10:00:00+00:00, run_after=2026-06-01 10:00:00+00:00
[2026-04-13T22:01:51.707+0000] {processor.py:183} INFO - Processing /opt/airflow/dags/trade_fish_dag.py took 0.110 seconds
[2026-04-13T22:02:21.856+0000] {processor.py:161} INFO - Started process (PID=20920) to work on /opt/airflow/dags/trade_fish_dag.py
[2026-04-13T22:02:21.858+0000] {processor.py:830} INFO - Processing file /opt/airflow/dags/trade_fish_dag.py for tasks to queue
[2026-04-13T22:02:21.860+0000] {logging_mixin.py:188} INFO - [2026-04-13T22:02:21.859+0000] {dagbag.py:538} INFO - Filling up the DagBag from /opt/airflow/dags/trade_fish_dag.py
[2026-04-13T22:02:21.886+0000] {processor.py:840} INFO - DAG(s) 'fish_trade_pipeline' retrieved from /opt/airflow/dags/trade_fish_dag.py
[2026-04-13T22:02:21.919+0000] {logging_mixin.py:188} INFO - [2026-04-13T22:02:21.919+0000] {dag.py:3036} INFO - Sync 1 DAGs
[2026-04-13T22:02:21.939+0000] {logging_mixin.py:188} INFO - [2026-04-13T22:02:21.938+0000] {dag.py:3823} INFO - Setting next_dagrun for fish_trade_pipeline to 2026-05-01 10:00:00+00:00, run_after=2026-06-01 10:00:00+00:00
[2026-04-13T22:02:21.956+0000] {processor.py:183} INFO - Processing /opt/airflow/dags/trade_fish_dag.py took 0.103 seconds
[2026-04-13T22:02:52.081+0000] {processor.py:161} INFO - Started process (PID=20932) to work on /opt/airflow/dags/trade_fish_dag.py
[2026-04-13T22:02:52.083+0000] {processor.py:830} INFO - Processing file /opt/airflow/dags/trade_fish_dag.py for tasks to queue
[2026-04-13T22:02:52.085+0000] {logging_mixin.py:188} INFO - [2026-04-13T22:02:52.084+0000] {dagbag.py:538} INFO - Filling up the DagBag from /opt/airflow/dags/trade_fish_dag.py
[2026-04-13T22:02:52.124+0000] {processor.py:840} INFO - DAG(s) 'fish_trade_pipeline' retrieved from /opt/airflow/dags/trade_fish_dag.py
[2026-04-13T22:02:52.162+0000] {logging_mixin.py:188} INFO - [2026-04-13T22:02:52.161+0000] {dag.py:3036} INFO - Sync 1 DAGs
[2026-04-13T22:02:52.182+0000] {logging_mixin.py:188} INFO - [2026-04-13T22:02:52.182+0000] {dag.py:3823} INFO - Setting next_dagrun for fish_trade_pipeline to 2026-05-01 10:00:00+00:00, run_after=2026-06-01 10:00:00+00:00
[2026-04-13T22:02:52.257+0000] {processor.py:183} INFO - Processing /opt/airflow/dags/trade_fish_dag.py took 0.182 seconds
[2026-04-13T22:03:22.358+0000] {processor.py:161} INFO - Started process (PID=20943) to work on /opt/airflow/dags/trade_fish_dag.py
[2026-04-13T22:03:22.359+0000] {processor.py:830} INFO - Processing file /opt/airflow/dags/trade_fish_dag.py for tasks to queue
[2026-04-13T22:03:22.360+0000] {logging_mixin.py:188} INFO - [2026-04-13T22:03:22.360+0000] {dagbag.py:538} INFO - Filling up the DagBag from /opt/airflow/dags/trade_fish_dag.py
[2026-04-13T22:03:22.382+0000] {processor.py:840} INFO - DAG(s) 'fish_trade_pipeline' retrieved from /opt/airflow/dags/trade_fish_dag.py
[2026-04-13T22:03:22.472+0000] {logging_mixin.py:188} INFO - [2026-04-13T22:03:22.472+0000] {dag.py:3036} INFO - Sync 1 DAGs
[2026-04-13T22:03:22.491+0000] {logging_mixin.py:188} INFO - [2026-04-13T22:03:22.491+0000] {dag.py:3823} INFO - Setting next_dagrun for fish_trade_pipeline to 2026-05-01 10:00:00+00:00, run_after=2026-06-01 10:00:00+00:00
[2026-04-13T22:03:22.509+0000] {processor.py:183} INFO - Processing /opt/airflow/dags/trade_fish_dag.py took 0.154 seconds
[2026-04-13T22:03:52.704+0000] {processor.py:161} INFO - Started process (PID=20955) to work on /opt/airflow/dags/trade_fish_dag.py
[2026-04-13T22:03:52.705+0000] {processor.py:830} INFO - Processing file /opt/airflow/dags/trade_fish_dag.py for tasks to queue
[2026-04-13T22:03:52.711+0000] {logging_mixin.py:188} INFO - [2026-04-13T22:03:52.710+0000] {dagbag.py:538} INFO - Filling up the DagBag from /opt/airflow/dags/trade_fish_dag.py
[2026-04-13T22:03:52.761+0000] {processor.py:840} INFO - DAG(s) 'fish_trade_pipeline' retrieved from /opt/airflow/dags/trade_fish_dag.py
[2026-04-13T22:03:52.791+0000] {logging_mixin.py:188} INFO - [2026-04-13T22:03:52.791+0000] {dag.py:3036} INFO - Sync 1 DAGs
[2026-04-13T22:03:52.809+0000] {logging_mixin.py:188} INFO - [2026-04-13T22:03:52.808+0000] {dag.py:3823} INFO - Setting next_dagrun for fish_trade_pipeline to 2026-05-01 10:00:00+00:00, run_after=2026-06-01 10:00:00+00:00
[2026-04-13T22:03:52.827+0000] {processor.py:183} INFO - Processing /opt/airflow/dags/trade_fish_dag.py took 0.126 seconds
[2026-04-13T22:04:22.924+0000] {processor.py:161} INFO - Started process (PID=20966) to work on /opt/airflow/dags/trade_fish_dag.py
[2026-04-13T22:04:22.925+0000] {processor.py:830} INFO - Processing file /opt/airflow/dags/trade_fish_dag.py for tasks to queue
[2026-04-13T22:04:22.927+0000] {logging_mixin.py:188} INFO - [2026-04-13T22:04:22.926+0000] {dagbag.py:538} INFO - Filling up the DagBag from /opt/airflow/dags/trade_fish_dag.py
[2026-04-13T22:04:22.949+0000] {processor.py:840} INFO - DAG(s) 'fish_trade_pipeline' retrieved from /opt/airflow/dags/trade_fish_dag.py
[2026-04-13T22:04:22.979+0000] {logging_mixin.py:188} INFO - [2026-04-13T22:04:22.978+0000] {dag.py:3036} INFO - Sync 1 DAGs
[2026-04-13T22:04:22.998+0000] {logging_mixin.py:188} INFO - [2026-04-13T22:04:22.998+0000] {dag.py:3823} INFO - Setting next_dagrun for fish_trade_pipeline to 2026-05-01 10:00:00+00:00, run_after=2026-06-01 10:00:00+00:00
[2026-04-13T22:04:23.015+0000] {processor.py:183} INFO - Processing /opt/airflow/dags/trade_fish_dag.py took 0.095 seconds
[2026-04-13T22:04:53.135+0000] {processor.py:161} INFO - Started process (PID=20977) to work on /opt/airflow/dags/trade_fish_dag.py
[2026-04-13T22:04:53.137+0000] {processor.py:830} INFO - Processing file /opt/airflow/dags/trade_fish_dag.py for tasks to queue
[2026-04-13T22:04:53.138+0000] {logging_mixin.py:188} INFO - [2026-04-13T22:04:53.138+0000] {dagbag.py:538} INFO - Filling up the DagBag from /opt/airflow/dags/trade_fish_dag.py
[2026-04-13T22:04:53.166+0000] {processor.py:840} INFO - DAG(s) 'fish_trade_pipeline' retrieved from /opt/airflow/dags/trade_fish_dag.py
[2026-04-13T22:04:53.195+0000] {logging_mixin.py:188} INFO - [2026-04-13T22:04:53.195+0000] {dag.py:3036} INFO - Sync 1 DAGs
[2026-04-13T22:04:53.213+0000] {logging_mixin.py:188} INFO - [2026-04-13T22:04:53.213+0000] {dag.py:3823} INFO - Setting next_dagrun for fish_trade_pipeline to 2026-05-01 10:00:00+00:00, run_after=2026-06-01 10:00:00+00:00
[2026-04-13T22:04:53.228+0000] {processor.py:183} INFO - Processing /opt/airflow/dags/trade_fish_dag.py took 0.097 seconds
[2026-04-13T22:05:23.471+0000] {processor.py:161} INFO - Started process (PID=20987) to work on /opt/airflow/dags/trade_fish_dag.py
[2026-04-13T22:05:23.472+0000] {processor.py:830} INFO - Processing file /opt/airflow/dags/trade_fish_dag.py for tasks to queue
[2026-04-13T22:05:23.473+0000] {logging_mixin.py:188} INFO - [2026-04-13T22:05:23.473+0000] {dagbag.py:538} INFO - Filling up the DagBag from /opt/airflow/dags/trade_fish_dag.py
[2026-04-13T22:05:23.493+0000] {processor.py:840} INFO - DAG(s) 'fish_trade_pipeline' retrieved from /opt/airflow/dags/trade_fish_dag.py
[2026-04-13T22:05:23.523+0000] {logging_mixin.py:188} INFO - [2026-04-13T22:05:23.523+0000] {dag.py:3036} INFO - Sync 1 DAGs
[2026-04-13T22:05:23.541+0000] {logging_mixin.py:188} INFO - [2026-04-13T22:05:23.541+0000] {dag.py:3823} INFO - Setting next_dagrun for fish_trade_pipeline to 2026-05-01 10:00:00+00:00, run_after=2026-06-01 10:00:00+00:00
[2026-04-13T22:05:23.618+0000] {processor.py:183} INFO - Processing /opt/airflow/dags/trade_fish_dag.py took 0.149 seconds
[2026-04-13T22:05:53.829+0000] {processor.py:161} INFO - Started process (PID=20998) to work on /opt/airflow/dags/trade_fish_dag.py
[2026-04-13T22:05:53.830+0000] {processor.py:830} INFO - Processing file /opt/airflow/dags/trade_fish_dag.py for tasks to queue
[2026-04-13T22:05:53.832+0000] {logging_mixin.py:188} INFO - [2026-04-13T22:05:53.831+0000] {dagbag.py:538} INFO - Filling up the DagBag from /opt/airflow/dags/trade_fish_dag.py
[2026-04-13T22:05:53.853+0000] {processor.py:840} INFO - DAG(s) 'fish_trade_pipeline' retrieved from /opt/airflow/dags/trade_fish_dag.py
[2026-04-13T22:05:53.888+0000] {logging_mixin.py:188} INFO - [2026-04-13T22:05:53.888+0000] {dag.py:3036} INFO - Sync 1 DAGs
[2026-04-13T22:05:53.906+0000] {logging_mixin.py:188} INFO - [2026-04-13T22:05:53.905+0000] {dag.py:3823} INFO - Setting next_dagrun for fish_trade_pipeline to 2026-05-01 10:00:00+00:00, run_after=2026-06-01 10:00:00+00:00
[2026-04-13T22:05:53.923+0000] {processor.py:183} INFO - Processing /opt/airflow/dags/trade_fish_dag.py took 0.101 seconds
[2026-04-13T22:06:24.299+0000] {processor.py:161} INFO - Started process (PID=21009) to work on /opt/airflow/dags/trade_fish_dag.py
[2026-04-13T22:06:24.300+0000] {processor.py:830} INFO - Processing file /opt/airflow/dags/trade_fish_dag.py for tasks to queue
[2026-04-13T22:06:24.302+0000] {logging_mixin.py:188} INFO - [2026-04-13T22:06:24.302+0000] {dagbag.py:538} INFO - Filling up the DagBag from /opt/airflow/dags/trade_fish_dag.py
[2026-04-13T22:06:24.341+0000] {processor.py:840} INFO - DAG(s) 'fish_trade_pipeline' retrieved from /opt/airflow/dags/trade_fish_dag.py
[2026-04-13T22:06:24.370+0000] {logging_mixin.py:188} INFO - [2026-04-13T22:06:24.370+0000] {dag.py:3036} INFO - Sync 1 DAGs
[2026-04-13T22:06:24.387+0000] {logging_mixin.py:188} INFO - [2026-04-13T22:06:24.387+0000] {dag.py:3823} INFO - Setting next_dagrun for fish_trade_pipeline to 2026-05-01 10:00:00+00:00, run_after=2026-06-01 10:00:00+00:00
[2026-04-13T22:06:24.406+0000] {processor.py:183} INFO - Processing /opt/airflow/dags/trade_fish_dag.py took 0.111 seconds
[2026-04-13T22:06:54.477+0000] {processor.py:161} INFO - Started process (PID=21020) to work on /opt/airflow/dags/trade_fish_dag.py
[2026-04-13T22:06:54.478+0000] {processor.py:830} INFO - Processing file /opt/airflow/dags/trade_fish_dag.py for tasks to queue
[2026-04-13T22:06:54.480+0000] {logging_mixin.py:188} INFO - [2026-04-13T22:06:54.479+0000] {dagbag.py:538} INFO - Filling up the DagBag from /opt/airflow/dags/trade_fish_dag.py
[2026-04-13T22:06:54.509+0000] {processor.py:840} INFO - DAG(s) 'fish_trade_pipeline' retrieved from /opt/airflow/dags/trade_fish_dag.py
[2026-04-13T22:06:54.544+0000] {logging_mixin.py:188} INFO - [2026-04-13T22:06:54.544+0000] {dag.py:3036} INFO - Sync 1 DAGs
[2026-04-13T22:06:54.562+0000] {logging_mixin.py:188} INFO - [2026-04-13T22:06:54.562+0000] {dag.py:3823} INFO - Setting next_dagrun for fish_trade_pipeline to 2026-05-01 10:00:00+00:00, run_after=2026-06-01 10:00:00+00:00
[2026-04-13T22:06:54.579+0000] {processor.py:183} INFO - Processing /opt/airflow/dags/trade_fish_dag.py took 0.106 seconds
[2026-04-13T22:07:24.690+0000] {processor.py:161} INFO - Started process (PID=21031) to work on /opt/airflow/dags/trade_fish_dag.py
[2026-04-13T22:07:24.691+0000] {processor.py:830} INFO - Processing file /opt/airflow/dags/trade_fish_dag.py for tasks to queue
[2026-04-13T22:07:24.692+0000] {logging_mixin.py:188} INFO - [2026-04-13T22:07:24.692+0000] {dagbag.py:538} INFO - Filling up the DagBag from /opt/airflow/dags/trade_fish_dag.py
[2026-04-13T22:07:24.710+0000] {processor.py:840} INFO - DAG(s) 'fish_trade_pipeline' retrieved from /opt/airflow/dags/trade_fish_dag.py
[2026-04-13T22:07:24.739+0000] {logging_mixin.py:188} INFO - [2026-04-13T22:07:24.739+0000] {dag.py:3036} INFO - Sync 1 DAGs
[2026-04-13T22:07:24.756+0000] {logging_mixin.py:188} INFO - [2026-04-13T22:07:24.755+0000] {dag.py:3823} INFO - Setting next_dagrun for fish_trade_pipeline to 2026-05-01 10:00:00+00:00, run_after=2026-06-01 10:00:00+00:00
[2026-04-13T22:07:24.771+0000] {processor.py:183} INFO - Processing /opt/airflow/dags/trade_fish_dag.py took 0.086 seconds
[2026-04-13T22:07:55.138+0000] {processor.py:161} INFO - Started process (PID=21042) to work on /opt/airflow/dags/trade_fish_dag.py
[2026-04-13T22:07:55.139+0000] {processor.py:830} INFO - Processing file /opt/airflow/dags/trade_fish_dag.py for tasks to queue
[2026-04-13T22:07:55.141+0000] {logging_mixin.py:188} INFO - [2026-04-13T22:07:55.140+0000] {dagbag.py:538} INFO - Filling up the DagBag from /opt/airflow/dags/trade_fish_dag.py
[2026-04-13T22:07:55.177+0000] {processor.py:840} INFO - DAG(s) 'fish_trade_pipeline' retrieved from /opt/airflow/dags/trade_fish_dag.py
[2026-04-13T22:07:55.214+0000] {logging_mixin.py:188} INFO - [2026-04-13T22:07:55.214+0000] {dag.py:3036} INFO - Sync 1 DAGs
[2026-04-13T22:07:55.232+0000] {logging_mixin.py:188} INFO - [2026-04-13T22:07:55.231+0000] {dag.py:3823} INFO - Setting next_dagrun for fish_trade_pipeline to 2026-05-01 10:00:00+00:00, run_after=2026-06-01 10:00:00+00:00
[2026-04-13T22:07:55.246+0000] {processor.py:183} INFO - Processing /opt/airflow/dags/trade_fish_dag.py took 0.111 seconds
[2026-04-13T22:08:25.439+0000] {processor.py:161} INFO - Started process (PID=21053) to work on /opt/airflow/dags/trade_fish_dag.py
[2026-04-13T22:08:25.441+0000] {processor.py:830} INFO - Processing file /opt/airflow/dags/trade_fish_dag.py for tasks to queue
[2026-04-13T22:08:25.442+0000] {logging_mixin.py:188} INFO - [2026-04-13T22:08:25.441+0000] {dagbag.py:538} INFO - Filling up the DagBag from /opt/airflow/dags/trade_fish_dag.py
[2026-04-13T22:08:25.502+0000] {processor.py:840} INFO - DAG(s) 'fish_trade_pipeline' retrieved from /opt/airflow/dags/trade_fish_dag.py
[2026-04-13T22:08:25.531+0000] {logging_mixin.py:188} INFO - [2026-04-13T22:08:25.531+0000] {dag.py:3036} INFO - Sync 1 DAGs
[2026-04-13T22:08:25.550+0000] {logging_mixin.py:188} INFO - [2026-04-13T22:08:25.550+0000] {dag.py:3823} INFO - Setting next_dagrun for fish_trade_pipeline to 2026-05-01 10:00:00+00:00, run_after=2026-06-01 10:00:00+00:00
[2026-04-13T22:08:25.568+0000] {processor.py:183} INFO - Processing /opt/airflow/dags/trade_fish_dag.py took 0.131 seconds
[2026-04-13T22:08:55.695+0000] {processor.py:161} INFO - Started process (PID=21064) to work on /opt/airflow/dags/trade_fish_dag.py
[2026-04-13T22:08:55.696+0000] {processor.py:830} INFO - Processing file /opt/airflow/dags/trade_fish_dag.py for tasks to queue
[2026-04-13T22:08:55.697+0000] {logging_mixin.py:188} INFO - [2026-04-13T22:08:55.697+0000] {dagbag.py:538} INFO - Filling up the DagBag from /opt/airflow/dags/trade_fish_dag.py
[2026-04-13T22:08:55.717+0000] {processor.py:840} INFO - DAG(s) 'fish_trade_pipeline' retrieved from /opt/airflow/dags/trade_fish_dag.py
[2026-04-13T22:08:55.748+0000] {logging_mixin.py:188} INFO - [2026-04-13T22:08:55.748+0000] {dag.py:3036} INFO - Sync 1 DAGs
[2026-04-13T22:08:55.765+0000] {logging_mixin.py:188} INFO - [2026-04-13T22:08:55.765+0000] {dag.py:3823} INFO - Setting next_dagrun for fish_trade_pipeline to 2026-05-01 10:00:00+00:00, run_after=2026-06-01 10:00:00+00:00
[2026-04-13T22:08:55.783+0000] {processor.py:183} INFO - Processing /opt/airflow/dags/trade_fish_dag.py took 0.092 seconds
[2026-04-13T22:09:25.977+0000] {processor.py:161} INFO - Started process (PID=21075) to work on /opt/airflow/dags/trade_fish_dag.py
[2026-04-13T22:09:25.978+0000] {processor.py:830} INFO - Processing file /opt/airflow/dags/trade_fish_dag.py for tasks to queue
[2026-04-13T22:09:25.979+0000] {logging_mixin.py:188} INFO - [2026-04-13T22:09:25.979+0000] {dagbag.py:538} INFO - Filling up the DagBag from /opt/airflow/dags/trade_fish_dag.py
[2026-04-13T22:09:26.002+0000] {processor.py:840} INFO - DAG(s) 'fish_trade_pipeline' retrieved from /opt/airflow/dags/trade_fish_dag.py
[2026-04-13T22:09:26.033+0000] {logging_mixin.py:188} INFO - [2026-04-13T22:09:26.033+0000] {dag.py:3036} INFO - Sync 1 DAGs
[2026-04-13T22:09:26.057+0000] {logging_mixin.py:188} INFO - [2026-04-13T22:09:26.056+0000] {dag.py:3823} INFO - Setting next_dagrun for fish_trade_pipeline to 2026-05-01 10:00:00+00:00, run_after=2026-06-01 10:00:00+00:00
[2026-04-13T22:09:26.143+0000] {processor.py:183} INFO - Processing /opt/airflow/dags/trade_fish_dag.py took 0.169 seconds
[2026-04-13T22:09:56.233+0000] {processor.py:161} INFO - Started process (PID=21092) to work on /opt/airflow/dags/trade_fish_dag.py
[2026-04-13T22:09:56.234+0000] {processor.py:830} INFO - Processing file /opt/airflow/dags/trade_fish_dag.py for tasks to queue
[2026-04-13T22:09:56.235+0000] {logging_mixin.py:188} INFO - [2026-04-13T22:09:56.235+0000] {dagbag.py:538} INFO - Filling up the DagBag from /opt/airflow/dags/trade_fish_dag.py
[2026-04-13T22:09:56.306+0000] {processor.py:840} INFO - DAG(s) 'fish_trade_pipeline' retrieved from /opt/airflow/dags/trade_fish_dag.py
[2026-04-13T22:09:56.340+0000] {logging_mixin.py:188} INFO - [2026-04-13T22:09:56.340+0000] {dag.py:3036} INFO - Sync 1 DAGs
[2026-04-13T22:09:56.356+0000] {logging_mixin.py:188} INFO - [2026-04-13T22:09:56.356+0000] {dag.py:3823} INFO - Setting next_dagrun for fish_trade_pipeline to 2026-05-01 10:00:00+00:00, run_after=2026-06-01 10:00:00+00:00
[2026-04-13T22:09:56.374+0000] {processor.py:183} INFO - Processing /opt/airflow/dags/trade_fish_dag.py took 0.145 seconds
[2026-04-13T22:10:26.577+0000] {processor.py:161} INFO - Started process (PID=21103) to work on /opt/airflow/dags/trade_fish_dag.py
[2026-04-13T22:10:26.578+0000] {processor.py:830} INFO - Processing file /opt/airflow/dags/trade_fish_dag.py for tasks to queue
[2026-04-13T22:10:26.579+0000] {logging_mixin.py:188} INFO - [2026-04-13T22:10:26.578+0000] {dagbag.py:538} INFO - Filling up the DagBag from /opt/airflow/dags/trade_fish_dag.py
[2026-04-13T22:10:26.596+0000] {processor.py:840} INFO - DAG(s) 'fish_trade_pipeline' retrieved from /opt/airflow/dags/trade_fish_dag.py
[2026-04-13T22:10:26.624+0000] {logging_mixin.py:188} INFO - [2026-04-13T22:10:26.624+0000] {dag.py:3036} INFO - Sync 1 DAGs
[2026-04-13T22:10:26.641+0000] {logging_mixin.py:188} INFO - [2026-04-13T22:10:26.641+0000] {dag.py:3823} INFO - Setting next_dagrun for fish_trade_pipeline to 2026-05-01 10:00:00+00:00, run_after=2026-06-01 10:00:00+00:00
[2026-04-13T22:10:26.682+0000] {processor.py:183} INFO - Processing /opt/airflow/dags/trade_fish_dag.py took 0.108 seconds
[2026-04-13T22:10:56.812+0000] {processor.py:161} INFO - Started process (PID=21114) to work on /opt/airflow/dags/trade_fish_dag.py
[2026-04-13T22:10:56.814+0000] {processor.py:830} INFO - Processing file /opt/airflow/dags/trade_fish_dag.py for tasks to queue
[2026-04-13T22:10:56.815+0000] {logging_mixin.py:188} INFO - [2026-04-13T22:10:56.814+0000] {dagbag.py:538} INFO - Filling up the DagBag from /opt/airflow/dags/trade_fish_dag.py
[2026-04-13T22:10:56.842+0000] {processor.py:840} INFO - DAG(s) 'fish_trade_pipeline' retrieved from /opt/airflow/dags/trade_fish_dag.py
[2026-04-13T22:10:56.880+0000] {logging_mixin.py:188} INFO - [2026-04-13T22:10:56.879+0000] {dag.py:3036} INFO - Sync 1 DAGs
[2026-04-13T22:10:56.906+0000] {logging_mixin.py:188} INFO - [2026-04-13T22:10:56.905+0000] {dag.py:3823} INFO - Setting next_dagrun for fish_trade_pipeline to 2026-05-01 10:00:00+00:00, run_after=2026-06-01 10:00:00+00:00
[2026-04-13T22:10:56.926+0000] {processor.py:183} INFO - Processing /opt/airflow/dags/trade_fish_dag.py took 0.118 seconds
[2026-04-13T22:11:27.077+0000] {processor.py:161} INFO - Started process (PID=21125) to work on /opt/airflow/dags/trade_fish_dag.py
[2026-04-13T22:11:27.078+0000] {processor.py:830} INFO - Processing file /opt/airflow/dags/trade_fish_dag.py for tasks to queue
[2026-04-13T22:11:27.079+0000] {logging_mixin.py:188} INFO - [2026-04-13T22:11:27.079+0000] {dagbag.py:538} INFO - Filling up the DagBag from /opt/airflow/dags/trade_fish_dag.py
[2026-04-13T22:11:27.102+0000] {processor.py:840} INFO - DAG(s) 'fish_trade_pipeline' retrieved from /opt/airflow/dags/trade_fish_dag.py
[2026-04-13T22:11:27.138+0000] {logging_mixin.py:188} INFO - [2026-04-13T22:11:27.138+0000] {dag.py:3036} INFO - Sync 1 DAGs
[2026-04-13T22:11:27.157+0000] {logging_mixin.py:188} INFO - [2026-04-13T22:11:27.157+0000] {dag.py:3823} INFO - Setting next_dagrun for fish_trade_pipeline to 2026-05-01 10:00:00+00:00, run_after=2026-06-01 10:00:00+00:00
[2026-04-13T22:11:27.173+0000] {processor.py:183} INFO - Processing /opt/airflow/dags/trade_fish_dag.py took 0.100 seconds
[2026-04-13T22:11:57.335+0000] {processor.py:161} INFO - Started process (PID=21136) to work on /opt/airflow/dags/trade_fish_dag.py
[2026-04-13T22:11:57.336+0000] {processor.py:830} INFO - Processing file /opt/airflow/dags/trade_fish_dag.py for tasks to queue
[2026-04-13T22:11:57.337+0000] {logging_mixin.py:188} INFO - [2026-04-13T22:11:57.337+0000] {dagbag.py:538} INFO - Filling up the DagBag from /opt/airflow/dags/trade_fish_dag.py
[2026-04-13T22:11:57.354+0000] {processor.py:840} INFO - DAG(s) 'fish_trade_pipeline' retrieved from /opt/airflow/dags/trade_fish_dag.py
[2026-04-13T22:11:57.383+0000] {logging_mixin.py:188} INFO - [2026-04-13T22:11:57.382+0000] {dag.py:3036} INFO - Sync 1 DAGs
[2026-04-13T22:11:57.400+0000] {logging_mixin.py:188} INFO - [2026-04-13T22:11:57.399+0000] {dag.py:3823} INFO - Setting next_dagrun for fish_trade_pipeline to 2026-05-01 10:00:00+00:00, run_after=2026-06-01 10:00:00+00:00
[2026-04-13T22:11:57.469+0000] {processor.py:183} INFO - Processing /opt/airflow/dags/trade_fish_dag.py took 0.137 seconds
[2026-04-13T22:12:27.608+0000] {processor.py:161} INFO - Started process (PID=21146) to work on /opt/airflow/dags/trade_fish_dag.py
[2026-04-13T22:12:27.610+0000] {processor.py:830} INFO - Processing file /opt/airflow/dags/trade_fish_dag.py for tasks to queue
[2026-04-13T22:12:27.611+0000] {logging_mixin.py:188} INFO - [2026-04-13T22:12:27.611+0000] {dagbag.py:538} INFO - Filling up the DagBag from /opt/airflow/dags/trade_fish_dag.py
[2026-04-13T22:12:27.640+0000] {processor.py:840} INFO - DAG(s) 'fish_trade_pipeline' retrieved from /opt/airflow/dags/trade_fish_dag.py
[2026-04-13T22:12:27.673+0000] {logging_mixin.py:188} INFO - [2026-04-13T22:12:27.672+0000] {dag.py:3036} INFO - Sync 1 DAGs
[2026-04-13T22:12:27.693+0000] {logging_mixin.py:188} INFO - [2026-04-13T22:12:27.693+0000] {dag.py:3823} INFO - Setting next_dagrun for fish_trade_pipeline to 2026-05-01 10:00:00+00:00, run_after=2026-06-01 10:00:00+00:00
[2026-04-13T22:12:27.711+0000] {processor.py:183} INFO - Processing /opt/airflow/dags/trade_fish_dag.py took 0.106 seconds
[2026-04-13T22:12:58.164+0000] {processor.py:161} INFO - Started process (PID=21157) to work on /opt/airflow/dags/trade_fish_dag.py
[2026-04-13T22:12:58.169+0000] {processor.py:830} INFO - Processing file /opt/airflow/dags/trade_fish_dag.py for tasks to queue
[2026-04-13T22:12:58.170+0000] {logging_mixin.py:188} INFO - [2026-04-13T22:12:58.170+0000] {dagbag.py:538} INFO - Filling up the DagBag from /opt/airflow/dags/trade_fish_dag.py
[2026-04-13T22:12:58.233+0000] {processor.py:840} INFO - DAG(s) 'fish_trade_pipeline' retrieved from /opt/airflow/dags/trade_fish_dag.py
[2026-04-13T22:12:58.295+0000] {logging_mixin.py:188} INFO - [2026-04-13T22:12:58.295+0000] {dag.py:3036} INFO - Sync 1 DAGs
[2026-04-13T22:12:58.314+0000] {logging_mixin.py:188} INFO - [2026-04-13T22:12:58.314+0000] {dag.py:3823} INFO - Setting next_dagrun for fish_trade_pipeline to 2026-05-01 10:00:00+00:00, run_after=2026-06-01 10:00:00+00:00
[2026-04-13T22:12:58.333+0000] {processor.py:183} INFO - Processing /opt/airflow/dags/trade_fish_dag.py took 0.171 seconds
[2026-04-13T22:13:28.367+0000] {processor.py:161} INFO - Started process (PID=21168) to work on /opt/airflow/dags/trade_fish_dag.py
[2026-04-13T22:13:28.368+0000] {processor.py:830} INFO - Processing file /opt/airflow/dags/trade_fish_dag.py for tasks to queue
[2026-04-13T22:13:28.369+0000] {logging_mixin.py:188} INFO - [2026-04-13T22:13:28.368+0000] {dagbag.py:538} INFO - Filling up the DagBag from /opt/airflow/dags/trade_fish_dag.py
[2026-04-13T22:13:28.397+0000] {processor.py:840} INFO - DAG(s) 'fish_trade_pipeline' retrieved from /opt/airflow/dags/trade_fish_dag.py
[2026-04-13T22:13:28.432+0000] {logging_mixin.py:188} INFO - [2026-04-13T22:13:28.432+0000] {dag.py:3036} INFO - Sync 1 DAGs
[2026-04-13T22:13:28.455+0000] {logging_mixin.py:188} INFO - [2026-04-13T22:13:28.455+0000] {dag.py:3823} INFO - Setting next_dagrun for fish_trade_pipeline to 2026-05-01 10:00:00+00:00, run_after=2026-06-01 10:00:00+00:00
[2026-04-13T22:13:28.472+0000] {processor.py:183} INFO - Processing /opt/airflow/dags/trade_fish_dag.py took 0.109 seconds
[2026-04-13T22:13:58.595+0000] {processor.py:161} INFO - Started process (PID=21179) to work on /opt/airflow/dags/trade_fish_dag.py
[2026-04-13T22:13:58.596+0000] {processor.py:830} INFO - Processing file /opt/airflow/dags/trade_fish_dag.py for tasks to queue
[2026-04-13T22:13:58.598+0000] {logging_mixin.py:188} INFO - [2026-04-13T22:13:58.598+0000] {dagbag.py:538} INFO - Filling up the DagBag from /opt/airflow/dags/trade_fish_dag.py
[2026-04-13T22:13:58.627+0000] {processor.py:840} INFO - DAG(s) 'fish_trade_pipeline' retrieved from /opt/airflow/dags/trade_fish_dag.py
[2026-04-13T22:13:58.660+0000] {logging_mixin.py:188} INFO - [2026-04-13T22:13:58.660+0000] {dag.py:3036} INFO - Sync 1 DAGs
[2026-04-13T22:13:58.678+0000] {logging_mixin.py:188} INFO - [2026-04-13T22:13:58.678+0000] {dag.py:3823} INFO - Setting next_dagrun for fish_trade_pipeline to 2026-05-01 10:00:00+00:00, run_after=2026-06-01 10:00:00+00:00
[2026-04-13T22:13:58.694+0000] {processor.py:183} INFO - Processing /opt/airflow/dags/trade_fish_dag.py took 0.102 seconds
[2026-04-13T22:14:28.884+0000] {processor.py:161} INFO - Started process (PID=21190) to work on /opt/airflow/dags/trade_fish_dag.py
[2026-04-13T22:14:28.886+0000] {processor.py:830} INFO - Processing file /opt/airflow/dags/trade_fish_dag.py for tasks to queue
[2026-04-13T22:14:28.887+0000] {logging_mixin.py:188} INFO - [2026-04-13T22:14:28.887+0000] {dagbag.py:538} INFO - Filling up the DagBag from /opt/airflow/dags/trade_fish_dag.py
[2026-04-13T22:14:28.918+0000] {processor.py:840} INFO - DAG(s) 'fish_trade_pipeline' retrieved from /opt/airflow/dags/trade_fish_dag.py
[2026-04-13T22:14:28.948+0000] {logging_mixin.py:188} INFO - [2026-04-13T22:14:28.948+0000] {dag.py:3036} INFO - Sync 1 DAGs
[2026-04-13T22:14:28.965+0000] {logging_mixin.py:188} INFO - [2026-04-13T22:14:28.965+0000] {dag.py:3823} INFO - Setting next_dagrun for fish_trade_pipeline to 2026-05-01 10:00:00+00:00, run_after=2026-06-01 10:00:00+00:00
[2026-04-13T22:14:28.981+0000] {processor.py:183} INFO - Processing /opt/airflow/dags/trade_fish_dag.py took 0.099 seconds
[2026-04-13T22:14:59.098+0000] {processor.py:161} INFO - Started process (PID=21201) to work on /opt/airflow/dags/trade_fish_dag.py
[2026-04-13T22:14:59.100+0000] {processor.py:830} INFO - Processing file /opt/airflow/dags/trade_fish_dag.py for tasks to queue
[2026-04-13T22:14:59.102+0000] {logging_mixin.py:188} INFO - [2026-04-13T22:14:59.101+0000] {dagbag.py:538} INFO - Filling up the DagBag from /opt/airflow/dags/trade_fish_dag.py
[2026-04-13T22:14:59.140+0000] {processor.py:840} INFO - DAG(s) 'fish_trade_pipeline' retrieved from /opt/airflow/dags/trade_fish_dag.py
[2026-04-13T22:14:59.174+0000] {logging_mixin.py:188} INFO - [2026-04-13T22:14:59.173+0000] {dag.py:3036} INFO - Sync 1 DAGs
[2026-04-13T22:14:59.192+0000] {logging_mixin.py:188} INFO - [2026-04-13T22:14:59.192+0000] {dag.py:3823} INFO - Setting next_dagrun for fish_trade_pipeline to 2026-05-01 10:00:00+00:00, run_after=2026-06-01 10:00:00+00:00
[2026-04-13T22:14:59.209+0000] {processor.py:183} INFO - Processing /opt/airflow/dags/trade_fish_dag.py took 0.115 seconds
[2026-04-13T22:15:29.288+0000] {processor.py:161} INFO - Started process (PID=21212) to work on /opt/airflow/dags/trade_fish_dag.py
[2026-04-13T22:15:29.289+0000] {processor.py:830} INFO - Processing file /opt/airflow/dags/trade_fish_dag.py for tasks to queue
[2026-04-13T22:15:29.290+0000] {logging_mixin.py:188} INFO - [2026-04-13T22:15:29.290+0000] {dagbag.py:538} INFO - Filling up the DagBag from /opt/airflow/dags/trade_fish_dag.py
[2026-04-13T22:15:29.318+0000] {processor.py:840} INFO - DAG(s) 'fish_trade_pipeline' retrieved from /opt/airflow/dags/trade_fish_dag.py
[2026-04-13T22:15:29.352+0000] {logging_mixin.py:188} INFO - [2026-04-13T22:15:29.351+0000] {dag.py:3036} INFO - Sync 1 DAGs
[2026-04-13T22:15:29.369+0000] {logging_mixin.py:188} INFO - [2026-04-13T22:15:29.369+0000] {dag.py:3823} INFO - Setting next_dagrun for fish_trade_pipeline to 2026-05-01 10:00:00+00:00, run_after=2026-06-01 10:00:00+00:00
[2026-04-13T22:15:29.387+0000] {processor.py:183} INFO - Processing /opt/airflow/dags/trade_fish_dag.py took 0.102 seconds
[2026-04-13T22:15:59.509+0000] {processor.py:161} INFO - Started process (PID=21223) to work on /opt/airflow/dags/trade_fish_dag.py
[2026-04-13T22:15:59.510+0000] {processor.py:830} INFO - Processing file /opt/airflow/dags/trade_fish_dag.py for tasks to queue
[2026-04-13T22:15:59.511+0000] {logging_mixin.py:188} INFO - [2026-04-13T22:15:59.511+0000] {dagbag.py:538} INFO - Filling up the DagBag from /opt/airflow/dags/trade_fish_dag.py
[2026-04-13T22:15:59.535+0000] {processor.py:840} INFO - DAG(s) 'fish_trade_pipeline' retrieved from /opt/airflow/dags/trade_fish_dag.py
[2026-04-13T22:15:59.566+0000] {logging_mixin.py:188} INFO - [2026-04-13T22:15:59.566+0000] {dag.py:3036} INFO - Sync 1 DAGs
[2026-04-13T22:15:59.584+0000] {logging_mixin.py:188} INFO - [2026-04-13T22:15:59.584+0000] {dag.py:3823} INFO - Setting next_dagrun for fish_trade_pipeline to 2026-05-01 10:00:00+00:00, run_after=2026-06-01 10:00:00+00:00
[2026-04-13T22:15:59.601+0000] {processor.py:183} INFO - Processing /opt/airflow/dags/trade_fish_dag.py took 0.096 seconds
[2026-04-13T22:16:29.657+0000] {processor.py:161} INFO - Started process (PID=21234) to work on /opt/airflow/dags/trade_fish_dag.py
[2026-04-13T22:16:29.659+0000] {processor.py:830} INFO - Processing file /opt/airflow/dags/trade_fish_dag.py for tasks to queue
[2026-04-13T22:16:29.660+0000] {logging_mixin.py:188} INFO - [2026-04-13T22:16:29.660+0000] {dagbag.py:538} INFO - Filling up the DagBag from /opt/airflow/dags/trade_fish_dag.py
[2026-04-13T22:16:29.690+0000] {processor.py:840} INFO - DAG(s) 'fish_trade_pipeline' retrieved from /opt/airflow/dags/trade_fish_dag.py
[2026-04-13T22:16:29.725+0000] {logging_mixin.py:188} INFO - [2026-04-13T22:16:29.725+0000] {dag.py:3036} INFO - Sync 1 DAGs
[2026-04-13T22:16:29.743+0000] {logging_mixin.py:188} INFO - [2026-04-13T22:16:29.742+0000] {dag.py:3823} INFO - Setting next_dagrun for fish_trade_pipeline to 2026-05-01 10:00:00+00:00, run_after=2026-06-01 10:00:00+00:00
[2026-04-13T22:16:29.763+0000] {processor.py:183} INFO - Processing /opt/airflow/dags/trade_fish_dag.py took 0.110 seconds
[2026-04-13T22:16:59.895+0000] {processor.py:161} INFO - Started process (PID=21245) to work on /opt/airflow/dags/trade_fish_dag.py
[2026-04-13T22:16:59.896+0000] {processor.py:830} INFO - Processing file /opt/airflow/dags/trade_fish_dag.py for tasks to queue
[2026-04-13T22:16:59.898+0000] {logging_mixin.py:188} INFO - [2026-04-13T22:16:59.898+0000] {dagbag.py:538} INFO - Filling up the DagBag from /opt/airflow/dags/trade_fish_dag.py
[2026-04-13T22:16:59.931+0000] {processor.py:840} INFO - DAG(s) 'fish_trade_pipeline' retrieved from /opt/airflow/dags/trade_fish_dag.py
[2026-04-13T22:16:59.965+0000] {logging_mixin.py:188} INFO - [2026-04-13T22:16:59.964+0000] {dag.py:3036} INFO - Sync 1 DAGs
[2026-04-13T22:16:59.984+0000] {logging_mixin.py:188} INFO - [2026-04-13T22:16:59.984+0000] {dag.py:3823} INFO - Setting next_dagrun for fish_trade_pipeline to 2026-05-01 10:00:00+00:00, run_after=2026-06-01 10:00:00+00:00
[2026-04-13T22:17:00.005+0000] {processor.py:183} INFO - Processing /opt/airflow/dags/trade_fish_dag.py took 0.113 seconds
[2026-04-13T22:17:30.151+0000] {processor.py:161} INFO - Started process (PID=21256) to work on /opt/airflow/dags/trade_fish_dag.py
[2026-04-13T22:17:30.153+0000] {processor.py:830} INFO - Processing file /opt/airflow/dags/trade_fish_dag.py for tasks to queue
[2026-04-13T22:17:30.154+0000] {logging_mixin.py:188} INFO - [2026-04-13T22:17:30.154+0000] {dagbag.py:538} INFO - Filling up the DagBag from /opt/airflow/dags/trade_fish_dag.py
[2026-04-13T22:17:30.179+0000] {processor.py:840} INFO - DAG(s) 'fish_trade_pipeline' retrieved from /opt/airflow/dags/trade_fish_dag.py
[2026-04-13T22:17:30.213+0000] {logging_mixin.py:188} INFO - [2026-04-13T22:17:30.213+0000] {dag.py:3036} INFO - Sync 1 DAGs
[2026-04-13T22:17:30.232+0000] {logging_mixin.py:188} INFO - [2026-04-13T22:17:30.232+0000] {dag.py:3823} INFO - Setting next_dagrun for fish_trade_pipeline to 2026-05-01 10:00:00+00:00, run_after=2026-06-01 10:00:00+00:00
[2026-04-13T22:17:30.301+0000] {processor.py:183} INFO - Processing /opt/airflow/dags/trade_fish_dag.py took 0.153 seconds
[2026-04-13T22:18:00.442+0000] {processor.py:161} INFO - Started process (PID=21267) to work on /opt/airflow/dags/trade_fish_dag.py
[2026-04-13T22:18:00.443+0000] {processor.py:830} INFO - Processing file /opt/airflow/dags/trade_fish_dag.py for tasks to queue
[2026-04-13T22:18:00.445+0000] {logging_mixin.py:188} INFO - [2026-04-13T22:18:00.444+0000] {dagbag.py:538} INFO - Filling up the DagBag from /opt/airflow/dags/trade_fish_dag.py
[2026-04-13T22:18:00.469+0000] {processor.py:840} INFO - DAG(s) 'fish_trade_pipeline' retrieved from /opt/airflow/dags/trade_fish_dag.py
[2026-04-13T22:18:00.503+0000] {logging_mixin.py:188} INFO - [2026-04-13T22:18:00.503+0000] {dag.py:3036} INFO - Sync 1 DAGs
[2026-04-13T22:18:00.524+0000] {logging_mixin.py:188} INFO - [2026-04-13T22:18:00.523+0000] {dag.py:3823} INFO - Setting next_dagrun for fish_trade_pipeline to 2026-05-01 10:00:00+00:00, run_after=2026-06-01 10:00:00+00:00
[2026-04-13T22:18:00.578+0000] {processor.py:183} INFO - Processing /opt/airflow/dags/trade_fish_dag.py took 0.141 seconds
[2026-04-13T22:18:30.743+0000] {processor.py:161} INFO - Started process (PID=21278) to work on /opt/airflow/dags/trade_fish_dag.py
[2026-04-13T22:18:30.744+0000] {processor.py:830} INFO - Processing file /opt/airflow/dags/trade_fish_dag.py for tasks to queue
[2026-04-13T22:18:30.746+0000] {logging_mixin.py:188} INFO - [2026-04-13T22:18:30.745+0000] {dagbag.py:538} INFO - Filling up the DagBag from /opt/airflow/dags/trade_fish_dag.py
[2026-04-13T22:18:30.776+0000] {processor.py:840} INFO - DAG(s) 'fish_trade_pipeline' retrieved from /opt/airflow/dags/trade_fish_dag.py
[2026-04-13T22:18:30.810+0000] {logging_mixin.py:188} INFO - [2026-04-13T22:18:30.810+0000] {dag.py:3036} INFO - Sync 1 DAGs
[2026-04-13T22:18:30.830+0000] {logging_mixin.py:188} INFO - [2026-04-13T22:18:30.829+0000] {dag.py:3823} INFO - Setting next_dagrun for fish_trade_pipeline to 2026-05-01 10:00:00+00:00, run_after=2026-06-01 10:00:00+00:00
[2026-04-13T22:18:30.848+0000] {processor.py:183} INFO - Processing /opt/airflow/dags/trade_fish_dag.py took 0.108 seconds
[2026-04-13T22:19:00.905+0000] {processor.py:161} INFO - Started process (PID=21289) to work on /opt/airflow/dags/trade_fish_dag.py
[2026-04-13T22:19:00.907+0000] {processor.py:830} INFO - Processing file /opt/airflow/dags/trade_fish_dag.py for tasks to queue
[2026-04-13T22:19:00.909+0000] {logging_mixin.py:188} INFO - [2026-04-13T22:19:00.908+0000] {dagbag.py:538} INFO - Filling up the DagBag from /opt/airflow/dags/trade_fish_dag.py
[2026-04-13T22:19:00.944+0000] {processor.py:840} INFO - DAG(s) 'fish_trade_pipeline' retrieved from /opt/airflow/dags/trade_fish_dag.py
[2026-04-13T22:19:00.981+0000] {logging_mixin.py:188} INFO - [2026-04-13T22:19:00.981+0000] {dag.py:3036} INFO - Sync 1 DAGs
[2026-04-13T22:19:00.999+0000] {logging_mixin.py:188} INFO - [2026-04-13T22:19:00.999+0000] {dag.py:3823} INFO - Setting next_dagrun for fish_trade_pipeline to 2026-05-01 10:00:00+00:00, run_after=2026-06-01 10:00:00+00:00
[2026-04-13T22:19:01.017+0000] {processor.py:183} INFO - Processing /opt/airflow/dags/trade_fish_dag.py took 0.114 seconds
[2026-04-13T22:19:31.127+0000] {processor.py:161} INFO - Started process (PID=21300) to work on /opt/airflow/dags/trade_fish_dag.py
[2026-04-13T22:19:31.129+0000] {processor.py:830} INFO - Processing file /opt/airflow/dags/trade_fish_dag.py for tasks to queue
[2026-04-13T22:19:31.130+0000] {logging_mixin.py:188} INFO - [2026-04-13T22:19:31.130+0000] {dagbag.py:538} INFO - Filling up the DagBag from /opt/airflow/dags/trade_fish_dag.py
[2026-04-13T22:19:31.156+0000] {processor.py:840} INFO - DAG(s) 'fish_trade_pipeline' retrieved from /opt/airflow/dags/trade_fish_dag.py
[2026-04-13T22:19:31.198+0000] {logging_mixin.py:188} INFO - [2026-04-13T22:19:31.197+0000] {dag.py:3036} INFO - Sync 1 DAGs
[2026-04-13T22:19:31.217+0000] {logging_mixin.py:188} INFO - [2026-04-13T22:19:31.217+0000] {dag.py:3823} INFO - Setting next_dagrun for fish_trade_pipeline to 2026-05-01 10:00:00+00:00, run_after=2026-06-01 10:00:00+00:00
[2026-04-13T22:19:31.237+0000] {processor.py:183} INFO - Processing /opt/airflow/dags/trade_fish_dag.py took 0.113 seconds
[2026-04-13T22:20:01.388+0000] {processor.py:161} INFO - Started process (PID=21311) to work on /opt/airflow/dags/trade_fish_dag.py
[2026-04-13T22:20:01.389+0000] {processor.py:830} INFO - Processing file /opt/airflow/dags/trade_fish_dag.py for tasks to queue
[2026-04-13T22:20:01.390+0000] {logging_mixin.py:188} INFO - [2026-04-13T22:20:01.390+0000] {dagbag.py:538} INFO - Filling up the DagBag from /opt/airflow/dags/trade_fish_dag.py
[2026-04-13T22:20:01.415+0000] {processor.py:840} INFO - DAG(s) 'fish_trade_pipeline' retrieved from /opt/airflow/dags/trade_fish_dag.py
[2026-04-13T22:20:01.449+0000] {logging_mixin.py:188} INFO - [2026-04-13T22:20:01.449+0000] {dag.py:3036} INFO - Sync 1 DAGs
[2026-04-13T22:20:01.466+0000] {logging_mixin.py:188} INFO - [2026-04-13T22:20:01.466+0000] {dag.py:3823} INFO - Setting next_dagrun for fish_trade_pipeline to 2026-05-01 10:00:00+00:00, run_after=2026-06-01 10:00:00+00:00
[2026-04-13T22:20:01.486+0000] {processor.py:183} INFO - Processing /opt/airflow/dags/trade_fish_dag.py took 0.101 seconds
[2026-04-13T22:20:31.629+0000] {processor.py:161} INFO - Started process (PID=21322) to work on /opt/airflow/dags/trade_fish_dag.py
[2026-04-13T22:20:31.630+0000] {processor.py:830} INFO - Processing file /opt/airflow/dags/trade_fish_dag.py for tasks to queue
[2026-04-13T22:20:31.631+0000] {logging_mixin.py:188} INFO - [2026-04-13T22:20:31.631+0000] {dagbag.py:538} INFO - Filling up the DagBag from /opt/airflow/dags/trade_fish_dag.py
[2026-04-13T22:20:31.654+0000] {processor.py:840} INFO - DAG(s) 'fish_trade_pipeline' retrieved from /opt/airflow/dags/trade_fish_dag.py
[2026-04-13T22:20:31.688+0000] {logging_mixin.py:188} INFO - [2026-04-13T22:20:31.688+0000] {dag.py:3036} INFO - Sync 1 DAGs
[2026-04-13T22:20:31.706+0000] {logging_mixin.py:188} INFO - [2026-04-13T22:20:31.706+0000] {dag.py:3823} INFO - Setting next_dagrun for fish_trade_pipeline to 2026-05-01 10:00:00+00:00, run_after=2026-06-01 10:00:00+00:00
[2026-04-13T22:20:31.778+0000] {processor.py:183} INFO - Processing /opt/airflow/dags/trade_fish_dag.py took 0.153 seconds
[2026-04-13T22:21:01.922+0000] {processor.py:161} INFO - Started process (PID=21333) to work on /opt/airflow/dags/trade_fish_dag.py
[2026-04-13T22:21:01.943+0000] {processor.py:830} INFO - Processing file /opt/airflow/dags/trade_fish_dag.py for tasks to queue
[2026-04-13T22:21:01.944+0000] {logging_mixin.py:188} INFO - [2026-04-13T22:21:01.944+0000] {dagbag.py:538} INFO - Filling up the DagBag from /opt/airflow/dags/trade_fish_dag.py
[2026-04-13T22:21:01.971+0000] {processor.py:840} INFO - DAG(s) 'fish_trade_pipeline' retrieved from /opt/airflow/dags/trade_fish_dag.py
[2026-04-13T22:21:02.002+0000] {logging_mixin.py:188} INFO - [2026-04-13T22:21:02.002+0000] {dag.py:3036} INFO - Sync 1 DAGs
[2026-04-13T22:21:02.020+0000] {logging_mixin.py:188} INFO - [2026-04-13T22:21:02.019+0000] {dag.py:3823} INFO - Setting next_dagrun for fish_trade_pipeline to 2026-05-01 10:00:00+00:00, run_after=2026-06-01 10:00:00+00:00
[2026-04-13T22:21:02.036+0000] {processor.py:183} INFO - Processing /opt/airflow/dags/trade_fish_dag.py took 0.118 seconds
[2026-04-13T22:21:32.201+0000] {processor.py:161} INFO - Started process (PID=21344) to work on /opt/airflow/dags/trade_fish_dag.py
[2026-04-13T22:21:32.202+0000] {processor.py:830} INFO - Processing file /opt/airflow/dags/trade_fish_dag.py for tasks to queue
[2026-04-13T22:21:32.203+0000] {logging_mixin.py:188} INFO - [2026-04-13T22:21:32.203+0000] {dagbag.py:538} INFO - Filling up the DagBag from /opt/airflow/dags/trade_fish_dag.py
[2026-04-13T22:21:32.225+0000] {processor.py:840} INFO - DAG(s) 'fish_trade_pipeline' retrieved from /opt/airflow/dags/trade_fish_dag.py
[2026-04-13T22:21:32.264+0000] {logging_mixin.py:188} INFO - [2026-04-13T22:21:32.264+0000] {dag.py:3036} INFO - Sync 1 DAGs
[2026-04-13T22:21:32.282+0000] {logging_mixin.py:188} INFO - [2026-04-13T22:21:32.282+0000] {dag.py:3823} INFO - Setting next_dagrun for fish_trade_pipeline to 2026-05-01 10:00:00+00:00, run_after=2026-06-01 10:00:00+00:00
[2026-04-13T22:21:32.302+0000] {processor.py:183} INFO - Processing /opt/airflow/dags/trade_fish_dag.py took 0.104 seconds
[2026-04-13T22:22:02.349+0000] {processor.py:161} INFO - Started process (PID=21355) to work on /opt/airflow/dags/trade_fish_dag.py
[2026-04-13T22:22:02.350+0000] {processor.py:830} INFO - Processing file /opt/airflow/dags/trade_fish_dag.py for tasks to queue
[2026-04-13T22:22:02.351+0000] {logging_mixin.py:188} INFO - [2026-04-13T22:22:02.351+0000] {dagbag.py:538} INFO - Filling up the DagBag from /opt/airflow/dags/trade_fish_dag.py
[2026-04-13T22:22:02.377+0000] {processor.py:840} INFO - DAG(s) 'fish_trade_pipeline' retrieved from /opt/airflow/dags/trade_fish_dag.py
[2026-04-13T22:22:02.408+0000] {logging_mixin.py:188} INFO - [2026-04-13T22:22:02.408+0000] {dag.py:3036} INFO - Sync 1 DAGs
[2026-04-13T22:22:02.428+0000] {logging_mixin.py:188} INFO - [2026-04-13T22:22:02.428+0000] {dag.py:3823} INFO - Setting next_dagrun for fish_trade_pipeline to 2026-05-01 10:00:00+00:00, run_after=2026-06-01 10:00:00+00:00
[2026-04-13T22:22:02.499+0000] {processor.py:183} INFO - Processing /opt/airflow/dags/trade_fish_dag.py took 0.153 seconds
[2026-04-13T22:22:32.698+0000] {processor.py:161} INFO - Started process (PID=21366) to work on /opt/airflow/dags/trade_fish_dag.py
[2026-04-13T22:22:32.700+0000] {processor.py:830} INFO - Processing file /opt/airflow/dags/trade_fish_dag.py for tasks to queue
[2026-04-13T22:22:32.702+0000] {logging_mixin.py:188} INFO - [2026-04-13T22:22:32.701+0000] {dagbag.py:538} INFO - Filling up the DagBag from /opt/airflow/dags/trade_fish_dag.py
[2026-04-13T22:22:32.747+0000] {processor.py:840} INFO - DAG(s) 'fish_trade_pipeline' retrieved from /opt/airflow/dags/trade_fish_dag.py
[2026-04-13T22:22:32.784+0000] {logging_mixin.py:188} INFO - [2026-04-13T22:22:32.784+0000] {dag.py:3036} INFO - Sync 1 DAGs
[2026-04-13T22:22:32.806+0000] {logging_mixin.py:188} INFO - [2026-04-13T22:22:32.806+0000] {dag.py:3823} INFO - Setting next_dagrun for fish_trade_pipeline to 2026-05-01 10:00:00+00:00, run_after=2026-06-01 10:00:00+00:00
[2026-04-13T22:22:32.829+0000] {processor.py:183} INFO - Processing /opt/airflow/dags/trade_fish_dag.py took 0.134 seconds
[2026-04-13T22:23:03.015+0000] {processor.py:161} INFO - Started process (PID=21377) to work on /opt/airflow/dags/trade_fish_dag.py
[2026-04-13T22:23:03.018+0000] {processor.py:830} INFO - Processing file /opt/airflow/dags/trade_fish_dag.py for tasks to queue
[2026-04-13T22:23:03.019+0000] {logging_mixin.py:188} INFO - [2026-04-13T22:23:03.019+0000] {dagbag.py:538} INFO - Filling up the DagBag from /opt/airflow/dags/trade_fish_dag.py
[2026-04-13T22:23:03.043+0000] {processor.py:840} INFO - DAG(s) 'fish_trade_pipeline' retrieved from /opt/airflow/dags/trade_fish_dag.py
[2026-04-13T22:23:03.079+0000] {logging_mixin.py:188} INFO - [2026-04-13T22:23:03.079+0000] {dag.py:3036} INFO - Sync 1 DAGs
[2026-04-13T22:23:03.102+0000] {logging_mixin.py:188} INFO - [2026-04-13T22:23:03.101+0000] {dag.py:3823} INFO - Setting next_dagrun for fish_trade_pipeline to 2026-05-01 10:00:00+00:00, run_after=2026-06-01 10:00:00+00:00
[2026-04-13T22:23:03.121+0000] {processor.py:183} INFO - Processing /opt/airflow/dags/trade_fish_dag.py took 0.111 seconds
[2026-04-13T22:23:33.293+0000] {processor.py:161} INFO - Started process (PID=21388) to work on /opt/airflow/dags/trade_fish_dag.py
[2026-04-13T22:23:33.295+0000] {processor.py:830} INFO - Processing file /opt/airflow/dags/trade_fish_dag.py for tasks to queue
[2026-04-13T22:23:33.297+0000] {logging_mixin.py:188} INFO - [2026-04-13T22:23:33.296+0000] {dagbag.py:538} INFO - Filling up the DagBag from /opt/airflow/dags/trade_fish_dag.py
[2026-04-13T22:23:33.319+0000] {processor.py:840} INFO - DAG(s) 'fish_trade_pipeline' retrieved from /opt/airflow/dags/trade_fish_dag.py
[2026-04-13T22:23:33.353+0000] {logging_mixin.py:188} INFO - [2026-04-13T22:23:33.352+0000] {dag.py:3036} INFO - Sync 1 DAGs
[2026-04-13T22:23:33.372+0000] {logging_mixin.py:188} INFO - [2026-04-13T22:23:33.372+0000] {dag.py:3823} INFO - Setting next_dagrun for fish_trade_pipeline to 2026-05-01 10:00:00+00:00, run_after=2026-06-01 10:00:00+00:00
[2026-04-13T22:23:33.389+0000] {processor.py:183} INFO - Processing /opt/airflow/dags/trade_fish_dag.py took 0.100 seconds
[2026-04-13T22:24:03.637+0000] {processor.py:161} INFO - Started process (PID=21399) to work on /opt/airflow/dags/trade_fish_dag.py
[2026-04-13T22:24:03.639+0000] {processor.py:830} INFO - Processing file /opt/airflow/dags/trade_fish_dag.py for tasks to queue
[2026-04-13T22:24:03.640+0000] {logging_mixin.py:188} INFO - [2026-04-13T22:24:03.639+0000] {dagbag.py:538} INFO - Filling up the DagBag from /opt/airflow/dags/trade_fish_dag.py
[2026-04-13T22:24:03.674+0000] {processor.py:840} INFO - DAG(s) 'fish_trade_pipeline' retrieved from /opt/airflow/dags/trade_fish_dag.py
[2026-04-13T22:24:03.708+0000] {logging_mixin.py:188} INFO - [2026-04-13T22:24:03.707+0000] {dag.py:3036} INFO - Sync 1 DAGs
[2026-04-13T22:24:03.725+0000] {logging_mixin.py:188} INFO - [2026-04-13T22:24:03.725+0000] {dag.py:3823} INFO - Setting next_dagrun for fish_trade_pipeline to 2026-05-01 10:00:00+00:00, run_after=2026-06-01 10:00:00+00:00
[2026-04-13T22:24:03.778+0000] {processor.py:183} INFO - Processing /opt/airflow/dags/trade_fish_dag.py took 0.143 seconds
[2026-04-13T22:24:33.860+0000] {processor.py:161} INFO - Started process (PID=21410) to work on /opt/airflow/dags/trade_fish_dag.py
[2026-04-13T22:24:33.862+0000] {processor.py:830} INFO - Processing file /opt/airflow/dags/trade_fish_dag.py for tasks to queue
[2026-04-13T22:24:33.863+0000] {logging_mixin.py:188} INFO - [2026-04-13T22:24:33.863+0000] {dagbag.py:538} INFO - Filling up the DagBag from /opt/airflow/dags/trade_fish_dag.py
[2026-04-13T22:24:33.908+0000] {processor.py:840} INFO - DAG(s) 'fish_trade_pipeline' retrieved from /opt/airflow/dags/trade_fish_dag.py
[2026-04-13T22:24:33.932+0000] {logging_mixin.py:188} INFO - [2026-04-13T22:24:33.932+0000] {dag.py:3036} INFO - Sync 1 DAGs
[2026-04-13T22:24:33.948+0000] {logging_mixin.py:188} INFO - [2026-04-13T22:24:33.948+0000] {dag.py:3823} INFO - Setting next_dagrun for fish_trade_pipeline to 2026-05-01 10:00:00+00:00, run_after=2026-06-01 10:00:00+00:00
[2026-04-13T22:24:33.993+0000] {processor.py:183} INFO - Processing /opt/airflow/dags/trade_fish_dag.py took 0.136 seconds
[2026-04-13T22:25:04.279+0000] {processor.py:161} INFO - Started process (PID=21420) to work on /opt/airflow/dags/trade_fish_dag.py
[2026-04-13T22:25:04.280+0000] {processor.py:830} INFO - Processing file /opt/airflow/dags/trade_fish_dag.py for tasks to queue
[2026-04-13T22:25:04.282+0000] {logging_mixin.py:188} INFO - [2026-04-13T22:25:04.281+0000] {dagbag.py:538} INFO - Filling up the DagBag from /opt/airflow/dags/trade_fish_dag.py
[2026-04-13T22:25:04.353+0000] {processor.py:840} INFO - DAG(s) 'fish_trade_pipeline' retrieved from /opt/airflow/dags/trade_fish_dag.py
[2026-04-13T22:25:04.392+0000] {logging_mixin.py:188} INFO - [2026-04-13T22:25:04.392+0000] {dag.py:3036} INFO - Sync 1 DAGs
[2026-04-13T22:25:04.409+0000] {logging_mixin.py:188} INFO - [2026-04-13T22:25:04.409+0000] {dag.py:3823} INFO - Setting next_dagrun for fish_trade_pipeline to 2026-05-01 10:00:00+00:00, run_after=2026-06-01 10:00:00+00:00
[2026-04-13T22:25:04.427+0000] {processor.py:183} INFO - Processing /opt/airflow/dags/trade_fish_dag.py took 0.151 seconds
[2026-04-13T22:25:34.511+0000] {processor.py:161} INFO - Started process (PID=21431) to work on /opt/airflow/dags/trade_fish_dag.py
[2026-04-13T22:25:34.512+0000] {processor.py:830} INFO - Processing file /opt/airflow/dags/trade_fish_dag.py for tasks to queue
[2026-04-13T22:25:34.514+0000] {logging_mixin.py:188} INFO - [2026-04-13T22:25:34.514+0000] {dagbag.py:538} INFO - Filling up the DagBag from /opt/airflow/dags/trade_fish_dag.py
[2026-04-13T22:25:34.551+0000] {processor.py:840} INFO - DAG(s) 'fish_trade_pipeline' retrieved from /opt/airflow/dags/trade_fish_dag.py
[2026-04-13T22:25:34.584+0000] {logging_mixin.py:188} INFO - [2026-04-13T22:25:34.583+0000] {dag.py:3036} INFO - Sync 1 DAGs
[2026-04-13T22:25:34.600+0000] {logging_mixin.py:188} INFO - [2026-04-13T22:25:34.600+0000] {dag.py:3823} INFO - Setting next_dagrun for fish_trade_pipeline to 2026-05-01 10:00:00+00:00, run_after=2026-06-01 10:00:00+00:00
[2026-04-13T22:25:34.622+0000] {processor.py:183} INFO - Processing /opt/airflow/dags/trade_fish_dag.py took 0.115 seconds
[2026-04-13T22:26:04.947+0000] {processor.py:161} INFO - Started process (PID=21442) to work on /opt/airflow/dags/trade_fish_dag.py
[2026-04-13T22:26:04.949+0000] {processor.py:830} INFO - Processing file /opt/airflow/dags/trade_fish_dag.py for tasks to queue
[2026-04-13T22:26:04.950+0000] {logging_mixin.py:188} INFO - [2026-04-13T22:26:04.950+0000] {dagbag.py:538} INFO - Filling up the DagBag from /opt/airflow/dags/trade_fish_dag.py
[2026-04-13T22:26:04.989+0000] {processor.py:840} INFO - DAG(s) 'fish_trade_pipeline' retrieved from /opt/airflow/dags/trade_fish_dag.py
[2026-04-13T22:26:05.026+0000] {logging_mixin.py:188} INFO - [2026-04-13T22:26:05.025+0000] {dag.py:3036} INFO - Sync 1 DAGs
[2026-04-13T22:26:05.042+0000] {logging_mixin.py:188} INFO - [2026-04-13T22:26:05.042+0000] {dag.py:3823} INFO - Setting next_dagrun for fish_trade_pipeline to 2026-05-01 10:00:00+00:00, run_after=2026-06-01 10:00:00+00:00
[2026-04-13T22:26:05.059+0000] {processor.py:183} INFO - Processing /opt/airflow/dags/trade_fish_dag.py took 0.115 seconds
[2026-04-13T22:26:35.194+0000] {processor.py:161} INFO - Started process (PID=21453) to work on /opt/airflow/dags/trade_fish_dag.py
[2026-04-13T22:26:35.195+0000] {processor.py:830} INFO - Processing file /opt/airflow/dags/trade_fish_dag.py for tasks to queue
[2026-04-13T22:26:35.197+0000] {logging_mixin.py:188} INFO - [2026-04-13T22:26:35.196+0000] {dagbag.py:538} INFO - Filling up the DagBag from /opt/airflow/dags/trade_fish_dag.py
[2026-04-13T22:26:35.218+0000] {processor.py:840} INFO - DAG(s) 'fish_trade_pipeline' retrieved from /opt/airflow/dags/trade_fish_dag.py
[2026-04-13T22:26:35.253+0000] {logging_mixin.py:188} INFO - [2026-04-13T22:26:35.252+0000] {dag.py:3036} INFO - Sync 1 DAGs
[2026-04-13T22:26:35.269+0000] {logging_mixin.py:188} INFO - [2026-04-13T22:26:35.269+0000] {dag.py:3823} INFO - Setting next_dagrun for fish_trade_pipeline to 2026-05-01 10:00:00+00:00, run_after=2026-06-01 10:00:00+00:00
[2026-04-13T22:26:35.289+0000] {processor.py:183} INFO - Processing /opt/airflow/dags/trade_fish_dag.py took 0.100 seconds
[2026-04-13T22:27:05.541+0000] {processor.py:161} INFO - Started process (PID=21464) to work on /opt/airflow/dags/trade_fish_dag.py
[2026-04-13T22:27:05.542+0000] {processor.py:830} INFO - Processing file /opt/airflow/dags/trade_fish_dag.py for tasks to queue
[2026-04-13T22:27:05.543+0000] {logging_mixin.py:188} INFO - [2026-04-13T22:27:05.543+0000] {dagbag.py:538} INFO - Filling up the DagBag from /opt/airflow/dags/trade_fish_dag.py
[2026-04-13T22:27:05.563+0000] {processor.py:840} INFO - DAG(s) 'fish_trade_pipeline' retrieved from /opt/airflow/dags/trade_fish_dag.py
[2026-04-13T22:27:05.596+0000] {logging_mixin.py:188} INFO - [2026-04-13T22:27:05.596+0000] {dag.py:3036} INFO - Sync 1 DAGs
[2026-04-13T22:27:05.613+0000] {logging_mixin.py:188} INFO - [2026-04-13T22:27:05.613+0000] {dag.py:3823} INFO - Setting next_dagrun for fish_trade_pipeline to 2026-05-01 10:00:00+00:00, run_after=2026-06-01 10:00:00+00:00
[2026-04-13T22:27:05.692+0000] {processor.py:183} INFO - Processing /opt/airflow/dags/trade_fish_dag.py took 0.154 seconds
[2026-04-13T22:27:35.853+0000] {processor.py:161} INFO - Started process (PID=21475) to work on /opt/airflow/dags/trade_fish_dag.py
[2026-04-13T22:27:35.856+0000] {processor.py:830} INFO - Processing file /opt/airflow/dags/trade_fish_dag.py for tasks to queue
[2026-04-13T22:27:35.858+0000] {logging_mixin.py:188} INFO - [2026-04-13T22:27:35.858+0000] {dagbag.py:538} INFO - Filling up the DagBag from /opt/airflow/dags/trade_fish_dag.py
[2026-04-13T22:27:35.911+0000] {processor.py:840} INFO - DAG(s) 'fish_trade_pipeline' retrieved from /opt/airflow/dags/trade_fish_dag.py
[2026-04-13T22:27:35.948+0000] {logging_mixin.py:188} INFO - [2026-04-13T22:27:35.948+0000] {dag.py:3036} INFO - Sync 1 DAGs
[2026-04-13T22:27:35.963+0000] {logging_mixin.py:188} INFO - [2026-04-13T22:27:35.963+0000] {dag.py:3823} INFO - Setting next_dagrun for fish_trade_pipeline to 2026-05-01 10:00:00+00:00, run_after=2026-06-01 10:00:00+00:00
[2026-04-13T22:27:36.035+0000] {processor.py:183} INFO - Processing /opt/airflow/dags/trade_fish_dag.py took 0.190 seconds
[2026-04-13T22:28:06.353+0000] {processor.py:161} INFO - Started process (PID=21486) to work on /opt/airflow/dags/trade_fish_dag.py
[2026-04-13T22:28:06.362+0000] {processor.py:830} INFO - Processing file /opt/airflow/dags/trade_fish_dag.py for tasks to queue
[2026-04-13T22:28:06.363+0000] {logging_mixin.py:188} INFO - [2026-04-13T22:28:06.363+0000] {dagbag.py:538} INFO - Filling up the DagBag from /opt/airflow/dags/trade_fish_dag.py
[2026-04-13T22:28:06.399+0000] {processor.py:840} INFO - DAG(s) 'fish_trade_pipeline' retrieved from /opt/airflow/dags/trade_fish_dag.py
[2026-04-13T22:28:06.429+0000] {logging_mixin.py:188} INFO - [2026-04-13T22:28:06.429+0000] {dag.py:3036} INFO - Sync 1 DAGs
[2026-04-13T22:28:06.445+0000] {logging_mixin.py:188} INFO - [2026-04-13T22:28:06.445+0000] {dag.py:3823} INFO - Setting next_dagrun for fish_trade_pipeline to 2026-05-01 10:00:00+00:00, run_after=2026-06-01 10:00:00+00:00
[2026-04-13T22:28:06.498+0000] {processor.py:183} INFO - Processing /opt/airflow/dags/trade_fish_dag.py took 0.148 seconds
[2026-04-13T22:28:36.620+0000] {processor.py:161} INFO - Started process (PID=21497) to work on /opt/airflow/dags/trade_fish_dag.py
[2026-04-13T22:28:36.624+0000] {processor.py:830} INFO - Processing file /opt/airflow/dags/trade_fish_dag.py for tasks to queue
[2026-04-13T22:28:36.625+0000] {logging_mixin.py:188} INFO - [2026-04-13T22:28:36.625+0000] {dagbag.py:538} INFO - Filling up the DagBag from /opt/airflow/dags/trade_fish_dag.py
[2026-04-13T22:28:36.646+0000] {processor.py:840} INFO - DAG(s) 'fish_trade_pipeline' retrieved from /opt/airflow/dags/trade_fish_dag.py
[2026-04-13T22:28:36.674+0000] {logging_mixin.py:188} INFO - [2026-04-13T22:28:36.674+0000] {dag.py:3036} INFO - Sync 1 DAGs
[2026-04-13T22:28:36.691+0000] {logging_mixin.py:188} INFO - [2026-04-13T22:28:36.691+0000] {dag.py:3823} INFO - Setting next_dagrun for fish_trade_pipeline to 2026-05-01 10:00:00+00:00, run_after=2026-06-01 10:00:00+00:00
[2026-04-13T22:28:36.709+0000] {processor.py:183} INFO - Processing /opt/airflow/dags/trade_fish_dag.py took 0.092 seconds
[2026-04-13T22:29:06.918+0000] {processor.py:161} INFO - Started process (PID=21508) to work on /opt/airflow/dags/trade_fish_dag.py
[2026-04-13T22:29:06.919+0000] {processor.py:830} INFO - Processing file /opt/airflow/dags/trade_fish_dag.py for tasks to queue
[2026-04-13T22:29:06.920+0000] {logging_mixin.py:188} INFO - [2026-04-13T22:29:06.920+0000] {dagbag.py:538} INFO - Filling up the DagBag from /opt/airflow/dags/trade_fish_dag.py
[2026-04-13T22:29:06.940+0000] {processor.py:840} INFO - DAG(s) 'fish_trade_pipeline' retrieved from /opt/airflow/dags/trade_fish_dag.py
[2026-04-13T22:29:06.971+0000] {logging_mixin.py:188} INFO - [2026-04-13T22:29:06.971+0000] {dag.py:3036} INFO - Sync 1 DAGs
[2026-04-13T22:29:06.988+0000] {logging_mixin.py:188} INFO - [2026-04-13T22:29:06.988+0000] {dag.py:3823} INFO - Setting next_dagrun for fish_trade_pipeline to 2026-05-01 10:00:00+00:00, run_after=2026-06-01 10:00:00+00:00
[2026-04-13T22:29:07.064+0000] {processor.py:183} INFO - Processing /opt/airflow/dags/trade_fish_dag.py took 0.149 seconds
[2026-04-13T22:29:37.257+0000] {processor.py:161} INFO - Started process (PID=21519) to work on /opt/airflow/dags/trade_fish_dag.py
[2026-04-13T22:29:37.258+0000] {processor.py:830} INFO - Processing file /opt/airflow/dags/trade_fish_dag.py for tasks to queue
[2026-04-13T22:29:37.260+0000] {logging_mixin.py:188} INFO - [2026-04-13T22:29:37.259+0000] {dagbag.py:538} INFO - Filling up the DagBag from /opt/airflow/dags/trade_fish_dag.py
[2026-04-13T22:29:37.279+0000] {processor.py:840} INFO - DAG(s) 'fish_trade_pipeline' retrieved from /opt/airflow/dags/trade_fish_dag.py
[2026-04-13T22:29:37.308+0000] {logging_mixin.py:188} INFO - [2026-04-13T22:29:37.308+0000] {dag.py:3036} INFO - Sync 1 DAGs
[2026-04-13T22:29:37.324+0000] {logging_mixin.py:188} INFO - [2026-04-13T22:29:37.324+0000] {dag.py:3823} INFO - Setting next_dagrun for fish_trade_pipeline to 2026-05-01 10:00:00+00:00, run_after=2026-06-01 10:00:00+00:00
[2026-04-13T22:29:37.403+0000] {processor.py:183} INFO - Processing /opt/airflow/dags/trade_fish_dag.py took 0.149 seconds
[2026-04-13T22:30:07.545+0000] {processor.py:161} INFO - Started process (PID=21530) to work on /opt/airflow/dags/trade_fish_dag.py
[2026-04-13T22:30:07.546+0000] {processor.py:830} INFO - Processing file /opt/airflow/dags/trade_fish_dag.py for tasks to queue
[2026-04-13T22:30:07.547+0000] {logging_mixin.py:188} INFO - [2026-04-13T22:30:07.547+0000] {dagbag.py:538} INFO - Filling up the DagBag from /opt/airflow/dags/trade_fish_dag.py
[2026-04-13T22:30:07.567+0000] {processor.py:840} INFO - DAG(s) 'fish_trade_pipeline' retrieved from /opt/airflow/dags/trade_fish_dag.py
[2026-04-13T22:30:07.599+0000] {logging_mixin.py:188} INFO - [2026-04-13T22:30:07.599+0000] {dag.py:3036} INFO - Sync 1 DAGs
[2026-04-13T22:30:07.615+0000] {logging_mixin.py:188} INFO - [2026-04-13T22:30:07.615+0000] {dag.py:3823} INFO - Setting next_dagrun for fish_trade_pipeline to 2026-05-01 10:00:00+00:00, run_after=2026-06-01 10:00:00+00:00
[2026-04-13T22:30:07.634+0000] {processor.py:183} INFO - Processing /opt/airflow/dags/trade_fish_dag.py took 0.092 seconds
[2026-04-13T22:30:37.816+0000] {processor.py:161} INFO - Started process (PID=21541) to work on /opt/airflow/dags/trade_fish_dag.py
[2026-04-13T22:30:37.818+0000] {processor.py:830} INFO - Processing file /opt/airflow/dags/trade_fish_dag.py for tasks to queue
[2026-04-13T22:30:37.818+0000] {logging_mixin.py:188} INFO - [2026-04-13T22:30:37.818+0000] {dagbag.py:538} INFO - Filling up the DagBag from /opt/airflow/dags/trade_fish_dag.py
[2026-04-13T22:30:37.840+0000] {processor.py:840} INFO - DAG(s) 'fish_trade_pipeline' retrieved from /opt/airflow/dags/trade_fish_dag.py
[2026-04-13T22:30:37.873+0000] {logging_mixin.py:188} INFO - [2026-04-13T22:30:37.873+0000] {dag.py:3036} INFO - Sync 1 DAGs
[2026-04-13T22:30:37.890+0000] {logging_mixin.py:188} INFO - [2026-04-13T22:30:37.890+0000] {dag.py:3823} INFO - Setting next_dagrun for fish_trade_pipeline to 2026-05-01 10:00:00+00:00, run_after=2026-06-01 10:00:00+00:00
[2026-04-13T22:30:37.907+0000] {processor.py:183} INFO - Processing /opt/airflow/dags/trade_fish_dag.py took 0.093 seconds
[2026-04-13T22:31:08.097+0000] {processor.py:161} INFO - Started process (PID=21552) to work on /opt/airflow/dags/trade_fish_dag.py
[2026-04-13T22:31:08.098+0000] {processor.py:830} INFO - Processing file /opt/airflow/dags/trade_fish_dag.py for tasks to queue
[2026-04-13T22:31:08.099+0000] {logging_mixin.py:188} INFO - [2026-04-13T22:31:08.099+0000] {dagbag.py:538} INFO - Filling up the DagBag from /opt/airflow/dags/trade_fish_dag.py
[2026-04-13T22:31:08.119+0000] {processor.py:840} INFO - DAG(s) 'fish_trade_pipeline' retrieved from /opt/airflow/dags/trade_fish_dag.py
[2026-04-13T22:31:08.148+0000] {logging_mixin.py:188} INFO - [2026-04-13T22:31:08.148+0000] {dag.py:3036} INFO - Sync 1 DAGs
[2026-04-13T22:31:08.164+0000] {logging_mixin.py:188} INFO - [2026-04-13T22:31:08.164+0000] {dag.py:3823} INFO - Setting next_dagrun for fish_trade_pipeline to 2026-05-01 10:00:00+00:00, run_after=2026-06-01 10:00:00+00:00
[2026-04-13T22:31:08.239+0000] {processor.py:183} INFO - Processing /opt/airflow/dags/trade_fish_dag.py took 0.145 seconds
[2026-04-13T22:31:38.392+0000] {processor.py:161} INFO - Started process (PID=21563) to work on /opt/airflow/dags/trade_fish_dag.py
[2026-04-13T22:31:38.394+0000] {processor.py:830} INFO - Processing file /opt/airflow/dags/trade_fish_dag.py for tasks to queue
[2026-04-13T22:31:38.396+0000] {logging_mixin.py:188} INFO - [2026-04-13T22:31:38.396+0000] {dagbag.py:538} INFO - Filling up the DagBag from /opt/airflow/dags/trade_fish_dag.py
[2026-04-13T22:31:38.428+0000] {processor.py:840} INFO - DAG(s) 'fish_trade_pipeline' retrieved from /opt/airflow/dags/trade_fish_dag.py
[2026-04-13T22:31:38.469+0000] {logging_mixin.py:188} INFO - [2026-04-13T22:31:38.469+0000] {dag.py:3036} INFO - Sync 1 DAGs
[2026-04-13T22:31:38.488+0000] {logging_mixin.py:188} INFO - [2026-04-13T22:31:38.488+0000] {dag.py:3823} INFO - Setting next_dagrun for fish_trade_pipeline to 2026-05-01 10:00:00+00:00, run_after=2026-06-01 10:00:00+00:00
[2026-04-13T22:31:38.506+0000] {processor.py:183} INFO - Processing /opt/airflow/dags/trade_fish_dag.py took 0.119 seconds
[2026-04-13T22:32:08.794+0000] {processor.py:161} INFO - Started process (PID=21575) to work on /opt/airflow/dags/trade_fish_dag.py
[2026-04-13T22:32:08.795+0000] {processor.py:830} INFO - Processing file /opt/airflow/dags/trade_fish_dag.py for tasks to queue
[2026-04-13T22:32:08.797+0000] {logging_mixin.py:188} INFO - [2026-04-13T22:32:08.796+0000] {dagbag.py:538} INFO - Filling up the DagBag from /opt/airflow/dags/trade_fish_dag.py
[2026-04-13T22:32:08.843+0000] {processor.py:840} INFO - DAG(s) 'fish_trade_pipeline' retrieved from /opt/airflow/dags/trade_fish_dag.py
[2026-04-13T22:32:08.874+0000] {logging_mixin.py:188} INFO - [2026-04-13T22:32:08.874+0000] {dag.py:3036} INFO - Sync 1 DAGs
[2026-04-13T22:32:08.889+0000] {logging_mixin.py:188} INFO - [2026-04-13T22:32:08.889+0000] {dag.py:3823} INFO - Setting next_dagrun for fish_trade_pipeline to 2026-05-01 10:00:00+00:00, run_after=2026-06-01 10:00:00+00:00
[2026-04-13T22:32:08.907+0000] {processor.py:183} INFO - Processing /opt/airflow/dags/trade_fish_dag.py took 0.117 seconds
[2026-04-13T22:32:39.089+0000] {processor.py:161} INFO - Started process (PID=21586) to work on /opt/airflow/dags/trade_fish_dag.py
[2026-04-13T22:32:39.091+0000] {processor.py:830} INFO - Processing file /opt/airflow/dags/trade_fish_dag.py for tasks to queue
[2026-04-13T22:32:39.093+0000] {logging_mixin.py:188} INFO - [2026-04-13T22:32:39.093+0000] {dagbag.py:538} INFO - Filling up the DagBag from /opt/airflow/dags/trade_fish_dag.py
[2026-04-13T22:32:39.143+0000] {processor.py:840} INFO - DAG(s) 'fish_trade_pipeline' retrieved from /opt/airflow/dags/trade_fish_dag.py
[2026-04-13T22:32:39.175+0000] {logging_mixin.py:188} INFO - [2026-04-13T22:32:39.175+0000] {dag.py:3036} INFO - Sync 1 DAGs
[2026-04-13T22:32:39.191+0000] {logging_mixin.py:188} INFO - [2026-04-13T22:32:39.191+0000] {dag.py:3823} INFO - Setting next_dagrun for fish_trade_pipeline to 2026-05-01 10:00:00+00:00, run_after=2026-06-01 10:00:00+00:00
[2026-04-13T22:32:39.206+0000] {processor.py:183} INFO - Processing /opt/airflow/dags/trade_fish_dag.py took 0.122 seconds
[2026-04-13T22:33:09.406+0000] {processor.py:161} INFO - Started process (PID=21597) to work on /opt/airflow/dags/trade_fish_dag.py
[2026-04-13T22:33:09.407+0000] {processor.py:830} INFO - Processing file /opt/airflow/dags/trade_fish_dag.py for tasks to queue
[2026-04-13T22:33:09.408+0000] {logging_mixin.py:188} INFO - [2026-04-13T22:33:09.407+0000] {dagbag.py:538} INFO - Filling up the DagBag from /opt/airflow/dags/trade_fish_dag.py
[2026-04-13T22:33:09.426+0000] {processor.py:840} INFO - DAG(s) 'fish_trade_pipeline' retrieved from /opt/airflow/dags/trade_fish_dag.py
[2026-04-13T22:33:09.459+0000] {logging_mixin.py:188} INFO - [2026-04-13T22:33:09.459+0000] {dag.py:3036} INFO - Sync 1 DAGs
[2026-04-13T22:33:09.474+0000] {logging_mixin.py:188} INFO - [2026-04-13T22:33:09.474+0000] {dag.py:3823} INFO - Setting next_dagrun for fish_trade_pipeline to 2026-05-01 10:00:00+00:00, run_after=2026-06-01 10:00:00+00:00
[2026-04-13T22:33:09.491+0000] {processor.py:183} INFO - Processing /opt/airflow/dags/trade_fish_dag.py took 0.088 seconds
[2026-04-13T22:33:39.650+0000] {processor.py:161} INFO - Started process (PID=21608) to work on /opt/airflow/dags/trade_fish_dag.py
[2026-04-13T22:33:39.652+0000] {processor.py:830} INFO - Processing file /opt/airflow/dags/trade_fish_dag.py for tasks to queue
[2026-04-13T22:33:39.653+0000] {logging_mixin.py:188} INFO - [2026-04-13T22:33:39.653+0000] {dagbag.py:538} INFO - Filling up the DagBag from /opt/airflow/dags/trade_fish_dag.py
[2026-04-13T22:33:39.679+0000] {processor.py:840} INFO - DAG(s) 'fish_trade_pipeline' retrieved from /opt/airflow/dags/trade_fish_dag.py
[2026-04-13T22:33:39.708+0000] {logging_mixin.py:188} INFO - [2026-04-13T22:33:39.707+0000] {dag.py:3036} INFO - Sync 1 DAGs
[2026-04-13T22:33:39.729+0000] {logging_mixin.py:188} INFO - [2026-04-13T22:33:39.728+0000] {dag.py:3823} INFO - Setting next_dagrun for fish_trade_pipeline to 2026-05-01 10:00:00+00:00, run_after=2026-06-01 10:00:00+00:00
[2026-04-13T22:33:39.746+0000] {processor.py:183} INFO - Processing /opt/airflow/dags/trade_fish_dag.py took 0.100 seconds
[2026-04-13T22:34:09.881+0000] {processor.py:161} INFO - Started process (PID=21619) to work on /opt/airflow/dags/trade_fish_dag.py
[2026-04-13T22:34:09.883+0000] {processor.py:830} INFO - Processing file /opt/airflow/dags/trade_fish_dag.py for tasks to queue
[2026-04-13T22:34:09.884+0000] {logging_mixin.py:188} INFO - [2026-04-13T22:34:09.884+0000] {dagbag.py:538} INFO - Filling up the DagBag from /opt/airflow/dags/trade_fish_dag.py
[2026-04-13T22:34:09.918+0000] {processor.py:840} INFO - DAG(s) 'fish_trade_pipeline' retrieved from /opt/airflow/dags/trade_fish_dag.py
[2026-04-13T22:34:09.949+0000] {logging_mixin.py:188} INFO - [2026-04-13T22:34:09.949+0000] {dag.py:3036} INFO - Sync 1 DAGs
[2026-04-13T22:34:09.969+0000] {logging_mixin.py:188} INFO - [2026-04-13T22:34:09.969+0000] {dag.py:3823} INFO - Setting next_dagrun for fish_trade_pipeline to 2026-05-01 10:00:00+00:00, run_after=2026-06-01 10:00:00+00:00
[2026-04-13T22:34:09.987+0000] {processor.py:183} INFO - Processing /opt/airflow/dags/trade_fish_dag.py took 0.109 seconds
[2026-04-13T22:34:40.171+0000] {processor.py:161} INFO - Started process (PID=21630) to work on /opt/airflow/dags/trade_fish_dag.py
[2026-04-13T22:34:40.173+0000] {processor.py:830} INFO - Processing file /opt/airflow/dags/trade_fish_dag.py for tasks to queue
[2026-04-13T22:34:40.174+0000] {logging_mixin.py:188} INFO - [2026-04-13T22:34:40.174+0000] {dagbag.py:538} INFO - Filling up the DagBag from /opt/airflow/dags/trade_fish_dag.py
[2026-04-13T22:34:40.215+0000] {processor.py:840} INFO - DAG(s) 'fish_trade_pipeline' retrieved from /opt/airflow/dags/trade_fish_dag.py
[2026-04-13T22:34:40.250+0000] {logging_mixin.py:188} INFO - [2026-04-13T22:34:40.249+0000] {dag.py:3036} INFO - Sync 1 DAGs
[2026-04-13T22:34:40.266+0000] {logging_mixin.py:188} INFO - [2026-04-13T22:34:40.266+0000] {dag.py:3823} INFO - Setting next_dagrun for fish_trade_pipeline to 2026-05-01 10:00:00+00:00, run_after=2026-06-01 10:00:00+00:00
[2026-04-13T22:34:40.285+0000] {processor.py:183} INFO - Processing /opt/airflow/dags/trade_fish_dag.py took 0.116 seconds
[2026-04-13T22:35:10.445+0000] {processor.py:161} INFO - Started process (PID=21641) to work on /opt/airflow/dags/trade_fish_dag.py
[2026-04-13T22:35:10.447+0000] {processor.py:830} INFO - Processing file /opt/airflow/dags/trade_fish_dag.py for tasks to queue
[2026-04-13T22:35:10.448+0000] {logging_mixin.py:188} INFO - [2026-04-13T22:35:10.447+0000] {dagbag.py:538} INFO - Filling up the DagBag from /opt/airflow/dags/trade_fish_dag.py
[2026-04-13T22:35:10.468+0000] {processor.py:840} INFO - DAG(s) 'fish_trade_pipeline' retrieved from /opt/airflow/dags/trade_fish_dag.py
[2026-04-13T22:35:10.500+0000] {logging_mixin.py:188} INFO - [2026-04-13T22:35:10.500+0000] {dag.py:3036} INFO - Sync 1 DAGs
[2026-04-13T22:35:10.518+0000] {logging_mixin.py:188} INFO - [2026-04-13T22:35:10.518+0000] {dag.py:3823} INFO - Setting next_dagrun for fish_trade_pipeline to 2026-05-01 10:00:00+00:00, run_after=2026-06-01 10:00:00+00:00
[2026-04-13T22:35:10.590+0000] {processor.py:183} INFO - Processing /opt/airflow/dags/trade_fish_dag.py took 0.147 seconds
[2026-04-13T22:35:40.735+0000] {processor.py:161} INFO - Started process (PID=21652) to work on /opt/airflow/dags/trade_fish_dag.py
[2026-04-13T22:35:40.736+0000] {processor.py:830} INFO - Processing file /opt/airflow/dags/trade_fish_dag.py for tasks to queue
[2026-04-13T22:35:40.737+0000] {logging_mixin.py:188} INFO - [2026-04-13T22:35:40.737+0000] {dagbag.py:538} INFO - Filling up the DagBag from /opt/airflow/dags/trade_fish_dag.py
[2026-04-13T22:35:40.763+0000] {processor.py:840} INFO - DAG(s) 'fish_trade_pipeline' retrieved from /opt/airflow/dags/trade_fish_dag.py
[2026-04-13T22:35:40.793+0000] {logging_mixin.py:188} INFO - [2026-04-13T22:35:40.792+0000] {dag.py:3036} INFO - Sync 1 DAGs
[2026-04-13T22:35:40.808+0000] {logging_mixin.py:188} INFO - [2026-04-13T22:35:40.808+0000] {dag.py:3823} INFO - Setting next_dagrun for fish_trade_pipeline to 2026-05-01 10:00:00+00:00, run_after=2026-06-01 10:00:00+00:00
[2026-04-13T22:35:40.826+0000] {processor.py:183} INFO - Processing /opt/airflow/dags/trade_fish_dag.py took 0.095 seconds
[2026-04-13T22:36:11.068+0000] {processor.py:161} INFO - Started process (PID=21663) to work on /opt/airflow/dags/trade_fish_dag.py
[2026-04-13T22:36:11.069+0000] {processor.py:830} INFO - Processing file /opt/airflow/dags/trade_fish_dag.py for tasks to queue
[2026-04-13T22:36:11.070+0000] {logging_mixin.py:188} INFO - [2026-04-13T22:36:11.070+0000] {dagbag.py:538} INFO - Filling up the DagBag from /opt/airflow/dags/trade_fish_dag.py
[2026-04-13T22:36:11.108+0000] {processor.py:840} INFO - DAG(s) 'fish_trade_pipeline' retrieved from /opt/airflow/dags/trade_fish_dag.py
[2026-04-13T22:36:11.141+0000] {logging_mixin.py:188} INFO - [2026-04-13T22:36:11.141+0000] {dag.py:3036} INFO - Sync 1 DAGs
[2026-04-13T22:36:11.159+0000] {logging_mixin.py:188} INFO - [2026-04-13T22:36:11.159+0000] {dag.py:3823} INFO - Setting next_dagrun for fish_trade_pipeline to 2026-05-01 10:00:00+00:00, run_after=2026-06-01 10:00:00+00:00
[2026-04-13T22:36:11.178+0000] {processor.py:183} INFO - Processing /opt/airflow/dags/trade_fish_dag.py took 0.114 seconds
[2026-04-13T22:36:41.375+0000] {processor.py:161} INFO - Started process (PID=21674) to work on /opt/airflow/dags/trade_fish_dag.py
[2026-04-13T22:36:41.376+0000] {processor.py:830} INFO - Processing file /opt/airflow/dags/trade_fish_dag.py for tasks to queue
[2026-04-13T22:36:41.377+0000] {logging_mixin.py:188} INFO - [2026-04-13T22:36:41.377+0000] {dagbag.py:538} INFO - Filling up the DagBag from /opt/airflow/dags/trade_fish_dag.py
[2026-04-13T22:36:41.396+0000] {processor.py:840} INFO - DAG(s) 'fish_trade_pipeline' retrieved from /opt/airflow/dags/trade_fish_dag.py
[2026-04-13T22:36:41.427+0000] {logging_mixin.py:188} INFO - [2026-04-13T22:36:41.427+0000] {dag.py:3036} INFO - Sync 1 DAGs
[2026-04-13T22:36:41.445+0000] {logging_mixin.py:188} INFO - [2026-04-13T22:36:41.445+0000] {dag.py:3823} INFO - Setting next_dagrun for fish_trade_pipeline to 2026-05-01 10:00:00+00:00, run_after=2026-06-01 10:00:00+00:00
[2026-04-13T22:36:41.462+0000] {processor.py:183} INFO - Processing /opt/airflow/dags/trade_fish_dag.py took 0.090 seconds
[2026-04-13T22:37:11.684+0000] {processor.py:161} INFO - Started process (PID=21685) to work on /opt/airflow/dags/trade_fish_dag.py
[2026-04-13T22:37:11.685+0000] {processor.py:830} INFO - Processing file /opt/airflow/dags/trade_fish_dag.py for tasks to queue
[2026-04-13T22:37:11.687+0000] {logging_mixin.py:188} INFO - [2026-04-13T22:37:11.686+0000] {dagbag.py:538} INFO - Filling up the DagBag from /opt/airflow/dags/trade_fish_dag.py
[2026-04-13T22:37:11.715+0000] {processor.py:840} INFO - DAG(s) 'fish_trade_pipeline' retrieved from /opt/airflow/dags/trade_fish_dag.py
[2026-04-13T22:37:11.749+0000] {logging_mixin.py:188} INFO - [2026-04-13T22:37:11.749+0000] {dag.py:3036} INFO - Sync 1 DAGs
[2026-04-13T22:37:11.765+0000] {logging_mixin.py:188} INFO - [2026-04-13T22:37:11.765+0000] {dag.py:3823} INFO - Setting next_dagrun for fish_trade_pipeline to 2026-05-01 10:00:00+00:00, run_after=2026-06-01 10:00:00+00:00
[2026-04-13T22:37:11.784+0000] {processor.py:183} INFO - Processing /opt/airflow/dags/trade_fish_dag.py took 0.103 seconds
[2026-04-13T22:37:42.122+0000] {processor.py:161} INFO - Started process (PID=21696) to work on /opt/airflow/dags/trade_fish_dag.py
[2026-04-13T22:37:42.124+0000] {processor.py:830} INFO - Processing file /opt/airflow/dags/trade_fish_dag.py for tasks to queue
[2026-04-13T22:37:42.125+0000] {logging_mixin.py:188} INFO - [2026-04-13T22:37:42.125+0000] {dagbag.py:538} INFO - Filling up the DagBag from /opt/airflow/dags/trade_fish_dag.py
[2026-04-13T22:37:42.156+0000] {processor.py:840} INFO - DAG(s) 'fish_trade_pipeline' retrieved from /opt/airflow/dags/trade_fish_dag.py
[2026-04-13T22:37:42.187+0000] {logging_mixin.py:188} INFO - [2026-04-13T22:37:42.187+0000] {dag.py:3036} INFO - Sync 1 DAGs
[2026-04-13T22:37:42.203+0000] {logging_mixin.py:188} INFO - [2026-04-13T22:37:42.202+0000] {dag.py:3823} INFO - Setting next_dagrun for fish_trade_pipeline to 2026-05-01 10:00:00+00:00, run_after=2026-06-01 10:00:00+00:00
[2026-04-13T22:37:42.221+0000] {processor.py:183} INFO - Processing /opt/airflow/dags/trade_fish_dag.py took 0.102 seconds
[2026-04-13T22:38:12.386+0000] {processor.py:161} INFO - Started process (PID=21707) to work on /opt/airflow/dags/trade_fish_dag.py
[2026-04-13T22:38:12.387+0000] {processor.py:830} INFO - Processing file /opt/airflow/dags/trade_fish_dag.py for tasks to queue
[2026-04-13T22:38:12.389+0000] {logging_mixin.py:188} INFO - [2026-04-13T22:38:12.389+0000] {dagbag.py:538} INFO - Filling up the DagBag from /opt/airflow/dags/trade_fish_dag.py
[2026-04-13T22:38:12.415+0000] {processor.py:840} INFO - DAG(s) 'fish_trade_pipeline' retrieved from /opt/airflow/dags/trade_fish_dag.py
[2026-04-13T22:38:12.447+0000] {logging_mixin.py:188} INFO - [2026-04-13T22:38:12.447+0000] {dag.py:3036} INFO - Sync 1 DAGs
[2026-04-13T22:38:12.463+0000] {logging_mixin.py:188} INFO - [2026-04-13T22:38:12.463+0000] {dag.py:3823} INFO - Setting next_dagrun for fish_trade_pipeline to 2026-05-01 10:00:00+00:00, run_after=2026-06-01 10:00:00+00:00
[2026-04-13T22:38:12.479+0000] {processor.py:183} INFO - Processing /opt/airflow/dags/trade_fish_dag.py took 0.096 seconds
[2026-04-13T22:38:42.701+0000] {processor.py:161} INFO - Started process (PID=21718) to work on /opt/airflow/dags/trade_fish_dag.py
[2026-04-13T22:38:42.703+0000] {processor.py:830} INFO - Processing file /opt/airflow/dags/trade_fish_dag.py for tasks to queue
[2026-04-13T22:38:42.704+0000] {logging_mixin.py:188} INFO - [2026-04-13T22:38:42.704+0000] {dagbag.py:538} INFO - Filling up the DagBag from /opt/airflow/dags/trade_fish_dag.py
[2026-04-13T22:38:42.745+0000] {processor.py:840} INFO - DAG(s) 'fish_trade_pipeline' retrieved from /opt/airflow/dags/trade_fish_dag.py
[2026-04-13T22:38:42.789+0000] {logging_mixin.py:188} INFO - [2026-04-13T22:38:42.789+0000] {dag.py:3036} INFO - Sync 1 DAGs
[2026-04-13T22:38:42.805+0000] {logging_mixin.py:188} INFO - [2026-04-13T22:38:42.805+0000] {dag.py:3823} INFO - Setting next_dagrun for fish_trade_pipeline to 2026-05-01 10:00:00+00:00, run_after=2026-06-01 10:00:00+00:00
[2026-04-13T22:38:42.823+0000] {processor.py:183} INFO - Processing /opt/airflow/dags/trade_fish_dag.py took 0.126 seconds
[2026-04-13T22:39:12.912+0000] {processor.py:161} INFO - Started process (PID=21729) to work on /opt/airflow/dags/trade_fish_dag.py
[2026-04-13T22:39:12.914+0000] {processor.py:830} INFO - Processing file /opt/airflow/dags/trade_fish_dag.py for tasks to queue
[2026-04-13T22:39:12.915+0000] {logging_mixin.py:188} INFO - [2026-04-13T22:39:12.915+0000] {dagbag.py:538} INFO - Filling up the DagBag from /opt/airflow/dags/trade_fish_dag.py
[2026-04-13T22:39:12.945+0000] {processor.py:840} INFO - DAG(s) 'fish_trade_pipeline' retrieved from /opt/airflow/dags/trade_fish_dag.py
[2026-04-13T22:39:12.978+0000] {logging_mixin.py:188} INFO - [2026-04-13T22:39:12.978+0000] {dag.py:3036} INFO - Sync 1 DAGs
[2026-04-13T22:39:12.997+0000] {logging_mixin.py:188} INFO - [2026-04-13T22:39:12.997+0000] {dag.py:3823} INFO - Setting next_dagrun for fish_trade_pipeline to 2026-05-01 10:00:00+00:00, run_after=2026-06-01 10:00:00+00:00
[2026-04-13T22:39:13.015+0000] {processor.py:183} INFO - Processing /opt/airflow/dags/trade_fish_dag.py took 0.107 seconds
[2026-04-13T22:39:43.180+0000] {processor.py:161} INFO - Started process (PID=21740) to work on /opt/airflow/dags/trade_fish_dag.py
[2026-04-13T22:39:43.182+0000] {processor.py:830} INFO - Processing file /opt/airflow/dags/trade_fish_dag.py for tasks to queue
[2026-04-13T22:39:43.185+0000] {logging_mixin.py:188} INFO - [2026-04-13T22:39:43.184+0000] {dagbag.py:538} INFO - Filling up the DagBag from /opt/airflow/dags/trade_fish_dag.py
[2026-04-13T22:39:43.232+0000] {processor.py:840} INFO - DAG(s) 'fish_trade_pipeline' retrieved from /opt/airflow/dags/trade_fish_dag.py
[2026-04-13T22:39:43.279+0000] {logging_mixin.py:188} INFO - [2026-04-13T22:39:43.279+0000] {dag.py:3036} INFO - Sync 1 DAGs
[2026-04-13T22:39:43.306+0000] {logging_mixin.py:188} INFO - [2026-04-13T22:39:43.306+0000] {dag.py:3823} INFO - Setting next_dagrun for fish_trade_pipeline to 2026-05-01 10:00:00+00:00, run_after=2026-06-01 10:00:00+00:00
[2026-04-13T22:39:43.339+0000] {processor.py:183} INFO - Processing /opt/airflow/dags/trade_fish_dag.py took 0.170 seconds
[2026-04-13T22:40:13.624+0000] {processor.py:161} INFO - Started process (PID=21751) to work on /opt/airflow/dags/trade_fish_dag.py
[2026-04-13T22:40:13.626+0000] {processor.py:830} INFO - Processing file /opt/airflow/dags/trade_fish_dag.py for tasks to queue
[2026-04-13T22:40:13.628+0000] {logging_mixin.py:188} INFO - [2026-04-13T22:40:13.628+0000] {dagbag.py:538} INFO - Filling up the DagBag from /opt/airflow/dags/trade_fish_dag.py
[2026-04-13T22:40:13.667+0000] {processor.py:840} INFO - DAG(s) 'fish_trade_pipeline' retrieved from /opt/airflow/dags/trade_fish_dag.py
[2026-04-13T22:40:13.698+0000] {logging_mixin.py:188} INFO - [2026-04-13T22:40:13.698+0000] {dag.py:3036} INFO - Sync 1 DAGs
[2026-04-13T22:40:13.715+0000] {logging_mixin.py:188} INFO - [2026-04-13T22:40:13.714+0000] {dag.py:3823} INFO - Setting next_dagrun for fish_trade_pipeline to 2026-05-01 10:00:00+00:00, run_after=2026-06-01 10:00:00+00:00
[2026-04-13T22:40:13.733+0000] {processor.py:183} INFO - Processing /opt/airflow/dags/trade_fish_dag.py took 0.115 seconds
[2026-04-13T22:40:43.832+0000] {processor.py:161} INFO - Started process (PID=21762) to work on /opt/airflow/dags/trade_fish_dag.py
[2026-04-13T22:40:43.833+0000] {processor.py:830} INFO - Processing file /opt/airflow/dags/trade_fish_dag.py for tasks to queue
[2026-04-13T22:40:43.834+0000] {logging_mixin.py:188} INFO - [2026-04-13T22:40:43.834+0000] {dagbag.py:538} INFO - Filling up the DagBag from /opt/airflow/dags/trade_fish_dag.py
[2026-04-13T22:40:43.867+0000] {processor.py:840} INFO - DAG(s) 'fish_trade_pipeline' retrieved from /opt/airflow/dags/trade_fish_dag.py
[2026-04-13T22:40:43.899+0000] {logging_mixin.py:188} INFO - [2026-04-13T22:40:43.899+0000] {dag.py:3036} INFO - Sync 1 DAGs
[2026-04-13T22:40:43.917+0000] {logging_mixin.py:188} INFO - [2026-04-13T22:40:43.917+0000] {dag.py:3823} INFO - Setting next_dagrun for fish_trade_pipeline to 2026-05-01 10:00:00+00:00, run_after=2026-06-01 10:00:00+00:00
[2026-04-13T22:40:43.934+0000] {processor.py:183} INFO - Processing /opt/airflow/dags/trade_fish_dag.py took 0.107 seconds
[2026-04-13T22:41:14.146+0000] {processor.py:161} INFO - Started process (PID=21773) to work on /opt/airflow/dags/trade_fish_dag.py
[2026-04-13T22:41:14.148+0000] {processor.py:830} INFO - Processing file /opt/airflow/dags/trade_fish_dag.py for tasks to queue
[2026-04-13T22:41:14.149+0000] {logging_mixin.py:188} INFO - [2026-04-13T22:41:14.149+0000] {dagbag.py:538} INFO - Filling up the DagBag from /opt/airflow/dags/trade_fish_dag.py
[2026-04-13T22:41:14.170+0000] {processor.py:840} INFO - DAG(s) 'fish_trade_pipeline' retrieved from /opt/airflow/dags/trade_fish_dag.py
[2026-04-13T22:41:14.200+0000] {logging_mixin.py:188} INFO - [2026-04-13T22:41:14.200+0000] {dag.py:3036} INFO - Sync 1 DAGs
[2026-04-13T22:41:14.216+0000] {logging_mixin.py:188} INFO - [2026-04-13T22:41:14.216+0000] {dag.py:3823} INFO - Setting next_dagrun for fish_trade_pipeline to 2026-05-01 10:00:00+00:00, run_after=2026-06-01 10:00:00+00:00
[2026-04-13T22:41:14.233+0000] {processor.py:183} INFO - Processing /opt/airflow/dags/trade_fish_dag.py took 0.090 seconds
[2026-04-13T22:41:44.357+0000] {processor.py:161} INFO - Started process (PID=21784) to work on /opt/airflow/dags/trade_fish_dag.py
[2026-04-13T22:41:44.358+0000] {processor.py:830} INFO - Processing file /opt/airflow/dags/trade_fish_dag.py for tasks to queue
[2026-04-13T22:41:44.359+0000] {logging_mixin.py:188} INFO - [2026-04-13T22:41:44.359+0000] {dagbag.py:538} INFO - Filling up the DagBag from /opt/airflow/dags/trade_fish_dag.py
[2026-04-13T22:41:44.379+0000] {processor.py:840} INFO - DAG(s) 'fish_trade_pipeline' retrieved from /opt/airflow/dags/trade_fish_dag.py
[2026-04-13T22:41:44.408+0000] {logging_mixin.py:188} INFO - [2026-04-13T22:41:44.408+0000] {dag.py:3036} INFO - Sync 1 DAGs
[2026-04-13T22:41:44.425+0000] {logging_mixin.py:188} INFO - [2026-04-13T22:41:44.424+0000] {dag.py:3823} INFO - Setting next_dagrun for fish_trade_pipeline to 2026-05-01 10:00:00+00:00, run_after=2026-06-01 10:00:00+00:00
[2026-04-13T22:41:44.441+0000] {processor.py:183} INFO - Processing /opt/airflow/dags/trade_fish_dag.py took 0.087 seconds
[2026-04-13T22:42:14.687+0000] {processor.py:161} INFO - Started process (PID=21795) to work on /opt/airflow/dags/trade_fish_dag.py
[2026-04-13T22:42:14.688+0000] {processor.py:830} INFO - Processing file /opt/airflow/dags/trade_fish_dag.py for tasks to queue
[2026-04-13T22:42:14.689+0000] {logging_mixin.py:188} INFO - [2026-04-13T22:42:14.689+0000] {dagbag.py:538} INFO - Filling up the DagBag from /opt/airflow/dags/trade_fish_dag.py
[2026-04-13T22:42:14.708+0000] {processor.py:840} INFO - DAG(s) 'fish_trade_pipeline' retrieved from /opt/airflow/dags/trade_fish_dag.py
[2026-04-13T22:42:14.737+0000] {logging_mixin.py:188} INFO - [2026-04-13T22:42:14.737+0000] {dag.py:3036} INFO - Sync 1 DAGs
[2026-04-13T22:42:14.753+0000] {logging_mixin.py:188} INFO - [2026-04-13T22:42:14.753+0000] {dag.py:3823} INFO - Setting next_dagrun for fish_trade_pipeline to 2026-05-01 10:00:00+00:00, run_after=2026-06-01 10:00:00+00:00
[2026-04-13T22:42:14.769+0000] {processor.py:183} INFO - Processing /opt/airflow/dags/trade_fish_dag.py took 0.084 seconds
[2026-04-13T22:42:44.994+0000] {processor.py:161} INFO - Started process (PID=21806) to work on /opt/airflow/dags/trade_fish_dag.py
[2026-04-13T22:42:44.996+0000] {processor.py:830} INFO - Processing file /opt/airflow/dags/trade_fish_dag.py for tasks to queue
[2026-04-13T22:42:44.997+0000] {logging_mixin.py:188} INFO - [2026-04-13T22:42:44.996+0000] {dagbag.py:538} INFO - Filling up the DagBag from /opt/airflow/dags/trade_fish_dag.py
[2026-04-13T22:42:45.021+0000] {processor.py:840} INFO - DAG(s) 'fish_trade_pipeline' retrieved from /opt/airflow/dags/trade_fish_dag.py
[2026-04-13T22:42:45.050+0000] {logging_mixin.py:188} INFO - [2026-04-13T22:42:45.050+0000] {dag.py:3036} INFO - Sync 1 DAGs
[2026-04-13T22:42:45.066+0000] {logging_mixin.py:188} INFO - [2026-04-13T22:42:45.066+0000] {dag.py:3823} INFO - Setting next_dagrun for fish_trade_pipeline to 2026-05-01 10:00:00+00:00, run_after=2026-06-01 10:00:00+00:00
[2026-04-13T22:42:45.084+0000] {processor.py:183} INFO - Processing /opt/airflow/dags/trade_fish_dag.py took 0.093 seconds
[2026-04-13T22:43:15.158+0000] {processor.py:161} INFO - Started process (PID=21817) to work on /opt/airflow/dags/trade_fish_dag.py
[2026-04-13T22:43:15.159+0000] {processor.py:830} INFO - Processing file /opt/airflow/dags/trade_fish_dag.py for tasks to queue
[2026-04-13T22:43:15.160+0000] {logging_mixin.py:188} INFO - [2026-04-13T22:43:15.160+0000] {dagbag.py:538} INFO - Filling up the DagBag from /opt/airflow/dags/trade_fish_dag.py
[2026-04-13T22:43:15.226+0000] {processor.py:840} INFO - DAG(s) 'fish_trade_pipeline' retrieved from /opt/airflow/dags/trade_fish_dag.py
[2026-04-13T22:43:15.254+0000] {logging_mixin.py:188} INFO - [2026-04-13T22:43:15.254+0000] {dag.py:3036} INFO - Sync 1 DAGs
[2026-04-13T22:43:15.271+0000] {logging_mixin.py:188} INFO - [2026-04-13T22:43:15.271+0000] {dag.py:3823} INFO - Setting next_dagrun for fish_trade_pipeline to 2026-05-01 10:00:00+00:00, run_after=2026-06-01 10:00:00+00:00
[2026-04-13T22:43:15.288+0000] {processor.py:183} INFO - Processing /opt/airflow/dags/trade_fish_dag.py took 0.133 seconds
[2026-04-13T22:43:45.461+0000] {processor.py:161} INFO - Started process (PID=21828) to work on /opt/airflow/dags/trade_fish_dag.py
[2026-04-13T22:43:45.462+0000] {processor.py:830} INFO - Processing file /opt/airflow/dags/trade_fish_dag.py for tasks to queue
[2026-04-13T22:43:45.463+0000] {logging_mixin.py:188} INFO - [2026-04-13T22:43:45.463+0000] {dagbag.py:538} INFO - Filling up the DagBag from /opt/airflow/dags/trade_fish_dag.py
[2026-04-13T22:43:45.486+0000] {processor.py:840} INFO - DAG(s) 'fish_trade_pipeline' retrieved from /opt/airflow/dags/trade_fish_dag.py
[2026-04-13T22:43:45.517+0000] {logging_mixin.py:188} INFO - [2026-04-13T22:43:45.517+0000] {dag.py:3036} INFO - Sync 1 DAGs
[2026-04-13T22:43:45.534+0000] {logging_mixin.py:188} INFO - [2026-04-13T22:43:45.534+0000] {dag.py:3823} INFO - Setting next_dagrun for fish_trade_pipeline to 2026-05-01 10:00:00+00:00, run_after=2026-06-01 10:00:00+00:00
[2026-04-13T22:43:45.552+0000] {processor.py:183} INFO - Processing /opt/airflow/dags/trade_fish_dag.py took 0.094 seconds
[2026-04-13T22:44:15.812+0000] {processor.py:161} INFO - Started process (PID=21839) to work on /opt/airflow/dags/trade_fish_dag.py
[2026-04-13T22:44:15.813+0000] {processor.py:830} INFO - Processing file /opt/airflow/dags/trade_fish_dag.py for tasks to queue
[2026-04-13T22:44:15.815+0000] {logging_mixin.py:188} INFO - [2026-04-13T22:44:15.814+0000] {dagbag.py:538} INFO - Filling up the DagBag from /opt/airflow/dags/trade_fish_dag.py
[2026-04-13T22:44:15.836+0000] {processor.py:840} INFO - DAG(s) 'fish_trade_pipeline' retrieved from /opt/airflow/dags/trade_fish_dag.py
[2026-04-13T22:44:15.863+0000] {logging_mixin.py:188} INFO - [2026-04-13T22:44:15.862+0000] {dag.py:3036} INFO - Sync 1 DAGs
[2026-04-13T22:44:15.879+0000] {logging_mixin.py:188} INFO - [2026-04-13T22:44:15.879+0000] {dag.py:3823} INFO - Setting next_dagrun for fish_trade_pipeline to 2026-05-01 10:00:00+00:00, run_after=2026-06-01 10:00:00+00:00
[2026-04-13T22:44:15.897+0000] {processor.py:183} INFO - Processing /opt/airflow/dags/trade_fish_dag.py took 0.088 seconds
[2026-04-13T22:44:46.011+0000] {processor.py:161} INFO - Started process (PID=21850) to work on /opt/airflow/dags/trade_fish_dag.py
[2026-04-13T22:44:46.012+0000] {processor.py:830} INFO - Processing file /opt/airflow/dags/trade_fish_dag.py for tasks to queue
[2026-04-13T22:44:46.014+0000] {logging_mixin.py:188} INFO - [2026-04-13T22:44:46.013+0000] {dagbag.py:538} INFO - Filling up the DagBag from /opt/airflow/dags/trade_fish_dag.py
[2026-04-13T22:44:46.051+0000] {processor.py:840} INFO - DAG(s) 'fish_trade_pipeline' retrieved from /opt/airflow/dags/trade_fish_dag.py
[2026-04-13T22:44:46.094+0000] {logging_mixin.py:188} INFO - [2026-04-13T22:44:46.094+0000] {dag.py:3036} INFO - Sync 1 DAGs
[2026-04-13T22:44:46.117+0000] {logging_mixin.py:188} INFO - [2026-04-13T22:44:46.117+0000] {dag.py:3823} INFO - Setting next_dagrun for fish_trade_pipeline to 2026-05-01 10:00:00+00:00, run_after=2026-06-01 10:00:00+00:00
[2026-04-13T22:44:46.134+0000] {processor.py:183} INFO - Processing /opt/airflow/dags/trade_fish_dag.py took 0.127 seconds
[2026-04-13T22:45:16.395+0000] {processor.py:161} INFO - Started process (PID=21861) to work on /opt/airflow/dags/trade_fish_dag.py
[2026-04-13T22:45:16.403+0000] {processor.py:830} INFO - Processing file /opt/airflow/dags/trade_fish_dag.py for tasks to queue
[2026-04-13T22:45:16.409+0000] {logging_mixin.py:188} INFO - [2026-04-13T22:45:16.407+0000] {dagbag.py:538} INFO - Filling up the DagBag from /opt/airflow/dags/trade_fish_dag.py
[2026-04-13T22:45:16.472+0000] {processor.py:840} INFO - DAG(s) 'fish_trade_pipeline' retrieved from /opt/airflow/dags/trade_fish_dag.py
[2026-04-13T22:45:16.511+0000] {logging_mixin.py:188} INFO - [2026-04-13T22:45:16.511+0000] {dag.py:3036} INFO - Sync 1 DAGs
[2026-04-13T22:45:16.527+0000] {logging_mixin.py:188} INFO - [2026-04-13T22:45:16.527+0000] {dag.py:3823} INFO - Setting next_dagrun for fish_trade_pipeline to 2026-05-01 10:00:00+00:00, run_after=2026-06-01 10:00:00+00:00
[2026-04-13T22:45:16.544+0000] {processor.py:183} INFO - Processing /opt/airflow/dags/trade_fish_dag.py took 0.154 seconds
[2026-04-13T22:45:46.608+0000] {processor.py:161} INFO - Started process (PID=21872) to work on /opt/airflow/dags/trade_fish_dag.py
[2026-04-13T22:45:46.609+0000] {processor.py:830} INFO - Processing file /opt/airflow/dags/trade_fish_dag.py for tasks to queue
[2026-04-13T22:45:46.610+0000] {logging_mixin.py:188} INFO - [2026-04-13T22:45:46.610+0000] {dagbag.py:538} INFO - Filling up the DagBag from /opt/airflow/dags/trade_fish_dag.py
[2026-04-13T22:45:46.630+0000] {processor.py:840} INFO - DAG(s) 'fish_trade_pipeline' retrieved from /opt/airflow/dags/trade_fish_dag.py
[2026-04-13T22:45:46.662+0000] {logging_mixin.py:188} INFO - [2026-04-13T22:45:46.662+0000] {dag.py:3036} INFO - Sync 1 DAGs
[2026-04-13T22:45:46.679+0000] {logging_mixin.py:188} INFO - [2026-04-13T22:45:46.679+0000] {dag.py:3823} INFO - Setting next_dagrun for fish_trade_pipeline to 2026-05-01 10:00:00+00:00, run_after=2026-06-01 10:00:00+00:00
[2026-04-13T22:45:46.694+0000] {processor.py:183} INFO - Processing /opt/airflow/dags/trade_fish_dag.py took 0.090 seconds
[2026-04-13T22:46:16.785+0000] {processor.py:161} INFO - Started process (PID=21883) to work on /opt/airflow/dags/trade_fish_dag.py
[2026-04-13T22:46:16.787+0000] {processor.py:830} INFO - Processing file /opt/airflow/dags/trade_fish_dag.py for tasks to queue
[2026-04-13T22:46:16.788+0000] {logging_mixin.py:188} INFO - [2026-04-13T22:46:16.787+0000] {dagbag.py:538} INFO - Filling up the DagBag from /opt/airflow/dags/trade_fish_dag.py
[2026-04-13T22:46:16.807+0000] {processor.py:840} INFO - DAG(s) 'fish_trade_pipeline' retrieved from /opt/airflow/dags/trade_fish_dag.py
[2026-04-13T22:46:16.836+0000] {logging_mixin.py:188} INFO - [2026-04-13T22:46:16.836+0000] {dag.py:3036} INFO - Sync 1 DAGs
[2026-04-13T22:46:16.852+0000] {logging_mixin.py:188} INFO - [2026-04-13T22:46:16.852+0000] {dag.py:3823} INFO - Setting next_dagrun for fish_trade_pipeline to 2026-05-01 10:00:00+00:00, run_after=2026-06-01 10:00:00+00:00
[2026-04-13T22:46:16.922+0000] {processor.py:183} INFO - Processing /opt/airflow/dags/trade_fish_dag.py took 0.140 seconds
[2026-04-13T22:46:47.071+0000] {processor.py:161} INFO - Started process (PID=21894) to work on /opt/airflow/dags/trade_fish_dag.py
[2026-04-13T22:46:47.073+0000] {processor.py:830} INFO - Processing file /opt/airflow/dags/trade_fish_dag.py for tasks to queue
[2026-04-13T22:46:47.074+0000] {logging_mixin.py:188} INFO - [2026-04-13T22:46:47.074+0000] {dagbag.py:538} INFO - Filling up the DagBag from /opt/airflow/dags/trade_fish_dag.py
[2026-04-13T22:46:47.097+0000] {processor.py:840} INFO - DAG(s) 'fish_trade_pipeline' retrieved from /opt/airflow/dags/trade_fish_dag.py
[2026-04-13T22:46:47.124+0000] {logging_mixin.py:188} INFO - [2026-04-13T22:46:47.124+0000] {dag.py:3036} INFO - Sync 1 DAGs
[2026-04-13T22:46:47.141+0000] {logging_mixin.py:188} INFO - [2026-04-13T22:46:47.141+0000] {dag.py:3823} INFO - Setting next_dagrun for fish_trade_pipeline to 2026-05-01 10:00:00+00:00, run_after=2026-06-01 10:00:00+00:00
[2026-04-13T22:46:47.160+0000] {processor.py:183} INFO - Processing /opt/airflow/dags/trade_fish_dag.py took 0.092 seconds
[2026-04-13T22:47:17.310+0000] {processor.py:161} INFO - Started process (PID=21905) to work on /opt/airflow/dags/trade_fish_dag.py
[2026-04-13T22:47:17.312+0000] {processor.py:830} INFO - Processing file /opt/airflow/dags/trade_fish_dag.py for tasks to queue
[2026-04-13T22:47:17.313+0000] {logging_mixin.py:188} INFO - [2026-04-13T22:47:17.313+0000] {dagbag.py:538} INFO - Filling up the DagBag from /opt/airflow/dags/trade_fish_dag.py
[2026-04-13T22:47:17.333+0000] {processor.py:840} INFO - DAG(s) 'fish_trade_pipeline' retrieved from /opt/airflow/dags/trade_fish_dag.py
[2026-04-13T22:47:17.362+0000] {logging_mixin.py:188} INFO - [2026-04-13T22:47:17.362+0000] {dag.py:3036} INFO - Sync 1 DAGs
[2026-04-13T22:47:17.378+0000] {logging_mixin.py:188} INFO - [2026-04-13T22:47:17.378+0000] {dag.py:3823} INFO - Setting next_dagrun for fish_trade_pipeline to 2026-05-01 10:00:00+00:00, run_after=2026-06-01 10:00:00+00:00
[2026-04-13T22:47:17.452+0000] {processor.py:183} INFO - Processing /opt/airflow/dags/trade_fish_dag.py took 0.145 seconds
[2026-04-13T22:47:47.522+0000] {processor.py:161} INFO - Started process (PID=21916) to work on /opt/airflow/dags/trade_fish_dag.py
[2026-04-13T22:47:47.524+0000] {processor.py:830} INFO - Processing file /opt/airflow/dags/trade_fish_dag.py for tasks to queue
[2026-04-13T22:47:47.525+0000] {logging_mixin.py:188} INFO - [2026-04-13T22:47:47.524+0000] {dagbag.py:538} INFO - Filling up the DagBag from /opt/airflow/dags/trade_fish_dag.py
[2026-04-13T22:47:47.544+0000] {processor.py:840} INFO - DAG(s) 'fish_trade_pipeline' retrieved from /opt/airflow/dags/trade_fish_dag.py
[2026-04-13T22:47:47.570+0000] {logging_mixin.py:188} INFO - [2026-04-13T22:47:47.570+0000] {dag.py:3036} INFO - Sync 1 DAGs
[2026-04-13T22:47:47.587+0000] {logging_mixin.py:188} INFO - [2026-04-13T22:47:47.586+0000] {dag.py:3823} INFO - Setting next_dagrun for fish_trade_pipeline to 2026-05-01 10:00:00+00:00, run_after=2026-06-01 10:00:00+00:00
[2026-04-13T22:47:47.656+0000] {processor.py:183} INFO - Processing /opt/airflow/dags/trade_fish_dag.py took 0.136 seconds
[2026-04-13T22:48:17.823+0000] {processor.py:161} INFO - Started process (PID=21927) to work on /opt/airflow/dags/trade_fish_dag.py
[2026-04-13T22:48:17.824+0000] {processor.py:830} INFO - Processing file /opt/airflow/dags/trade_fish_dag.py for tasks to queue
[2026-04-13T22:48:17.825+0000] {logging_mixin.py:188} INFO - [2026-04-13T22:48:17.825+0000] {dagbag.py:538} INFO - Filling up the DagBag from /opt/airflow/dags/trade_fish_dag.py
[2026-04-13T22:48:17.846+0000] {processor.py:840} INFO - DAG(s) 'fish_trade_pipeline' retrieved from /opt/airflow/dags/trade_fish_dag.py
[2026-04-13T22:48:17.874+0000] {logging_mixin.py:188} INFO - [2026-04-13T22:48:17.874+0000] {dag.py:3036} INFO - Sync 1 DAGs
[2026-04-13T22:48:17.890+0000] {logging_mixin.py:188} INFO - [2026-04-13T22:48:17.889+0000] {dag.py:3823} INFO - Setting next_dagrun for fish_trade_pipeline to 2026-05-01 10:00:00+00:00, run_after=2026-06-01 10:00:00+00:00
[2026-04-13T22:48:17.906+0000] {processor.py:183} INFO - Processing /opt/airflow/dags/trade_fish_dag.py took 0.087 seconds
[2026-04-13T22:48:47.990+0000] {processor.py:161} INFO - Started process (PID=21938) to work on /opt/airflow/dags/trade_fish_dag.py
[2026-04-13T22:48:47.992+0000] {processor.py:830} INFO - Processing file /opt/airflow/dags/trade_fish_dag.py for tasks to queue
[2026-04-13T22:48:47.992+0000] {logging_mixin.py:188} INFO - [2026-04-13T22:48:47.992+0000] {dagbag.py:538} INFO - Filling up the DagBag from /opt/airflow/dags/trade_fish_dag.py
[2026-04-13T22:48:48.017+0000] {processor.py:840} INFO - DAG(s) 'fish_trade_pipeline' retrieved from /opt/airflow/dags/trade_fish_dag.py
[2026-04-13T22:48:48.047+0000] {logging_mixin.py:188} INFO - [2026-04-13T22:48:48.047+0000] {dag.py:3036} INFO - Sync 1 DAGs
[2026-04-13T22:48:48.064+0000] {logging_mixin.py:188} INFO - [2026-04-13T22:48:48.064+0000] {dag.py:3823} INFO - Setting next_dagrun for fish_trade_pipeline to 2026-05-01 10:00:00+00:00, run_after=2026-06-01 10:00:00+00:00
[2026-04-13T22:48:48.082+0000] {processor.py:183} INFO - Processing /opt/airflow/dags/trade_fish_dag.py took 0.095 seconds
[2026-04-13T22:49:18.283+0000] {processor.py:161} INFO - Started process (PID=21949) to work on /opt/airflow/dags/trade_fish_dag.py
[2026-04-13T22:49:18.284+0000] {processor.py:830} INFO - Processing file /opt/airflow/dags/trade_fish_dag.py for tasks to queue
[2026-04-13T22:49:18.286+0000] {logging_mixin.py:188} INFO - [2026-04-13T22:49:18.285+0000] {dagbag.py:538} INFO - Filling up the DagBag from /opt/airflow/dags/trade_fish_dag.py
[2026-04-13T22:49:18.304+0000] {processor.py:840} INFO - DAG(s) 'fish_trade_pipeline' retrieved from /opt/airflow/dags/trade_fish_dag.py
[2026-04-13T22:49:18.337+0000] {logging_mixin.py:188} INFO - [2026-04-13T22:49:18.337+0000] {dag.py:3036} INFO - Sync 1 DAGs
[2026-04-13T22:49:18.388+0000] {logging_mixin.py:188} INFO - [2026-04-13T22:49:18.388+0000] {dag.py:3823} INFO - Setting next_dagrun for fish_trade_pipeline to 2026-05-01 10:00:00+00:00, run_after=2026-06-01 10:00:00+00:00
[2026-04-13T22:49:18.405+0000] {processor.py:183} INFO - Processing /opt/airflow/dags/trade_fish_dag.py took 0.125 seconds
[2026-04-13T22:49:48.521+0000] {processor.py:161} INFO - Started process (PID=21960) to work on /opt/airflow/dags/trade_fish_dag.py
[2026-04-13T22:49:48.522+0000] {processor.py:830} INFO - Processing file /opt/airflow/dags/trade_fish_dag.py for tasks to queue
[2026-04-13T22:49:48.523+0000] {logging_mixin.py:188} INFO - [2026-04-13T22:49:48.523+0000] {dagbag.py:538} INFO - Filling up the DagBag from /opt/airflow/dags/trade_fish_dag.py
[2026-04-13T22:49:48.542+0000] {processor.py:840} INFO - DAG(s) 'fish_trade_pipeline' retrieved from /opt/airflow/dags/trade_fish_dag.py
[2026-04-13T22:49:48.570+0000] {logging_mixin.py:188} INFO - [2026-04-13T22:49:48.570+0000] {dag.py:3036} INFO - Sync 1 DAGs
[2026-04-13T22:49:48.586+0000] {logging_mixin.py:188} INFO - [2026-04-13T22:49:48.586+0000] {dag.py:3823} INFO - Setting next_dagrun for fish_trade_pipeline to 2026-05-01 10:00:00+00:00, run_after=2026-06-01 10:00:00+00:00
[2026-04-13T22:49:48.603+0000] {processor.py:183} INFO - Processing /opt/airflow/dags/trade_fish_dag.py took 0.086 seconds
[2026-04-13T22:50:18.795+0000] {processor.py:161} INFO - Started process (PID=21971) to work on /opt/airflow/dags/trade_fish_dag.py
[2026-04-13T22:50:18.796+0000] {processor.py:830} INFO - Processing file /opt/airflow/dags/trade_fish_dag.py for tasks to queue
[2026-04-13T22:50:18.797+0000] {logging_mixin.py:188} INFO - [2026-04-13T22:50:18.797+0000] {dagbag.py:538} INFO - Filling up the DagBag from /opt/airflow/dags/trade_fish_dag.py
[2026-04-13T22:50:18.872+0000] {processor.py:840} INFO - DAG(s) 'fish_trade_pipeline' retrieved from /opt/airflow/dags/trade_fish_dag.py
[2026-04-13T22:50:18.900+0000] {logging_mixin.py:188} INFO - [2026-04-13T22:50:18.900+0000] {dag.py:3036} INFO - Sync 1 DAGs
[2026-04-13T22:50:18.916+0000] {logging_mixin.py:188} INFO - [2026-04-13T22:50:18.915+0000] {dag.py:3823} INFO - Setting next_dagrun for fish_trade_pipeline to 2026-05-01 10:00:00+00:00, run_after=2026-06-01 10:00:00+00:00
[2026-04-13T22:50:18.934+0000] {processor.py:183} INFO - Processing /opt/airflow/dags/trade_fish_dag.py took 0.142 seconds
[2026-04-13T22:50:48.975+0000] {processor.py:161} INFO - Started process (PID=21982) to work on /opt/airflow/dags/trade_fish_dag.py
[2026-04-13T22:50:48.976+0000] {processor.py:830} INFO - Processing file /opt/airflow/dags/trade_fish_dag.py for tasks to queue
[2026-04-13T22:50:48.978+0000] {logging_mixin.py:188} INFO - [2026-04-13T22:50:48.977+0000] {dagbag.py:538} INFO - Filling up the DagBag from /opt/airflow/dags/trade_fish_dag.py
[2026-04-13T22:50:49.008+0000] {processor.py:840} INFO - DAG(s) 'fish_trade_pipeline' retrieved from /opt/airflow/dags/trade_fish_dag.py
[2026-04-13T22:50:49.043+0000] {logging_mixin.py:188} INFO - [2026-04-13T22:50:49.042+0000] {dag.py:3036} INFO - Sync 1 DAGs
[2026-04-13T22:50:49.060+0000] {logging_mixin.py:188} INFO - [2026-04-13T22:50:49.060+0000] {dag.py:3823} INFO - Setting next_dagrun for fish_trade_pipeline to 2026-05-01 10:00:00+00:00, run_after=2026-06-01 10:00:00+00:00
[2026-04-13T22:50:49.080+0000] {processor.py:183} INFO - Processing /opt/airflow/dags/trade_fish_dag.py took 0.109 seconds
[2026-04-13T22:51:19.171+0000] {processor.py:161} INFO - Started process (PID=21993) to work on /opt/airflow/dags/trade_fish_dag.py
[2026-04-13T22:51:19.173+0000] {processor.py:830} INFO - Processing file /opt/airflow/dags/trade_fish_dag.py for tasks to queue
[2026-04-13T22:51:19.175+0000] {logging_mixin.py:188} INFO - [2026-04-13T22:51:19.175+0000] {dagbag.py:538} INFO - Filling up the DagBag from /opt/airflow/dags/trade_fish_dag.py
[2026-04-13T22:51:19.195+0000] {processor.py:840} INFO - DAG(s) 'fish_trade_pipeline' retrieved from /opt/airflow/dags/trade_fish_dag.py
[2026-04-13T22:51:19.222+0000] {logging_mixin.py:188} INFO - [2026-04-13T22:51:19.222+0000] {dag.py:3036} INFO - Sync 1 DAGs
[2026-04-13T22:51:19.239+0000] {logging_mixin.py:188} INFO - [2026-04-13T22:51:19.239+0000] {dag.py:3823} INFO - Setting next_dagrun for fish_trade_pipeline to 2026-05-01 10:00:00+00:00, run_after=2026-06-01 10:00:00+00:00
[2026-04-13T22:51:19.259+0000] {processor.py:183} INFO - Processing /opt/airflow/dags/trade_fish_dag.py took 0.092 seconds
[2026-04-13T22:51:49.479+0000] {processor.py:161} INFO - Started process (PID=22004) to work on /opt/airflow/dags/trade_fish_dag.py
[2026-04-13T22:51:49.488+0000] {processor.py:830} INFO - Processing file /opt/airflow/dags/trade_fish_dag.py for tasks to queue
[2026-04-13T22:51:49.489+0000] {logging_mixin.py:188} INFO - [2026-04-13T22:51:49.489+0000] {dagbag.py:538} INFO - Filling up the DagBag from /opt/airflow/dags/trade_fish_dag.py
[2026-04-13T22:51:49.520+0000] {processor.py:840} INFO - DAG(s) 'fish_trade_pipeline' retrieved from /opt/airflow/dags/trade_fish_dag.py
[2026-04-13T22:51:49.556+0000] {logging_mixin.py:188} INFO - [2026-04-13T22:51:49.555+0000] {dag.py:3036} INFO - Sync 1 DAGs
[2026-04-13T22:51:49.575+0000] {logging_mixin.py:188} INFO - [2026-04-13T22:51:49.574+0000] {dag.py:3823} INFO - Setting next_dagrun for fish_trade_pipeline to 2026-05-01 10:00:00+00:00, run_after=2026-06-01 10:00:00+00:00
[2026-04-13T22:51:49.592+0000] {processor.py:183} INFO - Processing /opt/airflow/dags/trade_fish_dag.py took 0.116 seconds
[2026-04-13T22:52:20.027+0000] {processor.py:161} INFO - Started process (PID=22015) to work on /opt/airflow/dags/trade_fish_dag.py
[2026-04-13T22:52:20.029+0000] {processor.py:830} INFO - Processing file /opt/airflow/dags/trade_fish_dag.py for tasks to queue
[2026-04-13T22:52:20.031+0000] {logging_mixin.py:188} INFO - [2026-04-13T22:52:20.031+0000] {dagbag.py:538} INFO - Filling up the DagBag from /opt/airflow/dags/trade_fish_dag.py
[2026-04-13T22:52:20.112+0000] {processor.py:840} INFO - DAG(s) 'fish_trade_pipeline' retrieved from /opt/airflow/dags/trade_fish_dag.py
[2026-04-13T22:52:20.186+0000] {logging_mixin.py:188} INFO - [2026-04-13T22:52:20.185+0000] {dag.py:3036} INFO - Sync 1 DAGs
[2026-04-13T22:52:20.217+0000] {logging_mixin.py:188} INFO - [2026-04-13T22:52:20.217+0000] {dag.py:3823} INFO - Setting next_dagrun for fish_trade_pipeline to 2026-05-01 10:00:00+00:00, run_after=2026-06-01 10:00:00+00:00
[2026-04-13T22:52:20.321+0000] {processor.py:183} INFO - Processing /opt/airflow/dags/trade_fish_dag.py took 0.298 seconds
[2026-04-13T22:52:50.586+0000] {processor.py:161} INFO - Started process (PID=22025) to work on /opt/airflow/dags/trade_fish_dag.py
[2026-04-13T22:52:50.587+0000] {processor.py:830} INFO - Processing file /opt/airflow/dags/trade_fish_dag.py for tasks to queue
[2026-04-13T22:52:50.589+0000] {logging_mixin.py:188} INFO - [2026-04-13T22:52:50.588+0000] {dagbag.py:538} INFO - Filling up the DagBag from /opt/airflow/dags/trade_fish_dag.py
[2026-04-13T22:52:50.628+0000] {processor.py:840} INFO - DAG(s) 'fish_trade_pipeline' retrieved from /opt/airflow/dags/trade_fish_dag.py
[2026-04-13T22:52:50.658+0000] {logging_mixin.py:188} INFO - [2026-04-13T22:52:50.658+0000] {dag.py:3036} INFO - Sync 1 DAGs
[2026-04-13T22:52:50.673+0000] {logging_mixin.py:188} INFO - [2026-04-13T22:52:50.673+0000] {dag.py:3823} INFO - Setting next_dagrun for fish_trade_pipeline to 2026-05-01 10:00:00+00:00, run_after=2026-06-01 10:00:00+00:00
[2026-04-13T22:52:50.692+0000] {processor.py:183} INFO - Processing /opt/airflow/dags/trade_fish_dag.py took 0.110 seconds
[2026-04-13T22:53:20.780+0000] {processor.py:161} INFO - Started process (PID=22036) to work on /opt/airflow/dags/trade_fish_dag.py
[2026-04-13T22:53:20.781+0000] {processor.py:830} INFO - Processing file /opt/airflow/dags/trade_fish_dag.py for tasks to queue
[2026-04-13T22:53:20.782+0000] {logging_mixin.py:188} INFO - [2026-04-13T22:53:20.782+0000] {dagbag.py:538} INFO - Filling up the DagBag from /opt/airflow/dags/trade_fish_dag.py
[2026-04-13T22:53:20.800+0000] {processor.py:840} INFO - DAG(s) 'fish_trade_pipeline' retrieved from /opt/airflow/dags/trade_fish_dag.py
[2026-04-13T22:53:20.829+0000] {logging_mixin.py:188} INFO - [2026-04-13T22:53:20.829+0000] {dag.py:3036} INFO - Sync 1 DAGs
[2026-04-13T22:53:20.845+0000] {logging_mixin.py:188} INFO - [2026-04-13T22:53:20.845+0000] {dag.py:3823} INFO - Setting next_dagrun for fish_trade_pipeline to 2026-05-01 10:00:00+00:00, run_after=2026-06-01 10:00:00+00:00
[2026-04-13T22:53:20.916+0000] {processor.py:183} INFO - Processing /opt/airflow/dags/trade_fish_dag.py took 0.139 seconds
[2026-04-13T22:53:51.107+0000] {processor.py:161} INFO - Started process (PID=22047) to work on /opt/airflow/dags/trade_fish_dag.py
[2026-04-13T22:53:51.108+0000] {processor.py:830} INFO - Processing file /opt/airflow/dags/trade_fish_dag.py for tasks to queue
[2026-04-13T22:53:51.109+0000] {logging_mixin.py:188} INFO - [2026-04-13T22:53:51.109+0000] {dagbag.py:538} INFO - Filling up the DagBag from /opt/airflow/dags/trade_fish_dag.py
[2026-04-13T22:53:51.136+0000] {processor.py:840} INFO - DAG(s) 'fish_trade_pipeline' retrieved from /opt/airflow/dags/trade_fish_dag.py
[2026-04-13T22:53:51.170+0000] {logging_mixin.py:188} INFO - [2026-04-13T22:53:51.170+0000] {dag.py:3036} INFO - Sync 1 DAGs
[2026-04-13T22:53:51.189+0000] {logging_mixin.py:188} INFO - [2026-04-13T22:53:51.189+0000] {dag.py:3823} INFO - Setting next_dagrun for fish_trade_pipeline to 2026-05-01 10:00:00+00:00, run_after=2026-06-01 10:00:00+00:00
[2026-04-13T22:53:51.210+0000] {processor.py:183} INFO - Processing /opt/airflow/dags/trade_fish_dag.py took 0.106 seconds
[2026-04-13T22:54:21.312+0000] {processor.py:161} INFO - Started process (PID=22058) to work on /opt/airflow/dags/trade_fish_dag.py
[2026-04-13T22:54:21.313+0000] {processor.py:830} INFO - Processing file /opt/airflow/dags/trade_fish_dag.py for tasks to queue
[2026-04-13T22:54:21.314+0000] {logging_mixin.py:188} INFO - [2026-04-13T22:54:21.314+0000] {dagbag.py:538} INFO - Filling up the DagBag from /opt/airflow/dags/trade_fish_dag.py
[2026-04-13T22:54:21.342+0000] {processor.py:840} INFO - DAG(s) 'fish_trade_pipeline' retrieved from /opt/airflow/dags/trade_fish_dag.py
[2026-04-13T22:54:21.372+0000] {logging_mixin.py:188} INFO - [2026-04-13T22:54:21.372+0000] {dag.py:3036} INFO - Sync 1 DAGs
[2026-04-13T22:54:21.390+0000] {logging_mixin.py:188} INFO - [2026-04-13T22:54:21.389+0000] {dag.py:3823} INFO - Setting next_dagrun for fish_trade_pipeline to 2026-05-01 10:00:00+00:00, run_after=2026-06-01 10:00:00+00:00
[2026-04-13T22:54:21.408+0000] {processor.py:183} INFO - Processing /opt/airflow/dags/trade_fish_dag.py took 0.099 seconds
[2026-04-13T22:54:51.630+0000] {processor.py:161} INFO - Started process (PID=22069) to work on /opt/airflow/dags/trade_fish_dag.py
[2026-04-13T22:54:51.632+0000] {processor.py:830} INFO - Processing file /opt/airflow/dags/trade_fish_dag.py for tasks to queue
[2026-04-13T22:54:51.633+0000] {logging_mixin.py:188} INFO - [2026-04-13T22:54:51.632+0000] {dagbag.py:538} INFO - Filling up the DagBag from /opt/airflow/dags/trade_fish_dag.py
[2026-04-13T22:54:51.652+0000] {processor.py:840} INFO - DAG(s) 'fish_trade_pipeline' retrieved from /opt/airflow/dags/trade_fish_dag.py
[2026-04-13T22:54:51.682+0000] {logging_mixin.py:188} INFO - [2026-04-13T22:54:51.682+0000] {dag.py:3036} INFO - Sync 1 DAGs
[2026-04-13T22:54:51.700+0000] {logging_mixin.py:188} INFO - [2026-04-13T22:54:51.699+0000] {dag.py:3823} INFO - Setting next_dagrun for fish_trade_pipeline to 2026-05-01 10:00:00+00:00, run_after=2026-06-01 10:00:00+00:00
[2026-04-13T22:54:51.723+0000] {processor.py:183} INFO - Processing /opt/airflow/dags/trade_fish_dag.py took 0.096 seconds
[2026-04-13T22:55:21.897+0000] {processor.py:161} INFO - Started process (PID=22080) to work on /opt/airflow/dags/trade_fish_dag.py
[2026-04-13T22:55:21.899+0000] {processor.py:830} INFO - Processing file /opt/airflow/dags/trade_fish_dag.py for tasks to queue
[2026-04-13T22:55:21.901+0000] {logging_mixin.py:188} INFO - [2026-04-13T22:55:21.900+0000] {dagbag.py:538} INFO - Filling up the DagBag from /opt/airflow/dags/trade_fish_dag.py
[2026-04-13T22:55:21.935+0000] {processor.py:840} INFO - DAG(s) 'fish_trade_pipeline' retrieved from /opt/airflow/dags/trade_fish_dag.py
[2026-04-13T22:55:21.966+0000] {logging_mixin.py:188} INFO - [2026-04-13T22:55:21.966+0000] {dag.py:3036} INFO - Sync 1 DAGs
[2026-04-13T22:55:21.983+0000] {logging_mixin.py:188} INFO - [2026-04-13T22:55:21.983+0000] {dag.py:3823} INFO - Setting next_dagrun for fish_trade_pipeline to 2026-05-01 10:00:00+00:00, run_after=2026-06-01 10:00:00+00:00
[2026-04-13T22:55:22.000+0000] {processor.py:183} INFO - Processing /opt/airflow/dags/trade_fish_dag.py took 0.107 seconds
[2026-04-13T22:55:52.241+0000] {processor.py:161} INFO - Started process (PID=22091) to work on /opt/airflow/dags/trade_fish_dag.py
[2026-04-13T22:55:52.242+0000] {processor.py:830} INFO - Processing file /opt/airflow/dags/trade_fish_dag.py for tasks to queue
[2026-04-13T22:55:52.243+0000] {logging_mixin.py:188} INFO - [2026-04-13T22:55:52.243+0000] {dagbag.py:538} INFO - Filling up the DagBag from /opt/airflow/dags/trade_fish_dag.py
[2026-04-13T22:55:52.261+0000] {processor.py:840} INFO - DAG(s) 'fish_trade_pipeline' retrieved from /opt/airflow/dags/trade_fish_dag.py
[2026-04-13T22:55:52.287+0000] {logging_mixin.py:188} INFO - [2026-04-13T22:55:52.287+0000] {dag.py:3036} INFO - Sync 1 DAGs
[2026-04-13T22:55:52.303+0000] {logging_mixin.py:188} INFO - [2026-04-13T22:55:52.303+0000] {dag.py:3823} INFO - Setting next_dagrun for fish_trade_pipeline to 2026-05-01 10:00:00+00:00, run_after=2026-06-01 10:00:00+00:00
[2026-04-13T22:55:52.323+0000] {processor.py:183} INFO - Processing /opt/airflow/dags/trade_fish_dag.py took 0.084 seconds
[2026-04-13T22:56:22.504+0000] {processor.py:161} INFO - Started process (PID=22102) to work on /opt/airflow/dags/trade_fish_dag.py
[2026-04-13T22:56:22.505+0000] {processor.py:830} INFO - Processing file /opt/airflow/dags/trade_fish_dag.py for tasks to queue
[2026-04-13T22:56:22.506+0000] {logging_mixin.py:188} INFO - [2026-04-13T22:56:22.505+0000] {dagbag.py:538} INFO - Filling up the DagBag from /opt/airflow/dags/trade_fish_dag.py
[2026-04-13T22:56:22.530+0000] {processor.py:840} INFO - DAG(s) 'fish_trade_pipeline' retrieved from /opt/airflow/dags/trade_fish_dag.py
[2026-04-13T22:56:22.614+0000] {logging_mixin.py:188} INFO - [2026-04-13T22:56:22.614+0000] {dag.py:3036} INFO - Sync 1 DAGs
[2026-04-13T22:56:22.629+0000] {logging_mixin.py:188} INFO - [2026-04-13T22:56:22.629+0000] {dag.py:3823} INFO - Setting next_dagrun for fish_trade_pipeline to 2026-05-01 10:00:00+00:00, run_after=2026-06-01 10:00:00+00:00
[2026-04-13T22:56:22.645+0000] {processor.py:183} INFO - Processing /opt/airflow/dags/trade_fish_dag.py took 0.145 seconds
[2026-04-13T22:56:52.881+0000] {processor.py:161} INFO - Started process (PID=22113) to work on /opt/airflow/dags/trade_fish_dag.py
[2026-04-13T22:56:52.882+0000] {processor.py:830} INFO - Processing file /opt/airflow/dags/trade_fish_dag.py for tasks to queue
[2026-04-13T22:56:52.883+0000] {logging_mixin.py:188} INFO - [2026-04-13T22:56:52.882+0000] {dagbag.py:538} INFO - Filling up the DagBag from /opt/airflow/dags/trade_fish_dag.py
[2026-04-13T22:56:52.903+0000] {processor.py:840} INFO - DAG(s) 'fish_trade_pipeline' retrieved from /opt/airflow/dags/trade_fish_dag.py
[2026-04-13T22:56:52.929+0000] {logging_mixin.py:188} INFO - [2026-04-13T22:56:52.929+0000] {dag.py:3036} INFO - Sync 1 DAGs
[2026-04-13T22:56:52.945+0000] {logging_mixin.py:188} INFO - [2026-04-13T22:56:52.945+0000] {dag.py:3823} INFO - Setting next_dagrun for fish_trade_pipeline to 2026-05-01 10:00:00+00:00, run_after=2026-06-01 10:00:00+00:00
[2026-04-13T22:56:52.965+0000] {processor.py:183} INFO - Processing /opt/airflow/dags/trade_fish_dag.py took 0.087 seconds
[2026-04-13T22:57:23.137+0000] {processor.py:161} INFO - Started process (PID=22124) to work on /opt/airflow/dags/trade_fish_dag.py
[2026-04-13T22:57:23.138+0000] {processor.py:830} INFO - Processing file /opt/airflow/dags/trade_fish_dag.py for tasks to queue
[2026-04-13T22:57:23.139+0000] {logging_mixin.py:188} INFO - [2026-04-13T22:57:23.139+0000] {dagbag.py:538} INFO - Filling up the DagBag from /opt/airflow/dags/trade_fish_dag.py
[2026-04-13T22:57:23.158+0000] {processor.py:840} INFO - DAG(s) 'fish_trade_pipeline' retrieved from /opt/airflow/dags/trade_fish_dag.py
[2026-04-13T22:57:23.188+0000] {logging_mixin.py:188} INFO - [2026-04-13T22:57:23.188+0000] {dag.py:3036} INFO - Sync 1 DAGs
[2026-04-13T22:57:23.204+0000] {logging_mixin.py:188} INFO - [2026-04-13T22:57:23.204+0000] {dag.py:3823} INFO - Setting next_dagrun for fish_trade_pipeline to 2026-05-01 10:00:00+00:00, run_after=2026-06-01 10:00:00+00:00
[2026-04-13T22:57:23.236+0000] {processor.py:183} INFO - Processing /opt/airflow/dags/trade_fish_dag.py took 0.101 seconds
[2026-04-13T22:57:53.563+0000] {processor.py:161} INFO - Started process (PID=22135) to work on /opt/airflow/dags/trade_fish_dag.py
[2026-04-13T22:57:53.564+0000] {processor.py:830} INFO - Processing file /opt/airflow/dags/trade_fish_dag.py for tasks to queue
[2026-04-13T22:57:53.565+0000] {logging_mixin.py:188} INFO - [2026-04-13T22:57:53.564+0000] {dagbag.py:538} INFO - Filling up the DagBag from /opt/airflow/dags/trade_fish_dag.py
[2026-04-13T22:57:53.582+0000] {processor.py:840} INFO - DAG(s) 'fish_trade_pipeline' retrieved from /opt/airflow/dags/trade_fish_dag.py
[2026-04-13T22:57:53.608+0000] {logging_mixin.py:188} INFO - [2026-04-13T22:57:53.608+0000] {dag.py:3036} INFO - Sync 1 DAGs
[2026-04-13T22:57:53.623+0000] {logging_mixin.py:188} INFO - [2026-04-13T22:57:53.623+0000] {dag.py:3823} INFO - Setting next_dagrun for fish_trade_pipeline to 2026-05-01 10:00:00+00:00, run_after=2026-06-01 10:00:00+00:00
[2026-04-13T22:57:53.695+0000] {processor.py:183} INFO - Processing /opt/airflow/dags/trade_fish_dag.py took 0.134 seconds
[2026-04-13T22:58:23.894+0000] {processor.py:161} INFO - Started process (PID=22146) to work on /opt/airflow/dags/trade_fish_dag.py
[2026-04-13T22:58:23.895+0000] {processor.py:830} INFO - Processing file /opt/airflow/dags/trade_fish_dag.py for tasks to queue
[2026-04-13T22:58:23.896+0000] {logging_mixin.py:188} INFO - [2026-04-13T22:58:23.896+0000] {dagbag.py:538} INFO - Filling up the DagBag from /opt/airflow/dags/trade_fish_dag.py
[2026-04-13T22:58:23.914+0000] {processor.py:840} INFO - DAG(s) 'fish_trade_pipeline' retrieved from /opt/airflow/dags/trade_fish_dag.py
[2026-04-13T22:58:23.940+0000] {logging_mixin.py:188} INFO - [2026-04-13T22:58:23.940+0000] {dag.py:3036} INFO - Sync 1 DAGs
[2026-04-13T22:58:23.955+0000] {logging_mixin.py:188} INFO - [2026-04-13T22:58:23.955+0000] {dag.py:3823} INFO - Setting next_dagrun for fish_trade_pipeline to 2026-05-01 10:00:00+00:00, run_after=2026-06-01 10:00:00+00:00
[2026-04-13T22:58:24.030+0000] {processor.py:183} INFO - Processing /opt/airflow/dags/trade_fish_dag.py took 0.138 seconds
[2026-04-13T22:58:54.176+0000] {processor.py:161} INFO - Started process (PID=22157) to work on /opt/airflow/dags/trade_fish_dag.py
[2026-04-13T22:58:54.177+0000] {processor.py:830} INFO - Processing file /opt/airflow/dags/trade_fish_dag.py for tasks to queue
[2026-04-13T22:58:54.178+0000] {logging_mixin.py:188} INFO - [2026-04-13T22:58:54.178+0000] {dagbag.py:538} INFO - Filling up the DagBag from /opt/airflow/dags/trade_fish_dag.py
[2026-04-13T22:58:54.198+0000] {processor.py:840} INFO - DAG(s) 'fish_trade_pipeline' retrieved from /opt/airflow/dags/trade_fish_dag.py
[2026-04-13T22:58:54.227+0000] {logging_mixin.py:188} INFO - [2026-04-13T22:58:54.227+0000] {dag.py:3036} INFO - Sync 1 DAGs
[2026-04-13T22:58:54.243+0000] {logging_mixin.py:188} INFO - [2026-04-13T22:58:54.243+0000] {dag.py:3823} INFO - Setting next_dagrun for fish_trade_pipeline to 2026-05-01 10:00:00+00:00, run_after=2026-06-01 10:00:00+00:00
[2026-04-13T22:58:54.261+0000] {processor.py:183} INFO - Processing /opt/airflow/dags/trade_fish_dag.py took 0.088 seconds
[2026-04-13T22:59:24.508+0000] {processor.py:161} INFO - Started process (PID=22168) to work on /opt/airflow/dags/trade_fish_dag.py
[2026-04-13T22:59:24.509+0000] {processor.py:830} INFO - Processing file /opt/airflow/dags/trade_fish_dag.py for tasks to queue
[2026-04-13T22:59:24.510+0000] {logging_mixin.py:188} INFO - [2026-04-13T22:59:24.510+0000] {dagbag.py:538} INFO - Filling up the DagBag from /opt/airflow/dags/trade_fish_dag.py
[2026-04-13T22:59:24.542+0000] {processor.py:840} INFO - DAG(s) 'fish_trade_pipeline' retrieved from /opt/airflow/dags/trade_fish_dag.py
[2026-04-13T22:59:24.570+0000] {logging_mixin.py:188} INFO - [2026-04-13T22:59:24.570+0000] {dag.py:3036} INFO - Sync 1 DAGs
[2026-04-13T22:59:24.587+0000] {logging_mixin.py:188} INFO - [2026-04-13T22:59:24.587+0000] {dag.py:3823} INFO - Setting next_dagrun for fish_trade_pipeline to 2026-05-01 10:00:00+00:00, run_after=2026-06-01 10:00:00+00:00
[2026-04-13T22:59:24.605+0000] {processor.py:183} INFO - Processing /opt/airflow/dags/trade_fish_dag.py took 0.100 seconds
[2026-04-13T22:59:54.779+0000] {processor.py:161} INFO - Started process (PID=22179) to work on /opt/airflow/dags/trade_fish_dag.py
[2026-04-13T22:59:54.780+0000] {processor.py:830} INFO - Processing file /opt/airflow/dags/trade_fish_dag.py for tasks to queue
[2026-04-13T22:59:54.782+0000] {logging_mixin.py:188} INFO - [2026-04-13T22:59:54.781+0000] {dagbag.py:538} INFO - Filling up the DagBag from /opt/airflow/dags/trade_fish_dag.py
[2026-04-13T22:59:54.810+0000] {processor.py:840} INFO - DAG(s) 'fish_trade_pipeline' retrieved from /opt/airflow/dags/trade_fish_dag.py
[2026-04-13T22:59:54.848+0000] {logging_mixin.py:188} INFO - [2026-04-13T22:59:54.848+0000] {dag.py:3036} INFO - Sync 1 DAGs
[2026-04-13T22:59:54.865+0000] {logging_mixin.py:188} INFO - [2026-04-13T22:59:54.865+0000] {dag.py:3823} INFO - Setting next_dagrun for fish_trade_pipeline to 2026-05-01 10:00:00+00:00, run_after=2026-06-01 10:00:00+00:00
[2026-04-13T22:59:54.885+0000] {processor.py:183} INFO - Processing /opt/airflow/dags/trade_fish_dag.py took 0.108 seconds
[2026-04-13T23:00:25.149+0000] {processor.py:161} INFO - Started process (PID=22191) to work on /opt/airflow/dags/trade_fish_dag.py
[2026-04-13T23:00:25.150+0000] {processor.py:830} INFO - Processing file /opt/airflow/dags/trade_fish_dag.py for tasks to queue
[2026-04-13T23:00:25.151+0000] {logging_mixin.py:188} INFO - [2026-04-13T23:00:25.151+0000] {dagbag.py:538} INFO - Filling up the DagBag from /opt/airflow/dags/trade_fish_dag.py
[2026-04-13T23:00:25.179+0000] {processor.py:840} INFO - DAG(s) 'fish_trade_pipeline' retrieved from /opt/airflow/dags/trade_fish_dag.py
[2026-04-13T23:00:25.209+0000] {logging_mixin.py:188} INFO - [2026-04-13T23:00:25.209+0000] {dag.py:3036} INFO - Sync 1 DAGs
[2026-04-13T23:00:25.225+0000] {logging_mixin.py:188} INFO - [2026-04-13T23:00:25.225+0000] {dag.py:3823} INFO - Setting next_dagrun for fish_trade_pipeline to 2026-05-01 10:00:00+00:00, run_after=2026-06-01 10:00:00+00:00
[2026-04-13T23:00:25.241+0000] {processor.py:183} INFO - Processing /opt/airflow/dags/trade_fish_dag.py took 0.096 seconds
[2026-04-13T23:00:55.503+0000] {processor.py:161} INFO - Started process (PID=22202) to work on /opt/airflow/dags/trade_fish_dag.py
[2026-04-13T23:00:55.505+0000] {processor.py:830} INFO - Processing file /opt/airflow/dags/trade_fish_dag.py for tasks to queue
[2026-04-13T23:00:55.507+0000] {logging_mixin.py:188} INFO - [2026-04-13T23:00:55.506+0000] {dagbag.py:538} INFO - Filling up the DagBag from /opt/airflow/dags/trade_fish_dag.py
[2026-04-13T23:00:55.539+0000] {processor.py:840} INFO - DAG(s) 'fish_trade_pipeline' retrieved from /opt/airflow/dags/trade_fish_dag.py
[2026-04-13T23:00:55.571+0000] {logging_mixin.py:188} INFO - [2026-04-13T23:00:55.570+0000] {dag.py:3036} INFO - Sync 1 DAGs
[2026-04-13T23:00:55.587+0000] {logging_mixin.py:188} INFO - [2026-04-13T23:00:55.587+0000] {dag.py:3823} INFO - Setting next_dagrun for fish_trade_pipeline to 2026-05-01 10:00:00+00:00, run_after=2026-06-01 10:00:00+00:00
[2026-04-13T23:00:55.606+0000] {processor.py:183} INFO - Processing /opt/airflow/dags/trade_fish_dag.py took 0.107 seconds
[2026-04-13T23:01:25.903+0000] {processor.py:161} INFO - Started process (PID=22213) to work on /opt/airflow/dags/trade_fish_dag.py
[2026-04-13T23:01:25.905+0000] {processor.py:830} INFO - Processing file /opt/airflow/dags/trade_fish_dag.py for tasks to queue
[2026-04-13T23:01:25.906+0000] {logging_mixin.py:188} INFO - [2026-04-13T23:01:25.906+0000] {dagbag.py:538} INFO - Filling up the DagBag from /opt/airflow/dags/trade_fish_dag.py
[2026-04-13T23:01:25.952+0000] {processor.py:840} INFO - DAG(s) 'fish_trade_pipeline' retrieved from /opt/airflow/dags/trade_fish_dag.py
[2026-04-13T23:01:25.986+0000] {logging_mixin.py:188} INFO - [2026-04-13T23:01:25.986+0000] {dag.py:3036} INFO - Sync 1 DAGs
[2026-04-13T23:01:26.003+0000] {logging_mixin.py:188} INFO - [2026-04-13T23:01:26.003+0000] {dag.py:3823} INFO - Setting next_dagrun for fish_trade_pipeline to 2026-05-01 10:00:00+00:00, run_after=2026-06-01 10:00:00+00:00
[2026-04-13T23:01:26.020+0000] {processor.py:183} INFO - Processing /opt/airflow/dags/trade_fish_dag.py took 0.121 seconds
[2026-04-13T23:01:56.225+0000] {processor.py:161} INFO - Started process (PID=22224) to work on /opt/airflow/dags/trade_fish_dag.py
[2026-04-13T23:01:56.227+0000] {processor.py:830} INFO - Processing file /opt/airflow/dags/trade_fish_dag.py for tasks to queue
[2026-04-13T23:01:56.228+0000] {logging_mixin.py:188} INFO - [2026-04-13T23:01:56.228+0000] {dagbag.py:538} INFO - Filling up the DagBag from /opt/airflow/dags/trade_fish_dag.py
[2026-04-13T23:01:56.280+0000] {processor.py:840} INFO - DAG(s) 'fish_trade_pipeline' retrieved from /opt/airflow/dags/trade_fish_dag.py
[2026-04-13T23:01:56.311+0000] {logging_mixin.py:188} INFO - [2026-04-13T23:01:56.311+0000] {dag.py:3036} INFO - Sync 1 DAGs
[2026-04-13T23:01:56.327+0000] {logging_mixin.py:188} INFO - [2026-04-13T23:01:56.327+0000] {dag.py:3823} INFO - Setting next_dagrun for fish_trade_pipeline to 2026-05-01 10:00:00+00:00, run_after=2026-06-01 10:00:00+00:00
[2026-04-13T23:01:56.396+0000] {processor.py:183} INFO - Processing /opt/airflow/dags/trade_fish_dag.py took 0.174 seconds
[2026-04-13T23:02:26.630+0000] {processor.py:161} INFO - Started process (PID=22235) to work on /opt/airflow/dags/trade_fish_dag.py
[2026-04-13T23:02:26.632+0000] {processor.py:830} INFO - Processing file /opt/airflow/dags/trade_fish_dag.py for tasks to queue
[2026-04-13T23:02:26.633+0000] {logging_mixin.py:188} INFO - [2026-04-13T23:02:26.633+0000] {dagbag.py:538} INFO - Filling up the DagBag from /opt/airflow/dags/trade_fish_dag.py
[2026-04-13T23:02:26.721+0000] {processor.py:840} INFO - DAG(s) 'fish_trade_pipeline' retrieved from /opt/airflow/dags/trade_fish_dag.py
[2026-04-13T23:02:26.754+0000] {logging_mixin.py:188} INFO - [2026-04-13T23:02:26.754+0000] {dag.py:3036} INFO - Sync 1 DAGs
[2026-04-13T23:02:26.771+0000] {logging_mixin.py:188} INFO - [2026-04-13T23:02:26.770+0000] {dag.py:3823} INFO - Setting next_dagrun for fish_trade_pipeline to 2026-05-01 10:00:00+00:00, run_after=2026-06-01 10:00:00+00:00
[2026-04-13T23:02:26.836+0000] {processor.py:183} INFO - Processing /opt/airflow/dags/trade_fish_dag.py took 0.212 seconds
[2026-04-13T23:02:57.086+0000] {processor.py:161} INFO - Started process (PID=22246) to work on /opt/airflow/dags/trade_fish_dag.py
[2026-04-13T23:02:57.087+0000] {processor.py:830} INFO - Processing file /opt/airflow/dags/trade_fish_dag.py for tasks to queue
[2026-04-13T23:02:57.089+0000] {logging_mixin.py:188} INFO - [2026-04-13T23:02:57.088+0000] {dagbag.py:538} INFO - Filling up the DagBag from /opt/airflow/dags/trade_fish_dag.py
[2026-04-13T23:02:57.127+0000] {processor.py:840} INFO - DAG(s) 'fish_trade_pipeline' retrieved from /opt/airflow/dags/trade_fish_dag.py
[2026-04-13T23:02:57.174+0000] {logging_mixin.py:188} INFO - [2026-04-13T23:02:57.174+0000] {dag.py:3036} INFO - Sync 1 DAGs
[2026-04-13T23:02:57.194+0000] {logging_mixin.py:188} INFO - [2026-04-13T23:02:57.194+0000] {dag.py:3823} INFO - Setting next_dagrun for fish_trade_pipeline to 2026-05-01 10:00:00+00:00, run_after=2026-06-01 10:00:00+00:00
[2026-04-13T23:02:57.215+0000] {processor.py:183} INFO - Processing /opt/airflow/dags/trade_fish_dag.py took 0.132 seconds
[2026-04-13T23:03:27.371+0000] {processor.py:161} INFO - Started process (PID=22257) to work on /opt/airflow/dags/trade_fish_dag.py
[2026-04-13T23:03:27.377+0000] {processor.py:830} INFO - Processing file /opt/airflow/dags/trade_fish_dag.py for tasks to queue
[2026-04-13T23:03:27.378+0000] {logging_mixin.py:188} INFO - [2026-04-13T23:03:27.377+0000] {dagbag.py:538} INFO - Filling up the DagBag from /opt/airflow/dags/trade_fish_dag.py
[2026-04-13T23:03:27.413+0000] {processor.py:840} INFO - DAG(s) 'fish_trade_pipeline' retrieved from /opt/airflow/dags/trade_fish_dag.py
[2026-04-13T23:03:27.465+0000] {logging_mixin.py:188} INFO - [2026-04-13T23:03:27.465+0000] {dag.py:3036} INFO - Sync 1 DAGs
[2026-04-13T23:03:27.492+0000] {logging_mixin.py:188} INFO - [2026-04-13T23:03:27.492+0000] {dag.py:3823} INFO - Setting next_dagrun for fish_trade_pipeline to 2026-05-01 10:00:00+00:00, run_after=2026-06-01 10:00:00+00:00
[2026-04-13T23:03:27.508+0000] {processor.py:183} INFO - Processing /opt/airflow/dags/trade_fish_dag.py took 0.149 seconds
[2026-04-13T23:03:57.871+0000] {processor.py:161} INFO - Started process (PID=22268) to work on /opt/airflow/dags/trade_fish_dag.py
[2026-04-13T23:03:57.874+0000] {processor.py:830} INFO - Processing file /opt/airflow/dags/trade_fish_dag.py for tasks to queue
[2026-04-13T23:03:57.876+0000] {logging_mixin.py:188} INFO - [2026-04-13T23:03:57.876+0000] {dagbag.py:538} INFO - Filling up the DagBag from /opt/airflow/dags/trade_fish_dag.py
[2026-04-13T23:03:57.916+0000] {processor.py:840} INFO - DAG(s) 'fish_trade_pipeline' retrieved from /opt/airflow/dags/trade_fish_dag.py
[2026-04-13T23:03:57.949+0000] {logging_mixin.py:188} INFO - [2026-04-13T23:03:57.949+0000] {dag.py:3036} INFO - Sync 1 DAGs
[2026-04-13T23:03:57.966+0000] {logging_mixin.py:188} INFO - [2026-04-13T23:03:57.966+0000] {dag.py:3823} INFO - Setting next_dagrun for fish_trade_pipeline to 2026-05-01 10:00:00+00:00, run_after=2026-06-01 10:00:00+00:00
[2026-04-13T23:03:57.983+0000] {processor.py:183} INFO - Processing /opt/airflow/dags/trade_fish_dag.py took 0.115 seconds
[2026-04-13T23:04:28.188+0000] {processor.py:161} INFO - Started process (PID=22279) to work on /opt/airflow/dags/trade_fish_dag.py
[2026-04-13T23:04:28.189+0000] {processor.py:830} INFO - Processing file /opt/airflow/dags/trade_fish_dag.py for tasks to queue
[2026-04-13T23:04:28.190+0000] {logging_mixin.py:188} INFO - [2026-04-13T23:04:28.190+0000] {dagbag.py:538} INFO - Filling up the DagBag from /opt/airflow/dags/trade_fish_dag.py
[2026-04-13T23:04:28.235+0000] {processor.py:840} INFO - DAG(s) 'fish_trade_pipeline' retrieved from /opt/airflow/dags/trade_fish_dag.py
[2026-04-13T23:04:28.272+0000] {logging_mixin.py:188} INFO - [2026-04-13T23:04:28.272+0000] {dag.py:3036} INFO - Sync 1 DAGs
[2026-04-13T23:04:28.290+0000] {logging_mixin.py:188} INFO - [2026-04-13T23:04:28.289+0000] {dag.py:3823} INFO - Setting next_dagrun for fish_trade_pipeline to 2026-05-01 10:00:00+00:00, run_after=2026-06-01 10:00:00+00:00
[2026-04-13T23:04:28.312+0000] {processor.py:183} INFO - Processing /opt/airflow/dags/trade_fish_dag.py took 0.127 seconds
[2026-04-13T23:04:58.506+0000] {processor.py:161} INFO - Started process (PID=22290) to work on /opt/airflow/dags/trade_fish_dag.py
[2026-04-13T23:04:58.508+0000] {processor.py:830} INFO - Processing file /opt/airflow/dags/trade_fish_dag.py for tasks to queue
[2026-04-13T23:04:58.511+0000] {logging_mixin.py:188} INFO - [2026-04-13T23:04:58.511+0000] {dagbag.py:538} INFO - Filling up the DagBag from /opt/airflow/dags/trade_fish_dag.py
[2026-04-13T23:04:58.555+0000] {processor.py:840} INFO - DAG(s) 'fish_trade_pipeline' retrieved from /opt/airflow/dags/trade_fish_dag.py
[2026-04-13T23:04:58.599+0000] {logging_mixin.py:188} INFO - [2026-04-13T23:04:58.599+0000] {dag.py:3036} INFO - Sync 1 DAGs
[2026-04-13T23:04:58.617+0000] {logging_mixin.py:188} INFO - [2026-04-13T23:04:58.617+0000] {dag.py:3823} INFO - Setting next_dagrun for fish_trade_pipeline to 2026-05-01 10:00:00+00:00, run_after=2026-06-01 10:00:00+00:00
[2026-04-13T23:04:58.635+0000] {processor.py:183} INFO - Processing /opt/airflow/dags/trade_fish_dag.py took 0.132 seconds
[2026-04-13T23:05:28.943+0000] {processor.py:161} INFO - Started process (PID=22302) to work on /opt/airflow/dags/trade_fish_dag.py
[2026-04-13T23:05:28.945+0000] {processor.py:830} INFO - Processing file /opt/airflow/dags/trade_fish_dag.py for tasks to queue
[2026-04-13T23:05:28.946+0000] {logging_mixin.py:188} INFO - [2026-04-13T23:05:28.946+0000] {dagbag.py:538} INFO - Filling up the DagBag from /opt/airflow/dags/trade_fish_dag.py
[2026-04-13T23:05:28.994+0000] {processor.py:840} INFO - DAG(s) 'fish_trade_pipeline' retrieved from /opt/airflow/dags/trade_fish_dag.py
[2026-04-13T23:05:29.025+0000] {logging_mixin.py:188} INFO - [2026-04-13T23:05:29.025+0000] {dag.py:3036} INFO - Sync 1 DAGs
[2026-04-13T23:05:29.042+0000] {logging_mixin.py:188} INFO - [2026-04-13T23:05:29.042+0000] {dag.py:3823} INFO - Setting next_dagrun for fish_trade_pipeline to 2026-05-01 10:00:00+00:00, run_after=2026-06-01 10:00:00+00:00
[2026-04-13T23:05:29.064+0000] {processor.py:183} INFO - Processing /opt/airflow/dags/trade_fish_dag.py took 0.125 seconds
[2026-04-13T23:05:59.201+0000] {processor.py:161} INFO - Started process (PID=22313) to work on /opt/airflow/dags/trade_fish_dag.py
[2026-04-13T23:05:59.202+0000] {processor.py:830} INFO - Processing file /opt/airflow/dags/trade_fish_dag.py for tasks to queue
[2026-04-13T23:05:59.204+0000] {logging_mixin.py:188} INFO - [2026-04-13T23:05:59.203+0000] {dagbag.py:538} INFO - Filling up the DagBag from /opt/airflow/dags/trade_fish_dag.py
[2026-04-13T23:05:59.255+0000] {processor.py:840} INFO - DAG(s) 'fish_trade_pipeline' retrieved from /opt/airflow/dags/trade_fish_dag.py
[2026-04-13T23:05:59.286+0000] {logging_mixin.py:188} INFO - [2026-04-13T23:05:59.286+0000] {dag.py:3036} INFO - Sync 1 DAGs
[2026-04-13T23:05:59.303+0000] {logging_mixin.py:188} INFO - [2026-04-13T23:05:59.302+0000] {dag.py:3823} INFO - Setting next_dagrun for fish_trade_pipeline to 2026-05-01 10:00:00+00:00, run_after=2026-06-01 10:00:00+00:00
[2026-04-13T23:05:59.321+0000] {processor.py:183} INFO - Processing /opt/airflow/dags/trade_fish_dag.py took 0.123 seconds
[2026-04-13T23:06:29.598+0000] {processor.py:161} INFO - Started process (PID=22330) to work on /opt/airflow/dags/trade_fish_dag.py
[2026-04-13T23:06:29.599+0000] {processor.py:830} INFO - Processing file /opt/airflow/dags/trade_fish_dag.py for tasks to queue
[2026-04-13T23:06:29.600+0000] {logging_mixin.py:188} INFO - [2026-04-13T23:06:29.600+0000] {dagbag.py:538} INFO - Filling up the DagBag from /opt/airflow/dags/trade_fish_dag.py
[2026-04-13T23:06:29.621+0000] {processor.py:840} INFO - DAG(s) 'fish_trade_pipeline' retrieved from /opt/airflow/dags/trade_fish_dag.py
[2026-04-13T23:06:29.648+0000] {logging_mixin.py:188} INFO - [2026-04-13T23:06:29.648+0000] {dag.py:3036} INFO - Sync 1 DAGs
[2026-04-13T23:06:29.664+0000] {logging_mixin.py:188} INFO - [2026-04-13T23:06:29.663+0000] {dag.py:3823} INFO - Setting next_dagrun for fish_trade_pipeline to 2026-05-01 10:00:00+00:00, run_after=2026-06-01 10:00:00+00:00
[2026-04-13T23:06:29.679+0000] {processor.py:183} INFO - Processing /opt/airflow/dags/trade_fish_dag.py took 0.084 seconds
[2026-04-13T23:06:59.909+0000] {processor.py:161} INFO - Started process (PID=22341) to work on /opt/airflow/dags/trade_fish_dag.py
[2026-04-13T23:06:59.911+0000] {processor.py:830} INFO - Processing file /opt/airflow/dags/trade_fish_dag.py for tasks to queue
[2026-04-13T23:06:59.912+0000] {logging_mixin.py:188} INFO - [2026-04-13T23:06:59.912+0000] {dagbag.py:538} INFO - Filling up the DagBag from /opt/airflow/dags/trade_fish_dag.py
[2026-04-13T23:06:59.934+0000] {processor.py:840} INFO - DAG(s) 'fish_trade_pipeline' retrieved from /opt/airflow/dags/trade_fish_dag.py
[2026-04-13T23:06:59.965+0000] {logging_mixin.py:188} INFO - [2026-04-13T23:06:59.965+0000] {dag.py:3036} INFO - Sync 1 DAGs
[2026-04-13T23:06:59.981+0000] {logging_mixin.py:188} INFO - [2026-04-13T23:06:59.981+0000] {dag.py:3823} INFO - Setting next_dagrun for fish_trade_pipeline to 2026-05-01 10:00:00+00:00, run_after=2026-06-01 10:00:00+00:00
[2026-04-13T23:06:59.998+0000] {processor.py:183} INFO - Processing /opt/airflow/dags/trade_fish_dag.py took 0.094 seconds
[2026-04-13T23:07:30.203+0000] {processor.py:161} INFO - Started process (PID=22352) to work on /opt/airflow/dags/trade_fish_dag.py
[2026-04-13T23:07:30.204+0000] {processor.py:830} INFO - Processing file /opt/airflow/dags/trade_fish_dag.py for tasks to queue
[2026-04-13T23:07:30.205+0000] {logging_mixin.py:188} INFO - [2026-04-13T23:07:30.205+0000] {dagbag.py:538} INFO - Filling up the DagBag from /opt/airflow/dags/trade_fish_dag.py
[2026-04-13T23:07:30.225+0000] {processor.py:840} INFO - DAG(s) 'fish_trade_pipeline' retrieved from /opt/airflow/dags/trade_fish_dag.py
[2026-04-13T23:07:30.266+0000] {logging_mixin.py:188} INFO - [2026-04-13T23:07:30.266+0000] {dag.py:3036} INFO - Sync 1 DAGs
[2026-04-13T23:07:30.284+0000] {logging_mixin.py:188} INFO - [2026-04-13T23:07:30.284+0000] {dag.py:3823} INFO - Setting next_dagrun for fish_trade_pipeline to 2026-05-01 10:00:00+00:00, run_after=2026-06-01 10:00:00+00:00
[2026-04-13T23:07:30.352+0000] {processor.py:183} INFO - Processing /opt/airflow/dags/trade_fish_dag.py took 0.151 seconds
[2026-04-13T23:08:00.613+0000] {processor.py:161} INFO - Started process (PID=22363) to work on /opt/airflow/dags/trade_fish_dag.py
[2026-04-13T23:08:00.616+0000] {processor.py:830} INFO - Processing file /opt/airflow/dags/trade_fish_dag.py for tasks to queue
[2026-04-13T23:08:00.617+0000] {logging_mixin.py:188} INFO - [2026-04-13T23:08:00.617+0000] {dagbag.py:538} INFO - Filling up the DagBag from /opt/airflow/dags/trade_fish_dag.py
[2026-04-13T23:08:00.656+0000] {processor.py:840} INFO - DAG(s) 'fish_trade_pipeline' retrieved from /opt/airflow/dags/trade_fish_dag.py
[2026-04-13T23:08:00.689+0000] {logging_mixin.py:188} INFO - [2026-04-13T23:08:00.689+0000] {dag.py:3036} INFO - Sync 1 DAGs
[2026-04-13T23:08:00.706+0000] {logging_mixin.py:188} INFO - [2026-04-13T23:08:00.706+0000] {dag.py:3823} INFO - Setting next_dagrun for fish_trade_pipeline to 2026-05-01 10:00:00+00:00, run_after=2026-06-01 10:00:00+00:00
[2026-04-13T23:08:00.722+0000] {processor.py:183} INFO - Processing /opt/airflow/dags/trade_fish_dag.py took 0.112 seconds
[2026-04-13T23:08:30.877+0000] {processor.py:161} INFO - Started process (PID=22374) to work on /opt/airflow/dags/trade_fish_dag.py
[2026-04-13T23:08:30.878+0000] {processor.py:830} INFO - Processing file /opt/airflow/dags/trade_fish_dag.py for tasks to queue
[2026-04-13T23:08:30.879+0000] {logging_mixin.py:188} INFO - [2026-04-13T23:08:30.879+0000] {dagbag.py:538} INFO - Filling up the DagBag from /opt/airflow/dags/trade_fish_dag.py
[2026-04-13T23:08:30.904+0000] {processor.py:840} INFO - DAG(s) 'fish_trade_pipeline' retrieved from /opt/airflow/dags/trade_fish_dag.py
[2026-04-13T23:08:30.936+0000] {logging_mixin.py:188} INFO - [2026-04-13T23:08:30.935+0000] {dag.py:3036} INFO - Sync 1 DAGs
[2026-04-13T23:08:30.952+0000] {logging_mixin.py:188} INFO - [2026-04-13T23:08:30.952+0000] {dag.py:3823} INFO - Setting next_dagrun for fish_trade_pipeline to 2026-05-01 10:00:00+00:00, run_after=2026-06-01 10:00:00+00:00
[2026-04-13T23:08:31.026+0000] {processor.py:183} INFO - Processing /opt/airflow/dags/trade_fish_dag.py took 0.151 seconds
[2026-04-13T23:09:01.267+0000] {processor.py:161} INFO - Started process (PID=22385) to work on /opt/airflow/dags/trade_fish_dag.py
[2026-04-13T23:09:01.268+0000] {processor.py:830} INFO - Processing file /opt/airflow/dags/trade_fish_dag.py for tasks to queue
[2026-04-13T23:09:01.269+0000] {logging_mixin.py:188} INFO - [2026-04-13T23:09:01.269+0000] {dagbag.py:538} INFO - Filling up the DagBag from /opt/airflow/dags/trade_fish_dag.py
[2026-04-13T23:09:01.287+0000] {processor.py:840} INFO - DAG(s) 'fish_trade_pipeline' retrieved from /opt/airflow/dags/trade_fish_dag.py
[2026-04-13T23:09:01.313+0000] {logging_mixin.py:188} INFO - [2026-04-13T23:09:01.313+0000] {dag.py:3036} INFO - Sync 1 DAGs
[2026-04-13T23:09:01.328+0000] {logging_mixin.py:188} INFO - [2026-04-13T23:09:01.328+0000] {dag.py:3823} INFO - Setting next_dagrun for fish_trade_pipeline to 2026-05-01 10:00:00+00:00, run_after=2026-06-01 10:00:00+00:00
[2026-04-13T23:09:01.346+0000] {processor.py:183} INFO - Processing /opt/airflow/dags/trade_fish_dag.py took 0.082 seconds
[2026-04-13T23:09:31.557+0000] {processor.py:161} INFO - Started process (PID=22396) to work on /opt/airflow/dags/trade_fish_dag.py
[2026-04-13T23:09:31.558+0000] {processor.py:830} INFO - Processing file /opt/airflow/dags/trade_fish_dag.py for tasks to queue
[2026-04-13T23:09:31.560+0000] {logging_mixin.py:188} INFO - [2026-04-13T23:09:31.559+0000] {dagbag.py:538} INFO - Filling up the DagBag from /opt/airflow/dags/trade_fish_dag.py
[2026-04-13T23:09:31.605+0000] {processor.py:840} INFO - DAG(s) 'fish_trade_pipeline' retrieved from /opt/airflow/dags/trade_fish_dag.py
[2026-04-13T23:09:31.638+0000] {logging_mixin.py:188} INFO - [2026-04-13T23:09:31.638+0000] {dag.py:3036} INFO - Sync 1 DAGs
[2026-04-13T23:09:31.655+0000] {logging_mixin.py:188} INFO - [2026-04-13T23:09:31.655+0000] {dag.py:3823} INFO - Setting next_dagrun for fish_trade_pipeline to 2026-05-01 10:00:00+00:00, run_after=2026-06-01 10:00:00+00:00
[2026-04-13T23:09:31.673+0000] {processor.py:183} INFO - Processing /opt/airflow/dags/trade_fish_dag.py took 0.120 seconds
[2026-04-13T23:10:01.859+0000] {processor.py:161} INFO - Started process (PID=22407) to work on /opt/airflow/dags/trade_fish_dag.py
[2026-04-13T23:10:01.861+0000] {processor.py:830} INFO - Processing file /opt/airflow/dags/trade_fish_dag.py for tasks to queue
[2026-04-13T23:10:01.862+0000] {logging_mixin.py:188} INFO - [2026-04-13T23:10:01.861+0000] {dagbag.py:538} INFO - Filling up the DagBag from /opt/airflow/dags/trade_fish_dag.py
[2026-04-13T23:10:01.881+0000] {processor.py:840} INFO - DAG(s) 'fish_trade_pipeline' retrieved from /opt/airflow/dags/trade_fish_dag.py
[2026-04-13T23:10:01.910+0000] {logging_mixin.py:188} INFO - [2026-04-13T23:10:01.909+0000] {dag.py:3036} INFO - Sync 1 DAGs
[2026-04-13T23:10:01.926+0000] {logging_mixin.py:188} INFO - [2026-04-13T23:10:01.926+0000] {dag.py:3823} INFO - Setting next_dagrun for fish_trade_pipeline to 2026-05-01 10:00:00+00:00, run_after=2026-06-01 10:00:00+00:00
[2026-04-13T23:10:01.942+0000] {processor.py:183} INFO - Processing /opt/airflow/dags/trade_fish_dag.py took 0.085 seconds
[2026-04-13T23:10:32.198+0000] {processor.py:161} INFO - Started process (PID=22418) to work on /opt/airflow/dags/trade_fish_dag.py
[2026-04-13T23:10:32.199+0000] {processor.py:830} INFO - Processing file /opt/airflow/dags/trade_fish_dag.py for tasks to queue
[2026-04-13T23:10:32.200+0000] {logging_mixin.py:188} INFO - [2026-04-13T23:10:32.200+0000] {dagbag.py:538} INFO - Filling up the DagBag from /opt/airflow/dags/trade_fish_dag.py
[2026-04-13T23:10:32.220+0000] {processor.py:840} INFO - DAG(s) 'fish_trade_pipeline' retrieved from /opt/airflow/dags/trade_fish_dag.py
[2026-04-13T23:10:32.249+0000] {logging_mixin.py:188} INFO - [2026-04-13T23:10:32.249+0000] {dag.py:3036} INFO - Sync 1 DAGs
[2026-04-13T23:10:32.267+0000] {logging_mixin.py:188} INFO - [2026-04-13T23:10:32.267+0000] {dag.py:3823} INFO - Setting next_dagrun for fish_trade_pipeline to 2026-05-01 10:00:00+00:00, run_after=2026-06-01 10:00:00+00:00
[2026-04-13T23:10:32.285+0000] {processor.py:183} INFO - Processing /opt/airflow/dags/trade_fish_dag.py took 0.090 seconds
[2026-04-13T23:11:02.526+0000] {processor.py:161} INFO - Started process (PID=22428) to work on /opt/airflow/dags/trade_fish_dag.py
[2026-04-13T23:11:02.535+0000] {processor.py:830} INFO - Processing file /opt/airflow/dags/trade_fish_dag.py for tasks to queue
[2026-04-13T23:11:02.538+0000] {logging_mixin.py:188} INFO - [2026-04-13T23:11:02.538+0000] {dagbag.py:538} INFO - Filling up the DagBag from /opt/airflow/dags/trade_fish_dag.py
[2026-04-13T23:11:02.607+0000] {processor.py:840} INFO - DAG(s) 'fish_trade_pipeline' retrieved from /opt/airflow/dags/trade_fish_dag.py
[2026-04-13T23:11:02.636+0000] {logging_mixin.py:188} INFO - [2026-04-13T23:11:02.636+0000] {dag.py:3036} INFO - Sync 1 DAGs
[2026-04-13T23:11:02.652+0000] {logging_mixin.py:188} INFO - [2026-04-13T23:11:02.652+0000] {dag.py:3823} INFO - Setting next_dagrun for fish_trade_pipeline to 2026-05-01 10:00:00+00:00, run_after=2026-06-01 10:00:00+00:00
[2026-04-13T23:11:02.670+0000] {processor.py:183} INFO - Processing /opt/airflow/dags/trade_fish_dag.py took 0.146 seconds
[2026-04-13T23:11:32.754+0000] {processor.py:161} INFO - Started process (PID=22438) to work on /opt/airflow/dags/trade_fish_dag.py
[2026-04-13T23:11:32.755+0000] {processor.py:830} INFO - Processing file /opt/airflow/dags/trade_fish_dag.py for tasks to queue
[2026-04-13T23:11:32.757+0000] {logging_mixin.py:188} INFO - [2026-04-13T23:11:32.756+0000] {dagbag.py:538} INFO - Filling up the DagBag from /opt/airflow/dags/trade_fish_dag.py
[2026-04-13T23:11:32.776+0000] {processor.py:840} INFO - DAG(s) 'fish_trade_pipeline' retrieved from /opt/airflow/dags/trade_fish_dag.py
[2026-04-13T23:11:32.812+0000] {logging_mixin.py:188} INFO - [2026-04-13T23:11:32.812+0000] {dag.py:3036} INFO - Sync 1 DAGs
[2026-04-13T23:11:32.829+0000] {logging_mixin.py:188} INFO - [2026-04-13T23:11:32.829+0000] {dag.py:3823} INFO - Setting next_dagrun for fish_trade_pipeline to 2026-05-01 10:00:00+00:00, run_after=2026-06-01 10:00:00+00:00
[2026-04-13T23:11:32.847+0000] {processor.py:183} INFO - Processing /opt/airflow/dags/trade_fish_dag.py took 0.097 seconds
[2026-04-13T23:12:02.990+0000] {processor.py:161} INFO - Started process (PID=22449) to work on /opt/airflow/dags/trade_fish_dag.py
[2026-04-13T23:12:02.991+0000] {processor.py:830} INFO - Processing file /opt/airflow/dags/trade_fish_dag.py for tasks to queue
[2026-04-13T23:12:02.992+0000] {logging_mixin.py:188} INFO - [2026-04-13T23:12:02.992+0000] {dagbag.py:538} INFO - Filling up the DagBag from /opt/airflow/dags/trade_fish_dag.py
[2026-04-13T23:12:03.013+0000] {processor.py:840} INFO - DAG(s) 'fish_trade_pipeline' retrieved from /opt/airflow/dags/trade_fish_dag.py
[2026-04-13T23:12:03.061+0000] {logging_mixin.py:188} INFO - [2026-04-13T23:12:03.061+0000] {dag.py:3036} INFO - Sync 1 DAGs
[2026-04-13T23:12:03.079+0000] {logging_mixin.py:188} INFO - [2026-04-13T23:12:03.079+0000] {dag.py:3823} INFO - Setting next_dagrun for fish_trade_pipeline to 2026-05-01 10:00:00+00:00, run_after=2026-06-01 10:00:00+00:00
[2026-04-13T23:12:03.094+0000] {processor.py:183} INFO - Processing /opt/airflow/dags/trade_fish_dag.py took 0.107 seconds
[2026-04-13T23:12:33.324+0000] {processor.py:161} INFO - Started process (PID=22460) to work on /opt/airflow/dags/trade_fish_dag.py
[2026-04-13T23:12:33.325+0000] {processor.py:830} INFO - Processing file /opt/airflow/dags/trade_fish_dag.py for tasks to queue
[2026-04-13T23:12:33.326+0000] {logging_mixin.py:188} INFO - [2026-04-13T23:12:33.326+0000] {dagbag.py:538} INFO - Filling up the DagBag from /opt/airflow/dags/trade_fish_dag.py
[2026-04-13T23:12:33.345+0000] {processor.py:840} INFO - DAG(s) 'fish_trade_pipeline' retrieved from /opt/airflow/dags/trade_fish_dag.py
[2026-04-13T23:12:33.371+0000] {logging_mixin.py:188} INFO - [2026-04-13T23:12:33.371+0000] {dag.py:3036} INFO - Sync 1 DAGs
[2026-04-13T23:12:33.387+0000] {logging_mixin.py:188} INFO - [2026-04-13T23:12:33.387+0000] {dag.py:3823} INFO - Setting next_dagrun for fish_trade_pipeline to 2026-05-01 10:00:00+00:00, run_after=2026-06-01 10:00:00+00:00
[2026-04-13T23:12:33.462+0000] {processor.py:183} INFO - Processing /opt/airflow/dags/trade_fish_dag.py took 0.140 seconds
[2026-04-13T23:13:03.661+0000] {processor.py:161} INFO - Started process (PID=22471) to work on /opt/airflow/dags/trade_fish_dag.py
[2026-04-13T23:13:03.662+0000] {processor.py:830} INFO - Processing file /opt/airflow/dags/trade_fish_dag.py for tasks to queue
[2026-04-13T23:13:03.663+0000] {logging_mixin.py:188} INFO - [2026-04-13T23:13:03.662+0000] {dagbag.py:538} INFO - Filling up the DagBag from /opt/airflow/dags/trade_fish_dag.py
[2026-04-13T23:13:03.683+0000] {processor.py:840} INFO - DAG(s) 'fish_trade_pipeline' retrieved from /opt/airflow/dags/trade_fish_dag.py
[2026-04-13T23:13:03.711+0000] {logging_mixin.py:188} INFO - [2026-04-13T23:13:03.711+0000] {dag.py:3036} INFO - Sync 1 DAGs
[2026-04-13T23:13:03.728+0000] {logging_mixin.py:188} INFO - [2026-04-13T23:13:03.728+0000] {dag.py:3823} INFO - Setting next_dagrun for fish_trade_pipeline to 2026-05-01 10:00:00+00:00, run_after=2026-06-01 10:00:00+00:00
[2026-04-13T23:13:03.745+0000] {processor.py:183} INFO - Processing /opt/airflow/dags/trade_fish_dag.py took 0.087 seconds
[2026-04-13T23:13:33.923+0000] {processor.py:161} INFO - Started process (PID=22482) to work on /opt/airflow/dags/trade_fish_dag.py
[2026-04-13T23:13:33.924+0000] {processor.py:830} INFO - Processing file /opt/airflow/dags/trade_fish_dag.py for tasks to queue
[2026-04-13T23:13:33.925+0000] {logging_mixin.py:188} INFO - [2026-04-13T23:13:33.925+0000] {dagbag.py:538} INFO - Filling up the DagBag from /opt/airflow/dags/trade_fish_dag.py
[2026-04-13T23:13:33.944+0000] {processor.py:840} INFO - DAG(s) 'fish_trade_pipeline' retrieved from /opt/airflow/dags/trade_fish_dag.py
[2026-04-13T23:13:33.971+0000] {logging_mixin.py:188} INFO - [2026-04-13T23:13:33.971+0000] {dag.py:3036} INFO - Sync 1 DAGs
[2026-04-13T23:13:33.987+0000] {logging_mixin.py:188} INFO - [2026-04-13T23:13:33.987+0000] {dag.py:3823} INFO - Setting next_dagrun for fish_trade_pipeline to 2026-05-01 10:00:00+00:00, run_after=2026-06-01 10:00:00+00:00
[2026-04-13T23:13:34.005+0000] {processor.py:183} INFO - Processing /opt/airflow/dags/trade_fish_dag.py took 0.084 seconds
[2026-04-13T23:14:04.163+0000] {processor.py:161} INFO - Started process (PID=22493) to work on /opt/airflow/dags/trade_fish_dag.py
[2026-04-13T23:14:04.164+0000] {processor.py:830} INFO - Processing file /opt/airflow/dags/trade_fish_dag.py for tasks to queue
[2026-04-13T23:14:04.165+0000] {logging_mixin.py:188} INFO - [2026-04-13T23:14:04.165+0000] {dagbag.py:538} INFO - Filling up the DagBag from /opt/airflow/dags/trade_fish_dag.py
[2026-04-13T23:14:04.186+0000] {processor.py:840} INFO - DAG(s) 'fish_trade_pipeline' retrieved from /opt/airflow/dags/trade_fish_dag.py
[2026-04-13T23:14:04.215+0000] {logging_mixin.py:188} INFO - [2026-04-13T23:14:04.215+0000] {dag.py:3036} INFO - Sync 1 DAGs
[2026-04-13T23:14:04.231+0000] {logging_mixin.py:188} INFO - [2026-04-13T23:14:04.231+0000] {dag.py:3823} INFO - Setting next_dagrun for fish_trade_pipeline to 2026-05-01 10:00:00+00:00, run_after=2026-06-01 10:00:00+00:00
[2026-04-13T23:14:04.250+0000] {processor.py:183} INFO - Processing /opt/airflow/dags/trade_fish_dag.py took 0.089 seconds
[2026-04-13T23:14:34.480+0000] {processor.py:161} INFO - Started process (PID=22504) to work on /opt/airflow/dags/trade_fish_dag.py
[2026-04-13T23:14:34.481+0000] {processor.py:830} INFO - Processing file /opt/airflow/dags/trade_fish_dag.py for tasks to queue
[2026-04-13T23:14:34.482+0000] {logging_mixin.py:188} INFO - [2026-04-13T23:14:34.482+0000] {dagbag.py:538} INFO - Filling up the DagBag from /opt/airflow/dags/trade_fish_dag.py
[2026-04-13T23:14:34.504+0000] {processor.py:840} INFO - DAG(s) 'fish_trade_pipeline' retrieved from /opt/airflow/dags/trade_fish_dag.py
[2026-04-13T23:14:34.530+0000] {logging_mixin.py:188} INFO - [2026-04-13T23:14:34.530+0000] {dag.py:3036} INFO - Sync 1 DAGs
[2026-04-13T23:14:34.546+0000] {logging_mixin.py:188} INFO - [2026-04-13T23:14:34.546+0000] {dag.py:3823} INFO - Setting next_dagrun for fish_trade_pipeline to 2026-05-01 10:00:00+00:00, run_after=2026-06-01 10:00:00+00:00
[2026-04-13T23:14:34.564+0000] {processor.py:183} INFO - Processing /opt/airflow/dags/trade_fish_dag.py took 0.086 seconds
[2026-04-13T23:15:04.786+0000] {processor.py:161} INFO - Started process (PID=22515) to work on /opt/airflow/dags/trade_fish_dag.py
[2026-04-13T23:15:04.787+0000] {processor.py:830} INFO - Processing file /opt/airflow/dags/trade_fish_dag.py for tasks to queue
[2026-04-13T23:15:04.788+0000] {logging_mixin.py:188} INFO - [2026-04-13T23:15:04.788+0000] {dagbag.py:538} INFO - Filling up the DagBag from /opt/airflow/dags/trade_fish_dag.py
[2026-04-13T23:15:04.807+0000] {processor.py:840} INFO - DAG(s) 'fish_trade_pipeline' retrieved from /opt/airflow/dags/trade_fish_dag.py
[2026-04-13T23:15:04.835+0000] {logging_mixin.py:188} INFO - [2026-04-13T23:15:04.834+0000] {dag.py:3036} INFO - Sync 1 DAGs
[2026-04-13T23:15:04.851+0000] {logging_mixin.py:188} INFO - [2026-04-13T23:15:04.851+0000] {dag.py:3823} INFO - Setting next_dagrun for fish_trade_pipeline to 2026-05-01 10:00:00+00:00, run_after=2026-06-01 10:00:00+00:00
[2026-04-13T23:15:04.923+0000] {processor.py:183} INFO - Processing /opt/airflow/dags/trade_fish_dag.py took 0.140 seconds
[2026-04-13T23:15:35.122+0000] {processor.py:161} INFO - Started process (PID=22526) to work on /opt/airflow/dags/trade_fish_dag.py
[2026-04-13T23:15:35.123+0000] {processor.py:830} INFO - Processing file /opt/airflow/dags/trade_fish_dag.py for tasks to queue
[2026-04-13T23:15:35.125+0000] {logging_mixin.py:188} INFO - [2026-04-13T23:15:35.124+0000] {dagbag.py:538} INFO - Filling up the DagBag from /opt/airflow/dags/trade_fish_dag.py
[2026-04-13T23:15:35.217+0000] {processor.py:840} INFO - DAG(s) 'fish_trade_pipeline' retrieved from /opt/airflow/dags/trade_fish_dag.py
[2026-04-13T23:15:35.245+0000] {logging_mixin.py:188} INFO - [2026-04-13T23:15:35.245+0000] {dag.py:3036} INFO - Sync 1 DAGs
[2026-04-13T23:15:35.260+0000] {logging_mixin.py:188} INFO - [2026-04-13T23:15:35.260+0000] {dag.py:3823} INFO - Setting next_dagrun for fish_trade_pipeline to 2026-05-01 10:00:00+00:00, run_after=2026-06-01 10:00:00+00:00
[2026-04-13T23:15:35.276+0000] {processor.py:183} INFO - Processing /opt/airflow/dags/trade_fish_dag.py took 0.157 seconds
[2026-04-13T23:16:05.565+0000] {processor.py:161} INFO - Started process (PID=22537) to work on /opt/airflow/dags/trade_fish_dag.py
[2026-04-13T23:16:05.567+0000] {processor.py:830} INFO - Processing file /opt/airflow/dags/trade_fish_dag.py for tasks to queue
[2026-04-13T23:16:05.568+0000] {logging_mixin.py:188} INFO - [2026-04-13T23:16:05.568+0000] {dagbag.py:538} INFO - Filling up the DagBag from /opt/airflow/dags/trade_fish_dag.py
[2026-04-13T23:16:05.597+0000] {processor.py:840} INFO - DAG(s) 'fish_trade_pipeline' retrieved from /opt/airflow/dags/trade_fish_dag.py
[2026-04-13T23:16:05.627+0000] {logging_mixin.py:188} INFO - [2026-04-13T23:16:05.627+0000] {dag.py:3036} INFO - Sync 1 DAGs
[2026-04-13T23:16:05.642+0000] {logging_mixin.py:188} INFO - [2026-04-13T23:16:05.642+0000] {dag.py:3823} INFO - Setting next_dagrun for fish_trade_pipeline to 2026-05-01 10:00:00+00:00, run_after=2026-06-01 10:00:00+00:00
[2026-04-13T23:16:05.660+0000] {processor.py:183} INFO - Processing /opt/airflow/dags/trade_fish_dag.py took 0.100 seconds
[2026-04-13T23:16:35.896+0000] {processor.py:161} INFO - Started process (PID=22548) to work on /opt/airflow/dags/trade_fish_dag.py
[2026-04-13T23:16:35.897+0000] {processor.py:830} INFO - Processing file /opt/airflow/dags/trade_fish_dag.py for tasks to queue
[2026-04-13T23:16:35.898+0000] {logging_mixin.py:188} INFO - [2026-04-13T23:16:35.897+0000] {dagbag.py:538} INFO - Filling up the DagBag from /opt/airflow/dags/trade_fish_dag.py
[2026-04-13T23:16:35.917+0000] {processor.py:840} INFO - DAG(s) 'fish_trade_pipeline' retrieved from /opt/airflow/dags/trade_fish_dag.py
[2026-04-13T23:16:35.945+0000] {logging_mixin.py:188} INFO - [2026-04-13T23:16:35.945+0000] {dag.py:3036} INFO - Sync 1 DAGs
[2026-04-13T23:16:35.965+0000] {logging_mixin.py:188} INFO - [2026-04-13T23:16:35.965+0000] {dag.py:3823} INFO - Setting next_dagrun for fish_trade_pipeline to 2026-05-01 10:00:00+00:00, run_after=2026-06-01 10:00:00+00:00
[2026-04-13T23:16:36.018+0000] {processor.py:183} INFO - Processing /opt/airflow/dags/trade_fish_dag.py took 0.125 seconds
[2026-04-13T23:17:06.229+0000] {processor.py:161} INFO - Started process (PID=22559) to work on /opt/airflow/dags/trade_fish_dag.py
[2026-04-13T23:17:06.231+0000] {processor.py:830} INFO - Processing file /opt/airflow/dags/trade_fish_dag.py for tasks to queue
[2026-04-13T23:17:06.232+0000] {logging_mixin.py:188} INFO - [2026-04-13T23:17:06.232+0000] {dagbag.py:538} INFO - Filling up the DagBag from /opt/airflow/dags/trade_fish_dag.py
[2026-04-13T23:17:06.270+0000] {processor.py:840} INFO - DAG(s) 'fish_trade_pipeline' retrieved from /opt/airflow/dags/trade_fish_dag.py
[2026-04-13T23:17:06.304+0000] {logging_mixin.py:188} INFO - [2026-04-13T23:17:06.304+0000] {dag.py:3036} INFO - Sync 1 DAGs
[2026-04-13T23:17:06.321+0000] {logging_mixin.py:188} INFO - [2026-04-13T23:17:06.321+0000] {dag.py:3823} INFO - Setting next_dagrun for fish_trade_pipeline to 2026-05-01 10:00:00+00:00, run_after=2026-06-01 10:00:00+00:00
[2026-04-13T23:17:06.355+0000] {processor.py:183} INFO - Processing /opt/airflow/dags/trade_fish_dag.py took 0.129 seconds
[2026-04-13T23:17:36.576+0000] {processor.py:161} INFO - Started process (PID=22571) to work on /opt/airflow/dags/trade_fish_dag.py
[2026-04-13T23:17:36.578+0000] {processor.py:830} INFO - Processing file /opt/airflow/dags/trade_fish_dag.py for tasks to queue
[2026-04-13T23:17:36.579+0000] {logging_mixin.py:188} INFO - [2026-04-13T23:17:36.578+0000] {dagbag.py:538} INFO - Filling up the DagBag from /opt/airflow/dags/trade_fish_dag.py
[2026-04-13T23:17:36.597+0000] {processor.py:840} INFO - DAG(s) 'fish_trade_pipeline' retrieved from /opt/airflow/dags/trade_fish_dag.py
[2026-04-13T23:17:36.623+0000] {logging_mixin.py:188} INFO - [2026-04-13T23:17:36.623+0000] {dag.py:3036} INFO - Sync 1 DAGs
[2026-04-13T23:17:36.638+0000] {logging_mixin.py:188} INFO - [2026-04-13T23:17:36.638+0000] {dag.py:3823} INFO - Setting next_dagrun for fish_trade_pipeline to 2026-05-01 10:00:00+00:00, run_after=2026-06-01 10:00:00+00:00
[2026-04-13T23:17:36.655+0000] {processor.py:183} INFO - Processing /opt/airflow/dags/trade_fish_dag.py took 0.081 seconds
[2026-04-13T23:18:07.015+0000] {processor.py:161} INFO - Started process (PID=22582) to work on /opt/airflow/dags/trade_fish_dag.py
[2026-04-13T23:18:07.017+0000] {processor.py:830} INFO - Processing file /opt/airflow/dags/trade_fish_dag.py for tasks to queue
[2026-04-13T23:18:07.017+0000] {logging_mixin.py:188} INFO - [2026-04-13T23:18:07.017+0000] {dagbag.py:538} INFO - Filling up the DagBag from /opt/airflow/dags/trade_fish_dag.py
[2026-04-13T23:18:07.037+0000] {processor.py:840} INFO - DAG(s) 'fish_trade_pipeline' retrieved from /opt/airflow/dags/trade_fish_dag.py
[2026-04-13T23:18:07.065+0000] {logging_mixin.py:188} INFO - [2026-04-13T23:18:07.064+0000] {dag.py:3036} INFO - Sync 1 DAGs
[2026-04-13T23:18:07.081+0000] {logging_mixin.py:188} INFO - [2026-04-13T23:18:07.081+0000] {dag.py:3823} INFO - Setting next_dagrun for fish_trade_pipeline to 2026-05-01 10:00:00+00:00, run_after=2026-06-01 10:00:00+00:00
[2026-04-13T23:18:07.098+0000] {processor.py:183} INFO - Processing /opt/airflow/dags/trade_fish_dag.py took 0.085 seconds
[2026-04-13T23:18:37.296+0000] {processor.py:161} INFO - Started process (PID=22593) to work on /opt/airflow/dags/trade_fish_dag.py
[2026-04-13T23:18:37.297+0000] {processor.py:830} INFO - Processing file /opt/airflow/dags/trade_fish_dag.py for tasks to queue
[2026-04-13T23:18:37.298+0000] {logging_mixin.py:188} INFO - [2026-04-13T23:18:37.298+0000] {dagbag.py:538} INFO - Filling up the DagBag from /opt/airflow/dags/trade_fish_dag.py
[2026-04-13T23:18:37.316+0000] {processor.py:840} INFO - DAG(s) 'fish_trade_pipeline' retrieved from /opt/airflow/dags/trade_fish_dag.py
[2026-04-13T23:18:37.343+0000] {logging_mixin.py:188} INFO - [2026-04-13T23:18:37.343+0000] {dag.py:3036} INFO - Sync 1 DAGs
[2026-04-13T23:18:37.358+0000] {logging_mixin.py:188} INFO - [2026-04-13T23:18:37.358+0000] {dag.py:3823} INFO - Setting next_dagrun for fish_trade_pipeline to 2026-05-01 10:00:00+00:00, run_after=2026-06-01 10:00:00+00:00
[2026-04-13T23:18:37.374+0000] {processor.py:183} INFO - Processing /opt/airflow/dags/trade_fish_dag.py took 0.081 seconds
[2026-04-13T23:19:07.706+0000] {processor.py:161} INFO - Started process (PID=22604) to work on /opt/airflow/dags/trade_fish_dag.py
[2026-04-13T23:19:07.707+0000] {processor.py:830} INFO - Processing file /opt/airflow/dags/trade_fish_dag.py for tasks to queue
[2026-04-13T23:19:07.708+0000] {logging_mixin.py:188} INFO - [2026-04-13T23:19:07.707+0000] {dagbag.py:538} INFO - Filling up the DagBag from /opt/airflow/dags/trade_fish_dag.py
[2026-04-13T23:19:07.727+0000] {processor.py:840} INFO - DAG(s) 'fish_trade_pipeline' retrieved from /opt/airflow/dags/trade_fish_dag.py
[2026-04-13T23:19:07.750+0000] {logging_mixin.py:188} INFO - [2026-04-13T23:19:07.750+0000] {dag.py:3036} INFO - Sync 1 DAGs
[2026-04-13T23:19:07.764+0000] {logging_mixin.py:188} INFO - [2026-04-13T23:19:07.764+0000] {dag.py:3823} INFO - Setting next_dagrun for fish_trade_pipeline to 2026-05-01 10:00:00+00:00, run_after=2026-06-01 10:00:00+00:00
[2026-04-13T23:19:07.780+0000] {processor.py:183} INFO - Processing /opt/airflow/dags/trade_fish_dag.py took 0.077 seconds
[2026-04-13T23:19:37.975+0000] {processor.py:161} INFO - Started process (PID=22615) to work on /opt/airflow/dags/trade_fish_dag.py
[2026-04-13T23:19:37.976+0000] {processor.py:830} INFO - Processing file /opt/airflow/dags/trade_fish_dag.py for tasks to queue
[2026-04-13T23:19:37.977+0000] {logging_mixin.py:188} INFO - [2026-04-13T23:19:37.976+0000] {dagbag.py:538} INFO - Filling up the DagBag from /opt/airflow/dags/trade_fish_dag.py
[2026-04-13T23:19:37.993+0000] {processor.py:840} INFO - DAG(s) 'fish_trade_pipeline' retrieved from /opt/airflow/dags/trade_fish_dag.py
[2026-04-13T23:19:38.021+0000] {logging_mixin.py:188} INFO - [2026-04-13T23:19:38.021+0000] {dag.py:3036} INFO - Sync 1 DAGs
[2026-04-13T23:19:38.036+0000] {logging_mixin.py:188} INFO - [2026-04-13T23:19:38.036+0000] {dag.py:3823} INFO - Setting next_dagrun for fish_trade_pipeline to 2026-05-01 10:00:00+00:00, run_after=2026-06-01 10:00:00+00:00
[2026-04-13T23:19:38.052+0000] {processor.py:183} INFO - Processing /opt/airflow/dags/trade_fish_dag.py took 0.080 seconds
[2026-04-13T23:20:08.325+0000] {processor.py:161} INFO - Started process (PID=22626) to work on /opt/airflow/dags/trade_fish_dag.py
[2026-04-13T23:20:08.326+0000] {processor.py:830} INFO - Processing file /opt/airflow/dags/trade_fish_dag.py for tasks to queue
[2026-04-13T23:20:08.327+0000] {logging_mixin.py:188} INFO - [2026-04-13T23:20:08.326+0000] {dagbag.py:538} INFO - Filling up the DagBag from /opt/airflow/dags/trade_fish_dag.py
[2026-04-13T23:20:08.345+0000] {processor.py:840} INFO - DAG(s) 'fish_trade_pipeline' retrieved from /opt/airflow/dags/trade_fish_dag.py
[2026-04-13T23:20:08.371+0000] {logging_mixin.py:188} INFO - [2026-04-13T23:20:08.371+0000] {dag.py:3036} INFO - Sync 1 DAGs
[2026-04-13T23:20:08.386+0000] {logging_mixin.py:188} INFO - [2026-04-13T23:20:08.386+0000] {dag.py:3823} INFO - Setting next_dagrun for fish_trade_pipeline to 2026-05-01 10:00:00+00:00, run_after=2026-06-01 10:00:00+00:00
[2026-04-13T23:20:08.401+0000] {processor.py:183} INFO - Processing /opt/airflow/dags/trade_fish_dag.py took 0.079 seconds
[2026-04-13T23:20:38.603+0000] {processor.py:161} INFO - Started process (PID=22637) to work on /opt/airflow/dags/trade_fish_dag.py
[2026-04-13T23:20:38.604+0000] {processor.py:830} INFO - Processing file /opt/airflow/dags/trade_fish_dag.py for tasks to queue
[2026-04-13T23:20:38.605+0000] {logging_mixin.py:188} INFO - [2026-04-13T23:20:38.605+0000] {dagbag.py:538} INFO - Filling up the DagBag from /opt/airflow/dags/trade_fish_dag.py
[2026-04-13T23:20:38.624+0000] {processor.py:840} INFO - DAG(s) 'fish_trade_pipeline' retrieved from /opt/airflow/dags/trade_fish_dag.py
[2026-04-13T23:20:38.648+0000] {logging_mixin.py:188} INFO - [2026-04-13T23:20:38.648+0000] {dag.py:3036} INFO - Sync 1 DAGs
[2026-04-13T23:20:38.665+0000] {logging_mixin.py:188} INFO - [2026-04-13T23:20:38.664+0000] {dag.py:3823} INFO - Setting next_dagrun for fish_trade_pipeline to 2026-05-01 10:00:00+00:00, run_after=2026-06-01 10:00:00+00:00
[2026-04-13T23:20:38.679+0000] {processor.py:183} INFO - Processing /opt/airflow/dags/trade_fish_dag.py took 0.079 seconds
[2026-04-13T23:21:08.923+0000] {processor.py:161} INFO - Started process (PID=22648) to work on /opt/airflow/dags/trade_fish_dag.py
[2026-04-13T23:21:08.924+0000] {processor.py:830} INFO - Processing file /opt/airflow/dags/trade_fish_dag.py for tasks to queue
[2026-04-13T23:21:08.925+0000] {logging_mixin.py:188} INFO - [2026-04-13T23:21:08.925+0000] {dagbag.py:538} INFO - Filling up the DagBag from /opt/airflow/dags/trade_fish_dag.py
[2026-04-13T23:21:08.979+0000] {processor.py:840} INFO - DAG(s) 'fish_trade_pipeline' retrieved from /opt/airflow/dags/trade_fish_dag.py
[2026-04-13T23:21:09.006+0000] {logging_mixin.py:188} INFO - [2026-04-13T23:21:09.006+0000] {dag.py:3036} INFO - Sync 1 DAGs
[2026-04-13T23:21:09.023+0000] {logging_mixin.py:188} INFO - [2026-04-13T23:21:09.022+0000] {dag.py:3823} INFO - Setting next_dagrun for fish_trade_pipeline to 2026-05-01 10:00:00+00:00, run_after=2026-06-01 10:00:00+00:00
[2026-04-13T23:21:09.039+0000] {processor.py:183} INFO - Processing /opt/airflow/dags/trade_fish_dag.py took 0.118 seconds
[2026-04-13T23:21:39.263+0000] {processor.py:161} INFO - Started process (PID=22659) to work on /opt/airflow/dags/trade_fish_dag.py
[2026-04-13T23:21:39.264+0000] {processor.py:830} INFO - Processing file /opt/airflow/dags/trade_fish_dag.py for tasks to queue
[2026-04-13T23:21:39.265+0000] {logging_mixin.py:188} INFO - [2026-04-13T23:21:39.264+0000] {dagbag.py:538} INFO - Filling up the DagBag from /opt/airflow/dags/trade_fish_dag.py
[2026-04-13T23:21:39.282+0000] {processor.py:840} INFO - DAG(s) 'fish_trade_pipeline' retrieved from /opt/airflow/dags/trade_fish_dag.py
[2026-04-13T23:21:39.310+0000] {logging_mixin.py:188} INFO - [2026-04-13T23:21:39.309+0000] {dag.py:3036} INFO - Sync 1 DAGs
[2026-04-13T23:21:39.324+0000] {logging_mixin.py:188} INFO - [2026-04-13T23:21:39.324+0000] {dag.py:3823} INFO - Setting next_dagrun for fish_trade_pipeline to 2026-05-01 10:00:00+00:00, run_after=2026-06-01 10:00:00+00:00
[2026-04-13T23:21:39.398+0000] {processor.py:183} INFO - Processing /opt/airflow/dags/trade_fish_dag.py took 0.138 seconds
[2026-04-13T23:22:09.565+0000] {processor.py:161} INFO - Started process (PID=22670) to work on /opt/airflow/dags/trade_fish_dag.py
[2026-04-13T23:22:09.566+0000] {processor.py:830} INFO - Processing file /opt/airflow/dags/trade_fish_dag.py for tasks to queue
[2026-04-13T23:22:09.568+0000] {logging_mixin.py:188} INFO - [2026-04-13T23:22:09.567+0000] {dagbag.py:538} INFO - Filling up the DagBag from /opt/airflow/dags/trade_fish_dag.py
[2026-04-13T23:22:09.587+0000] {processor.py:840} INFO - DAG(s) 'fish_trade_pipeline' retrieved from /opt/airflow/dags/trade_fish_dag.py
[2026-04-13T23:22:09.615+0000] {logging_mixin.py:188} INFO - [2026-04-13T23:22:09.615+0000] {dag.py:3036} INFO - Sync 1 DAGs
[2026-04-13T23:22:09.631+0000] {logging_mixin.py:188} INFO - [2026-04-13T23:22:09.631+0000] {dag.py:3823} INFO - Setting next_dagrun for fish_trade_pipeline to 2026-05-01 10:00:00+00:00, run_after=2026-06-01 10:00:00+00:00
[2026-04-13T23:22:09.649+0000] {processor.py:183} INFO - Processing /opt/airflow/dags/trade_fish_dag.py took 0.086 seconds
[2026-04-13T23:22:39.952+0000] {processor.py:161} INFO - Started process (PID=22681) to work on /opt/airflow/dags/trade_fish_dag.py
[2026-04-13T23:22:39.953+0000] {processor.py:830} INFO - Processing file /opt/airflow/dags/trade_fish_dag.py for tasks to queue
[2026-04-13T23:22:39.954+0000] {logging_mixin.py:188} INFO - [2026-04-13T23:22:39.954+0000] {dagbag.py:538} INFO - Filling up the DagBag from /opt/airflow/dags/trade_fish_dag.py
[2026-04-13T23:22:39.973+0000] {processor.py:840} INFO - DAG(s) 'fish_trade_pipeline' retrieved from /opt/airflow/dags/trade_fish_dag.py
[2026-04-13T23:22:39.997+0000] {logging_mixin.py:188} INFO - [2026-04-13T23:22:39.997+0000] {dag.py:3036} INFO - Sync 1 DAGs
[2026-04-13T23:22:40.012+0000] {logging_mixin.py:188} INFO - [2026-04-13T23:22:40.012+0000] {dag.py:3823} INFO - Setting next_dagrun for fish_trade_pipeline to 2026-05-01 10:00:00+00:00, run_after=2026-06-01 10:00:00+00:00
[2026-04-13T23:22:40.027+0000] {processor.py:183} INFO - Processing /opt/airflow/dags/trade_fish_dag.py took 0.077 seconds
[2026-04-13T23:23:10.272+0000] {processor.py:161} INFO - Started process (PID=22692) to work on /opt/airflow/dags/trade_fish_dag.py
[2026-04-13T23:23:10.273+0000] {processor.py:830} INFO - Processing file /opt/airflow/dags/trade_fish_dag.py for tasks to queue
[2026-04-13T23:23:10.274+0000] {logging_mixin.py:188} INFO - [2026-04-13T23:23:10.273+0000] {dagbag.py:538} INFO - Filling up the DagBag from /opt/airflow/dags/trade_fish_dag.py
[2026-04-13T23:23:10.293+0000] {processor.py:840} INFO - DAG(s) 'fish_trade_pipeline' retrieved from /opt/airflow/dags/trade_fish_dag.py
[2026-04-13T23:23:10.316+0000] {logging_mixin.py:188} INFO - [2026-04-13T23:23:10.316+0000] {dag.py:3036} INFO - Sync 1 DAGs
[2026-04-13T23:23:10.331+0000] {logging_mixin.py:188} INFO - [2026-04-13T23:23:10.331+0000] {dag.py:3823} INFO - Setting next_dagrun for fish_trade_pipeline to 2026-05-01 10:00:00+00:00, run_after=2026-06-01 10:00:00+00:00
[2026-04-13T23:23:10.348+0000] {processor.py:183} INFO - Processing /opt/airflow/dags/trade_fish_dag.py took 0.079 seconds
[2026-04-13T23:23:40.540+0000] {processor.py:161} INFO - Started process (PID=22703) to work on /opt/airflow/dags/trade_fish_dag.py
[2026-04-13T23:23:40.541+0000] {processor.py:830} INFO - Processing file /opt/airflow/dags/trade_fish_dag.py for tasks to queue
[2026-04-13T23:23:40.542+0000] {logging_mixin.py:188} INFO - [2026-04-13T23:23:40.542+0000] {dagbag.py:538} INFO - Filling up the DagBag from /opt/airflow/dags/trade_fish_dag.py
[2026-04-13T23:23:40.559+0000] {processor.py:840} INFO - DAG(s) 'fish_trade_pipeline' retrieved from /opt/airflow/dags/trade_fish_dag.py
[2026-04-13T23:23:40.586+0000] {logging_mixin.py:188} INFO - [2026-04-13T23:23:40.586+0000] {dag.py:3036} INFO - Sync 1 DAGs
[2026-04-13T23:23:40.602+0000] {logging_mixin.py:188} INFO - [2026-04-13T23:23:40.601+0000] {dag.py:3823} INFO - Setting next_dagrun for fish_trade_pipeline to 2026-05-01 10:00:00+00:00, run_after=2026-06-01 10:00:00+00:00
[2026-04-13T23:23:40.677+0000] {processor.py:183} INFO - Processing /opt/airflow/dags/trade_fish_dag.py took 0.140 seconds
[2026-04-13T23:24:10.998+0000] {processor.py:161} INFO - Started process (PID=22714) to work on /opt/airflow/dags/trade_fish_dag.py
[2026-04-13T23:24:10.999+0000] {processor.py:830} INFO - Processing file /opt/airflow/dags/trade_fish_dag.py for tasks to queue
[2026-04-13T23:24:11.000+0000] {logging_mixin.py:188} INFO - [2026-04-13T23:24:11.000+0000] {dagbag.py:538} INFO - Filling up the DagBag from /opt/airflow/dags/trade_fish_dag.py
[2026-04-13T23:24:11.031+0000] {processor.py:840} INFO - DAG(s) 'fish_trade_pipeline' retrieved from /opt/airflow/dags/trade_fish_dag.py
[2026-04-13T23:24:11.060+0000] {logging_mixin.py:188} INFO - [2026-04-13T23:24:11.060+0000] {dag.py:3036} INFO - Sync 1 DAGs
[2026-04-13T23:24:11.077+0000] {logging_mixin.py:188} INFO - [2026-04-13T23:24:11.077+0000] {dag.py:3823} INFO - Setting next_dagrun for fish_trade_pipeline to 2026-05-01 10:00:00+00:00, run_after=2026-06-01 10:00:00+00:00
[2026-04-13T23:24:11.095+0000] {processor.py:183} INFO - Processing /opt/airflow/dags/trade_fish_dag.py took 0.099 seconds
[2026-04-13T23:24:41.319+0000] {processor.py:161} INFO - Started process (PID=22725) to work on /opt/airflow/dags/trade_fish_dag.py
[2026-04-13T23:24:41.320+0000] {processor.py:830} INFO - Processing file /opt/airflow/dags/trade_fish_dag.py for tasks to queue
[2026-04-13T23:24:41.321+0000] {logging_mixin.py:188} INFO - [2026-04-13T23:24:41.321+0000] {dagbag.py:538} INFO - Filling up the DagBag from /opt/airflow/dags/trade_fish_dag.py
[2026-04-13T23:24:41.338+0000] {processor.py:840} INFO - DAG(s) 'fish_trade_pipeline' retrieved from /opt/airflow/dags/trade_fish_dag.py
[2026-04-13T23:24:41.364+0000] {logging_mixin.py:188} INFO - [2026-04-13T23:24:41.364+0000] {dag.py:3036} INFO - Sync 1 DAGs
[2026-04-13T23:24:41.378+0000] {logging_mixin.py:188} INFO - [2026-04-13T23:24:41.378+0000] {dag.py:3823} INFO - Setting next_dagrun for fish_trade_pipeline to 2026-05-01 10:00:00+00:00, run_after=2026-06-01 10:00:00+00:00
[2026-04-13T23:24:41.458+0000] {processor.py:183} INFO - Processing /opt/airflow/dags/trade_fish_dag.py took 0.142 seconds
[2026-04-13T23:25:11.660+0000] {processor.py:161} INFO - Started process (PID=22736) to work on /opt/airflow/dags/trade_fish_dag.py
[2026-04-13T23:25:11.661+0000] {processor.py:830} INFO - Processing file /opt/airflow/dags/trade_fish_dag.py for tasks to queue
[2026-04-13T23:25:11.662+0000] {logging_mixin.py:188} INFO - [2026-04-13T23:25:11.662+0000] {dagbag.py:538} INFO - Filling up the DagBag from /opt/airflow/dags/trade_fish_dag.py
[2026-04-13T23:25:11.680+0000] {processor.py:840} INFO - DAG(s) 'fish_trade_pipeline' retrieved from /opt/airflow/dags/trade_fish_dag.py
[2026-04-13T23:25:11.709+0000] {logging_mixin.py:188} INFO - [2026-04-13T23:25:11.709+0000] {dag.py:3036} INFO - Sync 1 DAGs
[2026-04-13T23:25:11.724+0000] {logging_mixin.py:188} INFO - [2026-04-13T23:25:11.724+0000] {dag.py:3823} INFO - Setting next_dagrun for fish_trade_pipeline to 2026-05-01 10:00:00+00:00, run_after=2026-06-01 10:00:00+00:00
[2026-04-13T23:25:11.758+0000] {processor.py:183} INFO - Processing /opt/airflow/dags/trade_fish_dag.py took 0.101 seconds
[2026-04-13T23:25:42.069+0000] {processor.py:161} INFO - Started process (PID=22747) to work on /opt/airflow/dags/trade_fish_dag.py
[2026-04-13T23:25:42.070+0000] {processor.py:830} INFO - Processing file /opt/airflow/dags/trade_fish_dag.py for tasks to queue
[2026-04-13T23:25:42.072+0000] {logging_mixin.py:188} INFO - [2026-04-13T23:25:42.071+0000] {dagbag.py:538} INFO - Filling up the DagBag from /opt/airflow/dags/trade_fish_dag.py
[2026-04-13T23:25:42.115+0000] {processor.py:840} INFO - DAG(s) 'fish_trade_pipeline' retrieved from /opt/airflow/dags/trade_fish_dag.py
[2026-04-13T23:25:42.146+0000] {logging_mixin.py:188} INFO - [2026-04-13T23:25:42.146+0000] {dag.py:3036} INFO - Sync 1 DAGs
[2026-04-13T23:25:42.161+0000] {logging_mixin.py:188} INFO - [2026-04-13T23:25:42.161+0000] {dag.py:3823} INFO - Setting next_dagrun for fish_trade_pipeline to 2026-05-01 10:00:00+00:00, run_after=2026-06-01 10:00:00+00:00
[2026-04-13T23:25:42.178+0000] {processor.py:183} INFO - Processing /opt/airflow/dags/trade_fish_dag.py took 0.113 seconds
[2026-04-13T23:26:12.377+0000] {processor.py:161} INFO - Started process (PID=22758) to work on /opt/airflow/dags/trade_fish_dag.py
[2026-04-13T23:26:12.378+0000] {processor.py:830} INFO - Processing file /opt/airflow/dags/trade_fish_dag.py for tasks to queue
[2026-04-13T23:26:12.379+0000] {logging_mixin.py:188} INFO - [2026-04-13T23:26:12.378+0000] {dagbag.py:538} INFO - Filling up the DagBag from /opt/airflow/dags/trade_fish_dag.py
[2026-04-13T23:26:12.397+0000] {processor.py:840} INFO - DAG(s) 'fish_trade_pipeline' retrieved from /opt/airflow/dags/trade_fish_dag.py
[2026-04-13T23:26:12.422+0000] {logging_mixin.py:188} INFO - [2026-04-13T23:26:12.422+0000] {dag.py:3036} INFO - Sync 1 DAGs
[2026-04-13T23:26:12.437+0000] {logging_mixin.py:188} INFO - [2026-04-13T23:26:12.437+0000] {dag.py:3823} INFO - Setting next_dagrun for fish_trade_pipeline to 2026-05-01 10:00:00+00:00, run_after=2026-06-01 10:00:00+00:00
[2026-04-13T23:26:12.513+0000] {processor.py:183} INFO - Processing /opt/airflow/dags/trade_fish_dag.py took 0.140 seconds
[2026-04-13T23:26:42.849+0000] {processor.py:161} INFO - Started process (PID=22769) to work on /opt/airflow/dags/trade_fish_dag.py
[2026-04-13T23:26:42.852+0000] {processor.py:830} INFO - Processing file /opt/airflow/dags/trade_fish_dag.py for tasks to queue
[2026-04-13T23:26:42.855+0000] {logging_mixin.py:188} INFO - [2026-04-13T23:26:42.854+0000] {dagbag.py:538} INFO - Filling up the DagBag from /opt/airflow/dags/trade_fish_dag.py
[2026-04-13T23:26:42.927+0000] {processor.py:840} INFO - DAG(s) 'fish_trade_pipeline' retrieved from /opt/airflow/dags/trade_fish_dag.py
[2026-04-13T23:26:42.975+0000] {logging_mixin.py:188} INFO - [2026-04-13T23:26:42.974+0000] {dag.py:3036} INFO - Sync 1 DAGs
[2026-04-13T23:26:42.990+0000] {logging_mixin.py:188} INFO - [2026-04-13T23:26:42.990+0000] {dag.py:3823} INFO - Setting next_dagrun for fish_trade_pipeline to 2026-05-01 10:00:00+00:00, run_after=2026-06-01 10:00:00+00:00
[2026-04-13T23:26:43.029+0000] {processor.py:183} INFO - Processing /opt/airflow/dags/trade_fish_dag.py took 0.187 seconds
[2026-04-13T23:27:13.309+0000] {processor.py:161} INFO - Started process (PID=22780) to work on /opt/airflow/dags/trade_fish_dag.py
[2026-04-13T23:27:13.314+0000] {processor.py:830} INFO - Processing file /opt/airflow/dags/trade_fish_dag.py for tasks to queue
[2026-04-13T23:27:13.316+0000] {logging_mixin.py:188} INFO - [2026-04-13T23:27:13.315+0000] {dagbag.py:538} INFO - Filling up the DagBag from /opt/airflow/dags/trade_fish_dag.py
[2026-04-13T23:27:13.352+0000] {processor.py:840} INFO - DAG(s) 'fish_trade_pipeline' retrieved from /opt/airflow/dags/trade_fish_dag.py
[2026-04-13T23:27:13.380+0000] {logging_mixin.py:188} INFO - [2026-04-13T23:27:13.380+0000] {dag.py:3036} INFO - Sync 1 DAGs
[2026-04-13T23:27:13.396+0000] {logging_mixin.py:188} INFO - [2026-04-13T23:27:13.396+0000] {dag.py:3823} INFO - Setting next_dagrun for fish_trade_pipeline to 2026-05-01 10:00:00+00:00, run_after=2026-06-01 10:00:00+00:00
[2026-04-13T23:27:13.412+0000] {processor.py:183} INFO - Processing /opt/airflow/dags/trade_fish_dag.py took 0.106 seconds
[2026-04-13T23:27:43.590+0000] {processor.py:161} INFO - Started process (PID=22791) to work on /opt/airflow/dags/trade_fish_dag.py
[2026-04-13T23:27:43.591+0000] {processor.py:830} INFO - Processing file /opt/airflow/dags/trade_fish_dag.py for tasks to queue
[2026-04-13T23:27:43.592+0000] {logging_mixin.py:188} INFO - [2026-04-13T23:27:43.592+0000] {dagbag.py:538} INFO - Filling up the DagBag from /opt/airflow/dags/trade_fish_dag.py
[2026-04-13T23:27:43.610+0000] {processor.py:840} INFO - DAG(s) 'fish_trade_pipeline' retrieved from /opt/airflow/dags/trade_fish_dag.py
[2026-04-13T23:27:43.638+0000] {logging_mixin.py:188} INFO - [2026-04-13T23:27:43.638+0000] {dag.py:3036} INFO - Sync 1 DAGs
[2026-04-13T23:27:43.653+0000] {logging_mixin.py:188} INFO - [2026-04-13T23:27:43.653+0000] {dag.py:3823} INFO - Setting next_dagrun for fish_trade_pipeline to 2026-05-01 10:00:00+00:00, run_after=2026-06-01 10:00:00+00:00
[2026-04-13T23:27:43.672+0000] {processor.py:183} INFO - Processing /opt/airflow/dags/trade_fish_dag.py took 0.085 seconds
[2026-04-13T23:28:14.070+0000] {processor.py:161} INFO - Started process (PID=22802) to work on /opt/airflow/dags/trade_fish_dag.py
[2026-04-13T23:28:14.072+0000] {processor.py:830} INFO - Processing file /opt/airflow/dags/trade_fish_dag.py for tasks to queue
[2026-04-13T23:28:14.075+0000] {logging_mixin.py:188} INFO - [2026-04-13T23:28:14.074+0000] {dagbag.py:538} INFO - Filling up the DagBag from /opt/airflow/dags/trade_fish_dag.py
[2026-04-13T23:28:14.110+0000] {processor.py:840} INFO - DAG(s) 'fish_trade_pipeline' retrieved from /opt/airflow/dags/trade_fish_dag.py
[2026-04-13T23:28:14.147+0000] {logging_mixin.py:188} INFO - [2026-04-13T23:28:14.147+0000] {dag.py:3036} INFO - Sync 1 DAGs
[2026-04-13T23:28:14.168+0000] {logging_mixin.py:188} INFO - [2026-04-13T23:28:14.168+0000] {dag.py:3823} INFO - Setting next_dagrun for fish_trade_pipeline to 2026-05-01 10:00:00+00:00, run_after=2026-06-01 10:00:00+00:00
[2026-04-13T23:28:14.183+0000] {processor.py:183} INFO - Processing /opt/airflow/dags/trade_fish_dag.py took 0.118 seconds
[2026-04-13T23:28:44.357+0000] {processor.py:161} INFO - Started process (PID=22813) to work on /opt/airflow/dags/trade_fish_dag.py
[2026-04-13T23:28:44.358+0000] {processor.py:830} INFO - Processing file /opt/airflow/dags/trade_fish_dag.py for tasks to queue
[2026-04-13T23:28:44.359+0000] {logging_mixin.py:188} INFO - [2026-04-13T23:28:44.358+0000] {dagbag.py:538} INFO - Filling up the DagBag from /opt/airflow/dags/trade_fish_dag.py
[2026-04-13T23:28:44.375+0000] {processor.py:840} INFO - DAG(s) 'fish_trade_pipeline' retrieved from /opt/airflow/dags/trade_fish_dag.py
[2026-04-13T23:28:44.401+0000] {logging_mixin.py:188} INFO - [2026-04-13T23:28:44.401+0000] {dag.py:3036} INFO - Sync 1 DAGs
[2026-04-13T23:28:44.417+0000] {logging_mixin.py:188} INFO - [2026-04-13T23:28:44.416+0000] {dag.py:3823} INFO - Setting next_dagrun for fish_trade_pipeline to 2026-05-01 10:00:00+00:00, run_after=2026-06-01 10:00:00+00:00
[2026-04-13T23:28:44.432+0000] {processor.py:183} INFO - Processing /opt/airflow/dags/trade_fish_dag.py took 0.078 seconds
[2026-04-13T23:29:14.789+0000] {processor.py:161} INFO - Started process (PID=22824) to work on /opt/airflow/dags/trade_fish_dag.py
[2026-04-13T23:29:14.791+0000] {processor.py:830} INFO - Processing file /opt/airflow/dags/trade_fish_dag.py for tasks to queue
[2026-04-13T23:29:14.792+0000] {logging_mixin.py:188} INFO - [2026-04-13T23:29:14.791+0000] {dagbag.py:538} INFO - Filling up the DagBag from /opt/airflow/dags/trade_fish_dag.py
[2026-04-13T23:29:14.811+0000] {processor.py:840} INFO - DAG(s) 'fish_trade_pipeline' retrieved from /opt/airflow/dags/trade_fish_dag.py
[2026-04-13T23:29:14.834+0000] {logging_mixin.py:188} INFO - [2026-04-13T23:29:14.833+0000] {dag.py:3036} INFO - Sync 1 DAGs
[2026-04-13T23:29:14.848+0000] {logging_mixin.py:188} INFO - [2026-04-13T23:29:14.847+0000] {dag.py:3823} INFO - Setting next_dagrun for fish_trade_pipeline to 2026-05-01 10:00:00+00:00, run_after=2026-06-01 10:00:00+00:00
[2026-04-13T23:29:14.862+0000] {processor.py:183} INFO - Processing /opt/airflow/dags/trade_fish_dag.py took 0.075 seconds
[2026-04-13T23:29:45.086+0000] {processor.py:161} INFO - Started process (PID=22835) to work on /opt/airflow/dags/trade_fish_dag.py
[2026-04-13T23:29:45.087+0000] {processor.py:830} INFO - Processing file /opt/airflow/dags/trade_fish_dag.py for tasks to queue
[2026-04-13T23:29:45.089+0000] {logging_mixin.py:188} INFO - [2026-04-13T23:29:45.088+0000] {dagbag.py:538} INFO - Filling up the DagBag from /opt/airflow/dags/trade_fish_dag.py
[2026-04-13T23:29:45.138+0000] {processor.py:840} INFO - DAG(s) 'fish_trade_pipeline' retrieved from /opt/airflow/dags/trade_fish_dag.py
[2026-04-13T23:29:45.164+0000] {logging_mixin.py:188} INFO - [2026-04-13T23:29:45.164+0000] {dag.py:3036} INFO - Sync 1 DAGs
[2026-04-13T23:29:45.182+0000] {logging_mixin.py:188} INFO - [2026-04-13T23:29:45.181+0000] {dag.py:3823} INFO - Setting next_dagrun for fish_trade_pipeline to 2026-05-01 10:00:00+00:00, run_after=2026-06-01 10:00:00+00:00
[2026-04-13T23:29:45.202+0000] {processor.py:183} INFO - Processing /opt/airflow/dags/trade_fish_dag.py took 0.120 seconds
[2026-04-13T23:30:15.393+0000] {processor.py:161} INFO - Started process (PID=22846) to work on /opt/airflow/dags/trade_fish_dag.py
[2026-04-13T23:30:15.394+0000] {processor.py:830} INFO - Processing file /opt/airflow/dags/trade_fish_dag.py for tasks to queue
[2026-04-13T23:30:15.395+0000] {logging_mixin.py:188} INFO - [2026-04-13T23:30:15.395+0000] {dagbag.py:538} INFO - Filling up the DagBag from /opt/airflow/dags/trade_fish_dag.py
[2026-04-13T23:30:15.413+0000] {processor.py:840} INFO - DAG(s) 'fish_trade_pipeline' retrieved from /opt/airflow/dags/trade_fish_dag.py
[2026-04-13T23:30:15.440+0000] {logging_mixin.py:188} INFO - [2026-04-13T23:30:15.440+0000] {dag.py:3036} INFO - Sync 1 DAGs
[2026-04-13T23:30:15.456+0000] {logging_mixin.py:188} INFO - [2026-04-13T23:30:15.456+0000] {dag.py:3823} INFO - Setting next_dagrun for fish_trade_pipeline to 2026-05-01 10:00:00+00:00, run_after=2026-06-01 10:00:00+00:00
[2026-04-13T23:30:15.475+0000] {processor.py:183} INFO - Processing /opt/airflow/dags/trade_fish_dag.py took 0.085 seconds
[2026-04-13T23:30:45.653+0000] {processor.py:161} INFO - Started process (PID=22857) to work on /opt/airflow/dags/trade_fish_dag.py
[2026-04-13T23:30:45.654+0000] {processor.py:830} INFO - Processing file /opt/airflow/dags/trade_fish_dag.py for tasks to queue
[2026-04-13T23:30:45.655+0000] {logging_mixin.py:188} INFO - [2026-04-13T23:30:45.655+0000] {dagbag.py:538} INFO - Filling up the DagBag from /opt/airflow/dags/trade_fish_dag.py
[2026-04-13T23:30:45.678+0000] {processor.py:840} INFO - DAG(s) 'fish_trade_pipeline' retrieved from /opt/airflow/dags/trade_fish_dag.py
[2026-04-13T23:30:45.705+0000] {logging_mixin.py:188} INFO - [2026-04-13T23:30:45.705+0000] {dag.py:3036} INFO - Sync 1 DAGs
[2026-04-13T23:30:45.722+0000] {logging_mixin.py:188} INFO - [2026-04-13T23:30:45.722+0000] {dag.py:3823} INFO - Setting next_dagrun for fish_trade_pipeline to 2026-05-01 10:00:00+00:00, run_after=2026-06-01 10:00:00+00:00
[2026-04-13T23:30:45.738+0000] {processor.py:183} INFO - Processing /opt/airflow/dags/trade_fish_dag.py took 0.089 seconds
[2026-04-13T23:31:16.013+0000] {processor.py:161} INFO - Started process (PID=22868) to work on /opt/airflow/dags/trade_fish_dag.py
[2026-04-13T23:31:16.014+0000] {processor.py:830} INFO - Processing file /opt/airflow/dags/trade_fish_dag.py for tasks to queue
[2026-04-13T23:31:16.015+0000] {logging_mixin.py:188} INFO - [2026-04-13T23:31:16.014+0000] {dagbag.py:538} INFO - Filling up the DagBag from /opt/airflow/dags/trade_fish_dag.py
[2026-04-13T23:31:16.035+0000] {processor.py:840} INFO - DAG(s) 'fish_trade_pipeline' retrieved from /opt/airflow/dags/trade_fish_dag.py
[2026-04-13T23:31:16.068+0000] {logging_mixin.py:188} INFO - [2026-04-13T23:31:16.068+0000] {dag.py:3036} INFO - Sync 1 DAGs
[2026-04-13T23:31:16.087+0000] {logging_mixin.py:188} INFO - [2026-04-13T23:31:16.087+0000] {dag.py:3823} INFO - Setting next_dagrun for fish_trade_pipeline to 2026-05-01 10:00:00+00:00, run_after=2026-06-01 10:00:00+00:00
[2026-04-13T23:31:16.104+0000] {processor.py:183} INFO - Processing /opt/airflow/dags/trade_fish_dag.py took 0.094 seconds
[2026-04-13T23:31:46.329+0000] {processor.py:161} INFO - Started process (PID=22879) to work on /opt/airflow/dags/trade_fish_dag.py
[2026-04-13T23:31:46.330+0000] {processor.py:830} INFO - Processing file /opt/airflow/dags/trade_fish_dag.py for tasks to queue
[2026-04-13T23:31:46.331+0000] {logging_mixin.py:188} INFO - [2026-04-13T23:31:46.331+0000] {dagbag.py:538} INFO - Filling up the DagBag from /opt/airflow/dags/trade_fish_dag.py
[2026-04-13T23:31:46.354+0000] {processor.py:840} INFO - DAG(s) 'fish_trade_pipeline' retrieved from /opt/airflow/dags/trade_fish_dag.py
[2026-04-13T23:31:46.386+0000] {logging_mixin.py:188} INFO - [2026-04-13T23:31:46.386+0000] {dag.py:3036} INFO - Sync 1 DAGs
[2026-04-13T23:31:46.403+0000] {logging_mixin.py:188} INFO - [2026-04-13T23:31:46.403+0000] {dag.py:3823} INFO - Setting next_dagrun for fish_trade_pipeline to 2026-05-01 10:00:00+00:00, run_after=2026-06-01 10:00:00+00:00
[2026-04-13T23:31:46.421+0000] {processor.py:183} INFO - Processing /opt/airflow/dags/trade_fish_dag.py took 0.095 seconds
[2026-04-13T23:32:16.640+0000] {processor.py:161} INFO - Started process (PID=22890) to work on /opt/airflow/dags/trade_fish_dag.py
[2026-04-13T23:32:16.641+0000] {processor.py:830} INFO - Processing file /opt/airflow/dags/trade_fish_dag.py for tasks to queue
[2026-04-13T23:32:16.642+0000] {logging_mixin.py:188} INFO - [2026-04-13T23:32:16.642+0000] {dagbag.py:538} INFO - Filling up the DagBag from /opt/airflow/dags/trade_fish_dag.py
[2026-04-13T23:32:16.660+0000] {processor.py:840} INFO - DAG(s) 'fish_trade_pipeline' retrieved from /opt/airflow/dags/trade_fish_dag.py
[2026-04-13T23:32:16.686+0000] {logging_mixin.py:188} INFO - [2026-04-13T23:32:16.686+0000] {dag.py:3036} INFO - Sync 1 DAGs
[2026-04-13T23:32:16.701+0000] {logging_mixin.py:188} INFO - [2026-04-13T23:32:16.701+0000] {dag.py:3823} INFO - Setting next_dagrun for fish_trade_pipeline to 2026-05-01 10:00:00+00:00, run_after=2026-06-01 10:00:00+00:00
[2026-04-13T23:32:16.717+0000] {processor.py:183} INFO - Processing /opt/airflow/dags/trade_fish_dag.py took 0.079 seconds
[2026-04-13T23:32:47.022+0000] {processor.py:161} INFO - Started process (PID=22901) to work on /opt/airflow/dags/trade_fish_dag.py
[2026-04-13T23:32:47.023+0000] {processor.py:830} INFO - Processing file /opt/airflow/dags/trade_fish_dag.py for tasks to queue
[2026-04-13T23:32:47.024+0000] {logging_mixin.py:188} INFO - [2026-04-13T23:32:47.023+0000] {dagbag.py:538} INFO - Filling up the DagBag from /opt/airflow/dags/trade_fish_dag.py
[2026-04-13T23:32:47.046+0000] {processor.py:840} INFO - DAG(s) 'fish_trade_pipeline' retrieved from /opt/airflow/dags/trade_fish_dag.py
[2026-04-13T23:32:47.074+0000] {logging_mixin.py:188} INFO - [2026-04-13T23:32:47.074+0000] {dag.py:3036} INFO - Sync 1 DAGs
[2026-04-13T23:32:47.091+0000] {logging_mixin.py:188} INFO - [2026-04-13T23:32:47.091+0000] {dag.py:3823} INFO - Setting next_dagrun for fish_trade_pipeline to 2026-05-01 10:00:00+00:00, run_after=2026-06-01 10:00:00+00:00
[2026-04-13T23:32:47.109+0000] {processor.py:183} INFO - Processing /opt/airflow/dags/trade_fish_dag.py took 0.090 seconds
[2026-04-13T23:33:17.395+0000] {processor.py:161} INFO - Started process (PID=22912) to work on /opt/airflow/dags/trade_fish_dag.py
[2026-04-13T23:33:17.396+0000] {processor.py:830} INFO - Processing file /opt/airflow/dags/trade_fish_dag.py for tasks to queue
[2026-04-13T23:33:17.397+0000] {logging_mixin.py:188} INFO - [2026-04-13T23:33:17.396+0000] {dagbag.py:538} INFO - Filling up the DagBag from /opt/airflow/dags/trade_fish_dag.py
[2026-04-13T23:33:17.415+0000] {processor.py:840} INFO - DAG(s) 'fish_trade_pipeline' retrieved from /opt/airflow/dags/trade_fish_dag.py
[2026-04-13T23:33:17.441+0000] {logging_mixin.py:188} INFO - [2026-04-13T23:33:17.441+0000] {dag.py:3036} INFO - Sync 1 DAGs
[2026-04-13T23:33:17.457+0000] {logging_mixin.py:188} INFO - [2026-04-13T23:33:17.457+0000] {dag.py:3823} INFO - Setting next_dagrun for fish_trade_pipeline to 2026-05-01 10:00:00+00:00, run_after=2026-06-01 10:00:00+00:00
[2026-04-13T23:33:17.474+0000] {processor.py:183} INFO - Processing /opt/airflow/dags/trade_fish_dag.py took 0.083 seconds
[2026-04-13T23:33:47.754+0000] {processor.py:161} INFO - Started process (PID=22923) to work on /opt/airflow/dags/trade_fish_dag.py
[2026-04-13T23:33:47.755+0000] {processor.py:830} INFO - Processing file /opt/airflow/dags/trade_fish_dag.py for tasks to queue
[2026-04-13T23:33:47.757+0000] {logging_mixin.py:188} INFO - [2026-04-13T23:33:47.756+0000] {dagbag.py:538} INFO - Filling up the DagBag from /opt/airflow/dags/trade_fish_dag.py
[2026-04-13T23:33:47.775+0000] {processor.py:840} INFO - DAG(s) 'fish_trade_pipeline' retrieved from /opt/airflow/dags/trade_fish_dag.py
[2026-04-13T23:33:47.803+0000] {logging_mixin.py:188} INFO - [2026-04-13T23:33:47.803+0000] {dag.py:3036} INFO - Sync 1 DAGs
[2026-04-13T23:33:47.822+0000] {logging_mixin.py:188} INFO - [2026-04-13T23:33:47.822+0000] {dag.py:3823} INFO - Setting next_dagrun for fish_trade_pipeline to 2026-05-01 10:00:00+00:00, run_after=2026-06-01 10:00:00+00:00
[2026-04-13T23:33:47.838+0000] {processor.py:183} INFO - Processing /opt/airflow/dags/trade_fish_dag.py took 0.087 seconds
[2026-04-13T23:34:18.071+0000] {processor.py:161} INFO - Started process (PID=22934) to work on /opt/airflow/dags/trade_fish_dag.py
[2026-04-13T23:34:18.072+0000] {processor.py:830} INFO - Processing file /opt/airflow/dags/trade_fish_dag.py for tasks to queue
[2026-04-13T23:34:18.074+0000] {logging_mixin.py:188} INFO - [2026-04-13T23:34:18.074+0000] {dagbag.py:538} INFO - Filling up the DagBag from /opt/airflow/dags/trade_fish_dag.py
[2026-04-13T23:34:18.100+0000] {processor.py:840} INFO - DAG(s) 'fish_trade_pipeline' retrieved from /opt/airflow/dags/trade_fish_dag.py
[2026-04-13T23:34:18.130+0000] {logging_mixin.py:188} INFO - [2026-04-13T23:34:18.130+0000] {dag.py:3036} INFO - Sync 1 DAGs
[2026-04-13T23:34:18.147+0000] {logging_mixin.py:188} INFO - [2026-04-13T23:34:18.147+0000] {dag.py:3823} INFO - Setting next_dagrun for fish_trade_pipeline to 2026-05-01 10:00:00+00:00, run_after=2026-06-01 10:00:00+00:00
[2026-04-13T23:34:18.169+0000] {processor.py:183} INFO - Processing /opt/airflow/dags/trade_fish_dag.py took 0.101 seconds
[2026-04-13T23:34:48.466+0000] {processor.py:161} INFO - Started process (PID=22945) to work on /opt/airflow/dags/trade_fish_dag.py
[2026-04-13T23:34:48.469+0000] {processor.py:830} INFO - Processing file /opt/airflow/dags/trade_fish_dag.py for tasks to queue
[2026-04-13T23:34:48.471+0000] {logging_mixin.py:188} INFO - [2026-04-13T23:34:48.470+0000] {dagbag.py:538} INFO - Filling up the DagBag from /opt/airflow/dags/trade_fish_dag.py
[2026-04-13T23:34:48.524+0000] {processor.py:840} INFO - DAG(s) 'fish_trade_pipeline' retrieved from /opt/airflow/dags/trade_fish_dag.py
[2026-04-13T23:34:48.569+0000] {logging_mixin.py:188} INFO - [2026-04-13T23:34:48.569+0000] {dag.py:3036} INFO - Sync 1 DAGs
[2026-04-13T23:34:48.588+0000] {logging_mixin.py:188} INFO - [2026-04-13T23:34:48.588+0000] {dag.py:3823} INFO - Setting next_dagrun for fish_trade_pipeline to 2026-05-01 10:00:00+00:00, run_after=2026-06-01 10:00:00+00:00
[2026-04-13T23:34:48.605+0000] {processor.py:183} INFO - Processing /opt/airflow/dags/trade_fish_dag.py took 0.144 seconds
[2026-04-13T23:35:18.701+0000] {processor.py:161} INFO - Started process (PID=22956) to work on /opt/airflow/dags/trade_fish_dag.py
[2026-04-13T23:35:18.702+0000] {processor.py:830} INFO - Processing file /opt/airflow/dags/trade_fish_dag.py for tasks to queue
[2026-04-13T23:35:18.702+0000] {logging_mixin.py:188} INFO - [2026-04-13T23:35:18.702+0000] {dagbag.py:538} INFO - Filling up the DagBag from /opt/airflow/dags/trade_fish_dag.py
[2026-04-13T23:35:18.720+0000] {processor.py:840} INFO - DAG(s) 'fish_trade_pipeline' retrieved from /opt/airflow/dags/trade_fish_dag.py
[2026-04-13T23:35:18.746+0000] {logging_mixin.py:188} INFO - [2026-04-13T23:35:18.745+0000] {dag.py:3036} INFO - Sync 1 DAGs
[2026-04-13T23:35:18.761+0000] {logging_mixin.py:188} INFO - [2026-04-13T23:35:18.761+0000] {dag.py:3823} INFO - Setting next_dagrun for fish_trade_pipeline to 2026-05-01 10:00:00+00:00, run_after=2026-06-01 10:00:00+00:00
[2026-04-13T23:35:18.776+0000] {processor.py:183} INFO - Processing /opt/airflow/dags/trade_fish_dag.py took 0.079 seconds
[2026-04-13T23:35:48.988+0000] {processor.py:161} INFO - Started process (PID=22967) to work on /opt/airflow/dags/trade_fish_dag.py
[2026-04-13T23:35:48.990+0000] {processor.py:830} INFO - Processing file /opt/airflow/dags/trade_fish_dag.py for tasks to queue
[2026-04-13T23:35:48.990+0000] {logging_mixin.py:188} INFO - [2026-04-13T23:35:48.990+0000] {dagbag.py:538} INFO - Filling up the DagBag from /opt/airflow/dags/trade_fish_dag.py
[2026-04-13T23:35:49.061+0000] {processor.py:840} INFO - DAG(s) 'fish_trade_pipeline' retrieved from /opt/airflow/dags/trade_fish_dag.py
[2026-04-13T23:35:49.094+0000] {logging_mixin.py:188} INFO - [2026-04-13T23:35:49.094+0000] {dag.py:3036} INFO - Sync 1 DAGs
[2026-04-13T23:35:49.110+0000] {logging_mixin.py:188} INFO - [2026-04-13T23:35:49.110+0000] {dag.py:3823} INFO - Setting next_dagrun for fish_trade_pipeline to 2026-05-01 10:00:00+00:00, run_after=2026-06-01 10:00:00+00:00
[2026-04-13T23:35:49.128+0000] {processor.py:183} INFO - Processing /opt/airflow/dags/trade_fish_dag.py took 0.143 seconds
[2026-04-13T23:36:19.530+0000] {processor.py:161} INFO - Started process (PID=22978) to work on /opt/airflow/dags/trade_fish_dag.py
[2026-04-13T23:36:19.533+0000] {processor.py:830} INFO - Processing file /opt/airflow/dags/trade_fish_dag.py for tasks to queue
[2026-04-13T23:36:19.539+0000] {logging_mixin.py:188} INFO - [2026-04-13T23:36:19.538+0000] {dagbag.py:538} INFO - Filling up the DagBag from /opt/airflow/dags/trade_fish_dag.py
[2026-04-13T23:36:19.611+0000] {processor.py:840} INFO - DAG(s) 'fish_trade_pipeline' retrieved from /opt/airflow/dags/trade_fish_dag.py
[2026-04-13T23:36:19.647+0000] {logging_mixin.py:188} INFO - [2026-04-13T23:36:19.647+0000] {dag.py:3036} INFO - Sync 1 DAGs
[2026-04-13T23:36:19.665+0000] {logging_mixin.py:188} INFO - [2026-04-13T23:36:19.665+0000] {dag.py:3823} INFO - Setting next_dagrun for fish_trade_pipeline to 2026-05-01 10:00:00+00:00, run_after=2026-06-01 10:00:00+00:00
[2026-04-13T23:36:19.686+0000] {processor.py:183} INFO - Processing /opt/airflow/dags/trade_fish_dag.py took 0.163 seconds
[2026-04-13T23:36:49.965+0000] {processor.py:161} INFO - Started process (PID=22989) to work on /opt/airflow/dags/trade_fish_dag.py
[2026-04-13T23:36:49.966+0000] {processor.py:830} INFO - Processing file /opt/airflow/dags/trade_fish_dag.py for tasks to queue
[2026-04-13T23:36:49.967+0000] {logging_mixin.py:188} INFO - [2026-04-13T23:36:49.967+0000] {dagbag.py:538} INFO - Filling up the DagBag from /opt/airflow/dags/trade_fish_dag.py
[2026-04-13T23:36:50.017+0000] {processor.py:840} INFO - DAG(s) 'fish_trade_pipeline' retrieved from /opt/airflow/dags/trade_fish_dag.py
[2026-04-13T23:36:50.049+0000] {logging_mixin.py:188} INFO - [2026-04-13T23:36:50.049+0000] {dag.py:3036} INFO - Sync 1 DAGs
[2026-04-13T23:36:50.065+0000] {logging_mixin.py:188} INFO - [2026-04-13T23:36:50.065+0000] {dag.py:3823} INFO - Setting next_dagrun for fish_trade_pipeline to 2026-05-01 10:00:00+00:00, run_after=2026-06-01 10:00:00+00:00
[2026-04-13T23:36:50.083+0000] {processor.py:183} INFO - Processing /opt/airflow/dags/trade_fish_dag.py took 0.121 seconds
[2026-04-13T23:37:20.287+0000] {processor.py:161} INFO - Started process (PID=23000) to work on /opt/airflow/dags/trade_fish_dag.py
[2026-04-13T23:37:20.288+0000] {processor.py:830} INFO - Processing file /opt/airflow/dags/trade_fish_dag.py for tasks to queue
[2026-04-13T23:37:20.289+0000] {logging_mixin.py:188} INFO - [2026-04-13T23:37:20.289+0000] {dagbag.py:538} INFO - Filling up the DagBag from /opt/airflow/dags/trade_fish_dag.py
[2026-04-13T23:37:20.309+0000] {processor.py:840} INFO - DAG(s) 'fish_trade_pipeline' retrieved from /opt/airflow/dags/trade_fish_dag.py
[2026-04-13T23:37:20.337+0000] {logging_mixin.py:188} INFO - [2026-04-13T23:37:20.337+0000] {dag.py:3036} INFO - Sync 1 DAGs
[2026-04-13T23:37:20.352+0000] {logging_mixin.py:188} INFO - [2026-04-13T23:37:20.351+0000] {dag.py:3823} INFO - Setting next_dagrun for fish_trade_pipeline to 2026-05-01 10:00:00+00:00, run_after=2026-06-01 10:00:00+00:00
[2026-04-13T23:37:20.369+0000] {processor.py:183} INFO - Processing /opt/airflow/dags/trade_fish_dag.py took 0.085 seconds
[2026-04-13T23:37:50.734+0000] {processor.py:161} INFO - Started process (PID=23011) to work on /opt/airflow/dags/trade_fish_dag.py
[2026-04-13T23:37:50.735+0000] {processor.py:830} INFO - Processing file /opt/airflow/dags/trade_fish_dag.py for tasks to queue
[2026-04-13T23:37:50.736+0000] {logging_mixin.py:188} INFO - [2026-04-13T23:37:50.735+0000] {dagbag.py:538} INFO - Filling up the DagBag from /opt/airflow/dags/trade_fish_dag.py
[2026-04-13T23:37:50.753+0000] {processor.py:840} INFO - DAG(s) 'fish_trade_pipeline' retrieved from /opt/airflow/dags/trade_fish_dag.py
[2026-04-13T23:37:50.780+0000] {logging_mixin.py:188} INFO - [2026-04-13T23:37:50.779+0000] {dag.py:3036} INFO - Sync 1 DAGs
[2026-04-13T23:37:50.795+0000] {logging_mixin.py:188} INFO - [2026-04-13T23:37:50.795+0000] {dag.py:3823} INFO - Setting next_dagrun for fish_trade_pipeline to 2026-05-01 10:00:00+00:00, run_after=2026-06-01 10:00:00+00:00
[2026-04-13T23:37:50.834+0000] {processor.py:183} INFO - Processing /opt/airflow/dags/trade_fish_dag.py took 0.103 seconds
[2026-04-13T23:38:21.007+0000] {processor.py:161} INFO - Started process (PID=23022) to work on /opt/airflow/dags/trade_fish_dag.py
[2026-04-13T23:38:21.009+0000] {processor.py:830} INFO - Processing file /opt/airflow/dags/trade_fish_dag.py for tasks to queue
[2026-04-13T23:38:21.011+0000] {logging_mixin.py:188} INFO - [2026-04-13T23:38:21.011+0000] {dagbag.py:538} INFO - Filling up the DagBag from /opt/airflow/dags/trade_fish_dag.py
[2026-04-13T23:38:21.042+0000] {processor.py:840} INFO - DAG(s) 'fish_trade_pipeline' retrieved from /opt/airflow/dags/trade_fish_dag.py
[2026-04-13T23:38:21.072+0000] {logging_mixin.py:188} INFO - [2026-04-13T23:38:21.072+0000] {dag.py:3036} INFO - Sync 1 DAGs
[2026-04-13T23:38:21.088+0000] {logging_mixin.py:188} INFO - [2026-04-13T23:38:21.088+0000] {dag.py:3823} INFO - Setting next_dagrun for fish_trade_pipeline to 2026-05-01 10:00:00+00:00, run_after=2026-06-01 10:00:00+00:00
[2026-04-13T23:38:21.104+0000] {processor.py:183} INFO - Processing /opt/airflow/dags/trade_fish_dag.py took 0.103 seconds
[2026-04-13T23:38:51.296+0000] {processor.py:161} INFO - Started process (PID=23033) to work on /opt/airflow/dags/trade_fish_dag.py
[2026-04-13T23:38:51.297+0000] {processor.py:830} INFO - Processing file /opt/airflow/dags/trade_fish_dag.py for tasks to queue
[2026-04-13T23:38:51.298+0000] {logging_mixin.py:188} INFO - [2026-04-13T23:38:51.297+0000] {dagbag.py:538} INFO - Filling up the DagBag from /opt/airflow/dags/trade_fish_dag.py
[2026-04-13T23:38:51.312+0000] {processor.py:840} INFO - DAG(s) 'fish_trade_pipeline' retrieved from /opt/airflow/dags/trade_fish_dag.py
[2026-04-13T23:38:51.337+0000] {logging_mixin.py:188} INFO - [2026-04-13T23:38:51.337+0000] {dag.py:3036} INFO - Sync 1 DAGs
[2026-04-13T23:38:51.353+0000] {logging_mixin.py:188} INFO - [2026-04-13T23:38:51.352+0000] {dag.py:3823} INFO - Setting next_dagrun for fish_trade_pipeline to 2026-05-01 10:00:00+00:00, run_after=2026-06-01 10:00:00+00:00
[2026-04-13T23:38:51.369+0000] {processor.py:183} INFO - Processing /opt/airflow/dags/trade_fish_dag.py took 0.076 seconds
[2026-04-13T23:39:21.705+0000] {processor.py:161} INFO - Started process (PID=23044) to work on /opt/airflow/dags/trade_fish_dag.py
[2026-04-13T23:39:21.707+0000] {processor.py:830} INFO - Processing file /opt/airflow/dags/trade_fish_dag.py for tasks to queue
[2026-04-13T23:39:21.708+0000] {logging_mixin.py:188} INFO - [2026-04-13T23:39:21.707+0000] {dagbag.py:538} INFO - Filling up the DagBag from /opt/airflow/dags/trade_fish_dag.py
[2026-04-13T23:39:21.728+0000] {processor.py:840} INFO - DAG(s) 'fish_trade_pipeline' retrieved from /opt/airflow/dags/trade_fish_dag.py
[2026-04-13T23:39:21.762+0000] {logging_mixin.py:188} INFO - [2026-04-13T23:39:21.762+0000] {dag.py:3036} INFO - Sync 1 DAGs
[2026-04-13T23:39:21.779+0000] {logging_mixin.py:188} INFO - [2026-04-13T23:39:21.779+0000] {dag.py:3823} INFO - Setting next_dagrun for fish_trade_pipeline to 2026-05-01 10:00:00+00:00, run_after=2026-06-01 10:00:00+00:00
[2026-04-13T23:39:21.796+0000] {processor.py:183} INFO - Processing /opt/airflow/dags/trade_fish_dag.py took 0.094 seconds
[2026-04-13T23:39:52.015+0000] {processor.py:161} INFO - Started process (PID=23055) to work on /opt/airflow/dags/trade_fish_dag.py
[2026-04-13T23:39:52.016+0000] {processor.py:830} INFO - Processing file /opt/airflow/dags/trade_fish_dag.py for tasks to queue
[2026-04-13T23:39:52.017+0000] {logging_mixin.py:188} INFO - [2026-04-13T23:39:52.017+0000] {dagbag.py:538} INFO - Filling up the DagBag from /opt/airflow/dags/trade_fish_dag.py
[2026-04-13T23:39:52.043+0000] {processor.py:840} INFO - DAG(s) 'fish_trade_pipeline' retrieved from /opt/airflow/dags/trade_fish_dag.py
[2026-04-13T23:39:52.080+0000] {logging_mixin.py:188} INFO - [2026-04-13T23:39:52.080+0000] {dag.py:3036} INFO - Sync 1 DAGs
[2026-04-13T23:39:52.095+0000] {logging_mixin.py:188} INFO - [2026-04-13T23:39:52.095+0000] {dag.py:3823} INFO - Setting next_dagrun for fish_trade_pipeline to 2026-05-01 10:00:00+00:00, run_after=2026-06-01 10:00:00+00:00
[2026-04-13T23:39:52.116+0000] {processor.py:183} INFO - Processing /opt/airflow/dags/trade_fish_dag.py took 0.104 seconds
[2026-04-13T23:40:22.318+0000] {processor.py:161} INFO - Started process (PID=23066) to work on /opt/airflow/dags/trade_fish_dag.py
[2026-04-13T23:40:22.319+0000] {processor.py:830} INFO - Processing file /opt/airflow/dags/trade_fish_dag.py for tasks to queue
[2026-04-13T23:40:22.320+0000] {logging_mixin.py:188} INFO - [2026-04-13T23:40:22.320+0000] {dagbag.py:538} INFO - Filling up the DagBag from /opt/airflow/dags/trade_fish_dag.py
[2026-04-13T23:40:22.335+0000] {processor.py:840} INFO - DAG(s) 'fish_trade_pipeline' retrieved from /opt/airflow/dags/trade_fish_dag.py
[2026-04-13T23:40:22.374+0000] {logging_mixin.py:188} INFO - [2026-04-13T23:40:22.374+0000] {dag.py:3036} INFO - Sync 1 DAGs
[2026-04-13T23:40:22.390+0000] {logging_mixin.py:188} INFO - [2026-04-13T23:40:22.390+0000] {dag.py:3823} INFO - Setting next_dagrun for fish_trade_pipeline to 2026-05-01 10:00:00+00:00, run_after=2026-06-01 10:00:00+00:00
[2026-04-13T23:40:22.407+0000] {processor.py:183} INFO - Processing /opt/airflow/dags/trade_fish_dag.py took 0.091 seconds
[2026-04-13T23:40:52.663+0000] {processor.py:161} INFO - Started process (PID=23078) to work on /opt/airflow/dags/trade_fish_dag.py
[2026-04-13T23:40:52.664+0000] {processor.py:830} INFO - Processing file /opt/airflow/dags/trade_fish_dag.py for tasks to queue
[2026-04-13T23:40:52.665+0000] {logging_mixin.py:188} INFO - [2026-04-13T23:40:52.665+0000] {dagbag.py:538} INFO - Filling up the DagBag from /opt/airflow/dags/trade_fish_dag.py
[2026-04-13T23:40:52.685+0000] {processor.py:840} INFO - DAG(s) 'fish_trade_pipeline' retrieved from /opt/airflow/dags/trade_fish_dag.py
[2026-04-13T23:40:52.713+0000] {logging_mixin.py:188} INFO - [2026-04-13T23:40:52.713+0000] {dag.py:3036} INFO - Sync 1 DAGs
[2026-04-13T23:40:52.729+0000] {logging_mixin.py:188} INFO - [2026-04-13T23:40:52.729+0000] {dag.py:3823} INFO - Setting next_dagrun for fish_trade_pipeline to 2026-05-01 10:00:00+00:00, run_after=2026-06-01 10:00:00+00:00
[2026-04-13T23:40:52.747+0000] {processor.py:183} INFO - Processing /opt/airflow/dags/trade_fish_dag.py took 0.088 seconds
[2026-04-13T23:41:23.112+0000] {processor.py:161} INFO - Started process (PID=23089) to work on /opt/airflow/dags/trade_fish_dag.py
[2026-04-13T23:41:23.113+0000] {processor.py:830} INFO - Processing file /opt/airflow/dags/trade_fish_dag.py for tasks to queue
[2026-04-13T23:41:23.115+0000] {logging_mixin.py:188} INFO - [2026-04-13T23:41:23.114+0000] {dagbag.py:538} INFO - Filling up the DagBag from /opt/airflow/dags/trade_fish_dag.py
[2026-04-13T23:41:23.191+0000] {processor.py:840} INFO - DAG(s) 'fish_trade_pipeline' retrieved from /opt/airflow/dags/trade_fish_dag.py
[2026-04-13T23:41:23.221+0000] {logging_mixin.py:188} INFO - [2026-04-13T23:41:23.221+0000] {dag.py:3036} INFO - Sync 1 DAGs
[2026-04-13T23:41:23.238+0000] {logging_mixin.py:188} INFO - [2026-04-13T23:41:23.237+0000] {dag.py:3823} INFO - Setting next_dagrun for fish_trade_pipeline to 2026-05-01 10:00:00+00:00, run_after=2026-06-01 10:00:00+00:00
[2026-04-13T23:41:23.254+0000] {processor.py:183} INFO - Processing /opt/airflow/dags/trade_fish_dag.py took 0.146 seconds
[2026-04-13T23:41:53.405+0000] {processor.py:161} INFO - Started process (PID=23100) to work on /opt/airflow/dags/trade_fish_dag.py
[2026-04-13T23:41:53.406+0000] {processor.py:830} INFO - Processing file /opt/airflow/dags/trade_fish_dag.py for tasks to queue
[2026-04-13T23:41:53.407+0000] {logging_mixin.py:188} INFO - [2026-04-13T23:41:53.407+0000] {dagbag.py:538} INFO - Filling up the DagBag from /opt/airflow/dags/trade_fish_dag.py
[2026-04-13T23:41:53.428+0000] {processor.py:840} INFO - DAG(s) 'fish_trade_pipeline' retrieved from /opt/airflow/dags/trade_fish_dag.py
[2026-04-13T23:41:53.457+0000] {logging_mixin.py:188} INFO - [2026-04-13T23:41:53.457+0000] {dag.py:3036} INFO - Sync 1 DAGs
[2026-04-13T23:41:53.473+0000] {logging_mixin.py:188} INFO - [2026-04-13T23:41:53.473+0000] {dag.py:3823} INFO - Setting next_dagrun for fish_trade_pipeline to 2026-05-01 10:00:00+00:00, run_after=2026-06-01 10:00:00+00:00
[2026-04-13T23:41:53.490+0000] {processor.py:183} INFO - Processing /opt/airflow/dags/trade_fish_dag.py took 0.090 seconds
[2026-04-13T23:42:23.810+0000] {processor.py:161} INFO - Started process (PID=23111) to work on /opt/airflow/dags/trade_fish_dag.py
[2026-04-13T23:42:23.811+0000] {processor.py:830} INFO - Processing file /opt/airflow/dags/trade_fish_dag.py for tasks to queue
[2026-04-13T23:42:23.812+0000] {logging_mixin.py:188} INFO - [2026-04-13T23:42:23.812+0000] {dagbag.py:538} INFO - Filling up the DagBag from /opt/airflow/dags/trade_fish_dag.py
[2026-04-13T23:42:23.830+0000] {processor.py:840} INFO - DAG(s) 'fish_trade_pipeline' retrieved from /opt/airflow/dags/trade_fish_dag.py
[2026-04-13T23:42:23.855+0000] {logging_mixin.py:188} INFO - [2026-04-13T23:42:23.855+0000] {dag.py:3036} INFO - Sync 1 DAGs
[2026-04-13T23:42:23.870+0000] {logging_mixin.py:188} INFO - [2026-04-13T23:42:23.870+0000] {dag.py:3823} INFO - Setting next_dagrun for fish_trade_pipeline to 2026-05-01 10:00:00+00:00, run_after=2026-06-01 10:00:00+00:00
[2026-04-13T23:42:23.886+0000] {processor.py:183} INFO - Processing /opt/airflow/dags/trade_fish_dag.py took 0.078 seconds
[2026-04-13T23:42:54.201+0000] {processor.py:161} INFO - Started process (PID=23122) to work on /opt/airflow/dags/trade_fish_dag.py
[2026-04-13T23:42:54.203+0000] {processor.py:830} INFO - Processing file /opt/airflow/dags/trade_fish_dag.py for tasks to queue
[2026-04-13T23:42:54.206+0000] {logging_mixin.py:188} INFO - [2026-04-13T23:42:54.205+0000] {dagbag.py:538} INFO - Filling up the DagBag from /opt/airflow/dags/trade_fish_dag.py
[2026-04-13T23:42:54.257+0000] {processor.py:840} INFO - DAG(s) 'fish_trade_pipeline' retrieved from /opt/airflow/dags/trade_fish_dag.py
[2026-04-13T23:42:54.289+0000] {logging_mixin.py:188} INFO - [2026-04-13T23:42:54.289+0000] {dag.py:3036} INFO - Sync 1 DAGs
[2026-04-13T23:42:54.306+0000] {logging_mixin.py:188} INFO - [2026-04-13T23:42:54.306+0000] {dag.py:3823} INFO - Setting next_dagrun for fish_trade_pipeline to 2026-05-01 10:00:00+00:00, run_after=2026-06-01 10:00:00+00:00
[2026-04-13T23:42:54.329+0000] {processor.py:183} INFO - Processing /opt/airflow/dags/trade_fish_dag.py took 0.133 seconds
[2026-04-13T23:43:24.463+0000] {processor.py:161} INFO - Started process (PID=23133) to work on /opt/airflow/dags/trade_fish_dag.py
[2026-04-13T23:43:24.464+0000] {processor.py:830} INFO - Processing file /opt/airflow/dags/trade_fish_dag.py for tasks to queue
[2026-04-13T23:43:24.465+0000] {logging_mixin.py:188} INFO - [2026-04-13T23:43:24.465+0000] {dagbag.py:538} INFO - Filling up the DagBag from /opt/airflow/dags/trade_fish_dag.py
[2026-04-13T23:43:24.481+0000] {processor.py:840} INFO - DAG(s) 'fish_trade_pipeline' retrieved from /opt/airflow/dags/trade_fish_dag.py
[2026-04-13T23:43:24.505+0000] {logging_mixin.py:188} INFO - [2026-04-13T23:43:24.505+0000] {dag.py:3036} INFO - Sync 1 DAGs
[2026-04-13T23:43:24.520+0000] {logging_mixin.py:188} INFO - [2026-04-13T23:43:24.520+0000] {dag.py:3823} INFO - Setting next_dagrun for fish_trade_pipeline to 2026-05-01 10:00:00+00:00, run_after=2026-06-01 10:00:00+00:00
[2026-04-13T23:43:24.538+0000] {processor.py:183} INFO - Processing /opt/airflow/dags/trade_fish_dag.py took 0.078 seconds
[2026-04-13T23:43:54.768+0000] {processor.py:161} INFO - Started process (PID=23144) to work on /opt/airflow/dags/trade_fish_dag.py
[2026-04-13T23:43:54.769+0000] {processor.py:830} INFO - Processing file /opt/airflow/dags/trade_fish_dag.py for tasks to queue
[2026-04-13T23:43:54.770+0000] {logging_mixin.py:188} INFO - [2026-04-13T23:43:54.770+0000] {dagbag.py:538} INFO - Filling up the DagBag from /opt/airflow/dags/trade_fish_dag.py
[2026-04-13T23:43:54.788+0000] {processor.py:840} INFO - DAG(s) 'fish_trade_pipeline' retrieved from /opt/airflow/dags/trade_fish_dag.py
[2026-04-13T23:43:54.813+0000] {logging_mixin.py:188} INFO - [2026-04-13T23:43:54.813+0000] {dag.py:3036} INFO - Sync 1 DAGs
[2026-04-13T23:43:54.829+0000] {logging_mixin.py:188} INFO - [2026-04-13T23:43:54.829+0000] {dag.py:3823} INFO - Setting next_dagrun for fish_trade_pipeline to 2026-05-01 10:00:00+00:00, run_after=2026-06-01 10:00:00+00:00
[2026-04-13T23:43:54.845+0000] {processor.py:183} INFO - Processing /opt/airflow/dags/trade_fish_dag.py took 0.079 seconds
[2026-04-13T23:44:25.149+0000] {processor.py:161} INFO - Started process (PID=23155) to work on /opt/airflow/dags/trade_fish_dag.py
[2026-04-13T23:44:25.151+0000] {processor.py:830} INFO - Processing file /opt/airflow/dags/trade_fish_dag.py for tasks to queue
[2026-04-13T23:44:25.152+0000] {logging_mixin.py:188} INFO - [2026-04-13T23:44:25.152+0000] {dagbag.py:538} INFO - Filling up the DagBag from /opt/airflow/dags/trade_fish_dag.py
[2026-04-13T23:44:25.192+0000] {processor.py:840} INFO - DAG(s) 'fish_trade_pipeline' retrieved from /opt/airflow/dags/trade_fish_dag.py
[2026-04-13T23:44:25.223+0000] {logging_mixin.py:188} INFO - [2026-04-13T23:44:25.223+0000] {dag.py:3036} INFO - Sync 1 DAGs
[2026-04-13T23:44:25.241+0000] {logging_mixin.py:188} INFO - [2026-04-13T23:44:25.241+0000] {dag.py:3823} INFO - Setting next_dagrun for fish_trade_pipeline to 2026-05-01 10:00:00+00:00, run_after=2026-06-01 10:00:00+00:00
[2026-04-13T23:44:25.255+0000] {processor.py:183} INFO - Processing /opt/airflow/dags/trade_fish_dag.py took 0.111 seconds
[2026-04-13T23:44:55.402+0000] {processor.py:161} INFO - Started process (PID=23166) to work on /opt/airflow/dags/trade_fish_dag.py
[2026-04-13T23:44:55.403+0000] {processor.py:830} INFO - Processing file /opt/airflow/dags/trade_fish_dag.py for tasks to queue
[2026-04-13T23:44:55.404+0000] {logging_mixin.py:188} INFO - [2026-04-13T23:44:55.403+0000] {dagbag.py:538} INFO - Filling up the DagBag from /opt/airflow/dags/trade_fish_dag.py
[2026-04-13T23:44:55.422+0000] {processor.py:840} INFO - DAG(s) 'fish_trade_pipeline' retrieved from /opt/airflow/dags/trade_fish_dag.py
[2026-04-13T23:44:55.448+0000] {logging_mixin.py:188} INFO - [2026-04-13T23:44:55.448+0000] {dag.py:3036} INFO - Sync 1 DAGs
[2026-04-13T23:44:55.462+0000] {logging_mixin.py:188} INFO - [2026-04-13T23:44:55.462+0000] {dag.py:3823} INFO - Setting next_dagrun for fish_trade_pipeline to 2026-05-01 10:00:00+00:00, run_after=2026-06-01 10:00:00+00:00
[2026-04-13T23:44:55.480+0000] {processor.py:183} INFO - Processing /opt/airflow/dags/trade_fish_dag.py took 0.081 seconds
[2026-04-13T23:45:25.682+0000] {processor.py:161} INFO - Started process (PID=23177) to work on /opt/airflow/dags/trade_fish_dag.py
[2026-04-13T23:45:25.683+0000] {processor.py:830} INFO - Processing file /opt/airflow/dags/trade_fish_dag.py for tasks to queue
[2026-04-13T23:45:25.684+0000] {logging_mixin.py:188} INFO - [2026-04-13T23:45:25.684+0000] {dagbag.py:538} INFO - Filling up the DagBag from /opt/airflow/dags/trade_fish_dag.py
[2026-04-13T23:45:25.701+0000] {processor.py:840} INFO - DAG(s) 'fish_trade_pipeline' retrieved from /opt/airflow/dags/trade_fish_dag.py
[2026-04-13T23:45:25.726+0000] {logging_mixin.py:188} INFO - [2026-04-13T23:45:25.726+0000] {dag.py:3036} INFO - Sync 1 DAGs
[2026-04-13T23:45:25.741+0000] {logging_mixin.py:188} INFO - [2026-04-13T23:45:25.741+0000] {dag.py:3823} INFO - Setting next_dagrun for fish_trade_pipeline to 2026-05-01 10:00:00+00:00, run_after=2026-06-01 10:00:00+00:00
[2026-04-13T23:45:25.759+0000] {processor.py:183} INFO - Processing /opt/airflow/dags/trade_fish_dag.py took 0.079 seconds
[2026-04-13T23:45:55.942+0000] {processor.py:161} INFO - Started process (PID=23188) to work on /opt/airflow/dags/trade_fish_dag.py
[2026-04-13T23:45:55.943+0000] {processor.py:830} INFO - Processing file /opt/airflow/dags/trade_fish_dag.py for tasks to queue
[2026-04-13T23:45:55.944+0000] {logging_mixin.py:188} INFO - [2026-04-13T23:45:55.944+0000] {dagbag.py:538} INFO - Filling up the DagBag from /opt/airflow/dags/trade_fish_dag.py
[2026-04-13T23:45:55.960+0000] {processor.py:840} INFO - DAG(s) 'fish_trade_pipeline' retrieved from /opt/airflow/dags/trade_fish_dag.py
[2026-04-13T23:45:56.001+0000] {logging_mixin.py:188} INFO - [2026-04-13T23:45:56.001+0000] {dag.py:3036} INFO - Sync 1 DAGs
[2026-04-13T23:45:56.022+0000] {logging_mixin.py:188} INFO - [2026-04-13T23:45:56.022+0000] {dag.py:3823} INFO - Setting next_dagrun for fish_trade_pipeline to 2026-05-01 10:00:00+00:00, run_after=2026-06-01 10:00:00+00:00
[2026-04-13T23:45:56.045+0000] {processor.py:183} INFO - Processing /opt/airflow/dags/trade_fish_dag.py took 0.106 seconds
[2026-04-13T23:46:26.359+0000] {processor.py:161} INFO - Started process (PID=23199) to work on /opt/airflow/dags/trade_fish_dag.py
[2026-04-13T23:46:26.360+0000] {processor.py:830} INFO - Processing file /opt/airflow/dags/trade_fish_dag.py for tasks to queue
[2026-04-13T23:46:26.361+0000] {logging_mixin.py:188} INFO - [2026-04-13T23:46:26.360+0000] {dagbag.py:538} INFO - Filling up the DagBag from /opt/airflow/dags/trade_fish_dag.py
[2026-04-13T23:46:26.377+0000] {processor.py:840} INFO - DAG(s) 'fish_trade_pipeline' retrieved from /opt/airflow/dags/trade_fish_dag.py
[2026-04-13T23:46:26.406+0000] {logging_mixin.py:188} INFO - [2026-04-13T23:46:26.406+0000] {dag.py:3036} INFO - Sync 1 DAGs
[2026-04-13T23:46:26.423+0000] {logging_mixin.py:188} INFO - [2026-04-13T23:46:26.423+0000] {dag.py:3823} INFO - Setting next_dagrun for fish_trade_pipeline to 2026-05-01 10:00:00+00:00, run_after=2026-06-01 10:00:00+00:00
[2026-04-13T23:46:26.439+0000] {processor.py:183} INFO - Processing /opt/airflow/dags/trade_fish_dag.py took 0.083 seconds
[2026-04-13T23:46:56.658+0000] {processor.py:161} INFO - Started process (PID=23210) to work on /opt/airflow/dags/trade_fish_dag.py
[2026-04-13T23:46:56.659+0000] {processor.py:830} INFO - Processing file /opt/airflow/dags/trade_fish_dag.py for tasks to queue
[2026-04-13T23:46:56.660+0000] {logging_mixin.py:188} INFO - [2026-04-13T23:46:56.660+0000] {dagbag.py:538} INFO - Filling up the DagBag from /opt/airflow/dags/trade_fish_dag.py
[2026-04-13T23:46:56.676+0000] {processor.py:840} INFO - DAG(s) 'fish_trade_pipeline' retrieved from /opt/airflow/dags/trade_fish_dag.py
[2026-04-13T23:46:56.716+0000] {logging_mixin.py:188} INFO - [2026-04-13T23:46:56.716+0000] {dag.py:3036} INFO - Sync 1 DAGs
[2026-04-13T23:46:56.732+0000] {logging_mixin.py:188} INFO - [2026-04-13T23:46:56.731+0000] {dag.py:3823} INFO - Setting next_dagrun for fish_trade_pipeline to 2026-05-01 10:00:00+00:00, run_after=2026-06-01 10:00:00+00:00
[2026-04-13T23:46:56.749+0000] {processor.py:183} INFO - Processing /opt/airflow/dags/trade_fish_dag.py took 0.094 seconds
[2026-04-13T23:47:27.074+0000] {processor.py:161} INFO - Started process (PID=23221) to work on /opt/airflow/dags/trade_fish_dag.py
[2026-04-13T23:47:27.075+0000] {processor.py:830} INFO - Processing file /opt/airflow/dags/trade_fish_dag.py for tasks to queue
[2026-04-13T23:47:27.076+0000] {logging_mixin.py:188} INFO - [2026-04-13T23:47:27.075+0000] {dagbag.py:538} INFO - Filling up the DagBag from /opt/airflow/dags/trade_fish_dag.py
[2026-04-13T23:47:27.099+0000] {processor.py:840} INFO - DAG(s) 'fish_trade_pipeline' retrieved from /opt/airflow/dags/trade_fish_dag.py
[2026-04-13T23:47:27.125+0000] {logging_mixin.py:188} INFO - [2026-04-13T23:47:27.125+0000] {dag.py:3036} INFO - Sync 1 DAGs
[2026-04-13T23:47:27.140+0000] {logging_mixin.py:188} INFO - [2026-04-13T23:47:27.140+0000] {dag.py:3823} INFO - Setting next_dagrun for fish_trade_pipeline to 2026-05-01 10:00:00+00:00, run_after=2026-06-01 10:00:00+00:00
[2026-04-13T23:47:27.155+0000] {processor.py:183} INFO - Processing /opt/airflow/dags/trade_fish_dag.py took 0.085 seconds
[2026-04-13T23:47:57.519+0000] {processor.py:161} INFO - Started process (PID=23233) to work on /opt/airflow/dags/trade_fish_dag.py
[2026-04-13T23:47:57.520+0000] {processor.py:830} INFO - Processing file /opt/airflow/dags/trade_fish_dag.py for tasks to queue
[2026-04-13T23:47:57.521+0000] {logging_mixin.py:188} INFO - [2026-04-13T23:47:57.521+0000] {dagbag.py:538} INFO - Filling up the DagBag from /opt/airflow/dags/trade_fish_dag.py
[2026-04-13T23:47:57.538+0000] {processor.py:840} INFO - DAG(s) 'fish_trade_pipeline' retrieved from /opt/airflow/dags/trade_fish_dag.py
[2026-04-13T23:47:57.563+0000] {logging_mixin.py:188} INFO - [2026-04-13T23:47:57.563+0000] {dag.py:3036} INFO - Sync 1 DAGs
[2026-04-13T23:47:57.577+0000] {logging_mixin.py:188} INFO - [2026-04-13T23:47:57.577+0000] {dag.py:3823} INFO - Setting next_dagrun for fish_trade_pipeline to 2026-05-01 10:00:00+00:00, run_after=2026-06-01 10:00:00+00:00
[2026-04-13T23:47:57.655+0000] {processor.py:183} INFO - Processing /opt/airflow/dags/trade_fish_dag.py took 0.138 seconds
[2026-04-13T23:48:27.849+0000] {processor.py:161} INFO - Started process (PID=23244) to work on /opt/airflow/dags/trade_fish_dag.py
[2026-04-13T23:48:27.851+0000] {processor.py:830} INFO - Processing file /opt/airflow/dags/trade_fish_dag.py for tasks to queue
[2026-04-13T23:48:27.852+0000] {logging_mixin.py:188} INFO - [2026-04-13T23:48:27.852+0000] {dagbag.py:538} INFO - Filling up the DagBag from /opt/airflow/dags/trade_fish_dag.py
[2026-04-13T23:48:27.873+0000] {processor.py:840} INFO - DAG(s) 'fish_trade_pipeline' retrieved from /opt/airflow/dags/trade_fish_dag.py
[2026-04-13T23:48:27.900+0000] {logging_mixin.py:188} INFO - [2026-04-13T23:48:27.900+0000] {dag.py:3036} INFO - Sync 1 DAGs
[2026-04-13T23:48:27.915+0000] {logging_mixin.py:188} INFO - [2026-04-13T23:48:27.915+0000] {dag.py:3823} INFO - Setting next_dagrun for fish_trade_pipeline to 2026-05-01 10:00:00+00:00, run_after=2026-06-01 10:00:00+00:00
[2026-04-13T23:48:27.932+0000] {processor.py:183} INFO - Processing /opt/airflow/dags/trade_fish_dag.py took 0.086 seconds
[2026-04-13T23:48:58.215+0000] {processor.py:161} INFO - Started process (PID=23255) to work on /opt/airflow/dags/trade_fish_dag.py
[2026-04-13T23:48:58.216+0000] {processor.py:830} INFO - Processing file /opt/airflow/dags/trade_fish_dag.py for tasks to queue
[2026-04-13T23:48:58.217+0000] {logging_mixin.py:188} INFO - [2026-04-13T23:48:58.217+0000] {dagbag.py:538} INFO - Filling up the DagBag from /opt/airflow/dags/trade_fish_dag.py
[2026-04-13T23:48:58.237+0000] {processor.py:840} INFO - DAG(s) 'fish_trade_pipeline' retrieved from /opt/airflow/dags/trade_fish_dag.py
[2026-04-13T23:48:58.265+0000] {logging_mixin.py:188} INFO - [2026-04-13T23:48:58.265+0000] {dag.py:3036} INFO - Sync 1 DAGs
[2026-04-13T23:48:58.281+0000] {logging_mixin.py:188} INFO - [2026-04-13T23:48:58.281+0000] {dag.py:3823} INFO - Setting next_dagrun for fish_trade_pipeline to 2026-05-01 10:00:00+00:00, run_after=2026-06-01 10:00:00+00:00
[2026-04-13T23:48:58.357+0000] {processor.py:183} INFO - Processing /opt/airflow/dags/trade_fish_dag.py took 0.146 seconds
[2026-04-13T23:49:28.586+0000] {processor.py:161} INFO - Started process (PID=23267) to work on /opt/airflow/dags/trade_fish_dag.py
[2026-04-13T23:49:28.587+0000] {processor.py:830} INFO - Processing file /opt/airflow/dags/trade_fish_dag.py for tasks to queue
[2026-04-13T23:49:28.588+0000] {logging_mixin.py:188} INFO - [2026-04-13T23:49:28.588+0000] {dagbag.py:538} INFO - Filling up the DagBag from /opt/airflow/dags/trade_fish_dag.py
[2026-04-13T23:49:28.607+0000] {processor.py:840} INFO - DAG(s) 'fish_trade_pipeline' retrieved from /opt/airflow/dags/trade_fish_dag.py
[2026-04-13T23:49:28.633+0000] {logging_mixin.py:188} INFO - [2026-04-13T23:49:28.633+0000] {dag.py:3036} INFO - Sync 1 DAGs
[2026-04-13T23:49:28.648+0000] {logging_mixin.py:188} INFO - [2026-04-13T23:49:28.648+0000] {dag.py:3823} INFO - Setting next_dagrun for fish_trade_pipeline to 2026-05-01 10:00:00+00:00, run_after=2026-06-01 10:00:00+00:00
[2026-04-13T23:49:28.715+0000] {processor.py:183} INFO - Processing /opt/airflow/dags/trade_fish_dag.py took 0.133 seconds
[2026-04-13T23:49:59.073+0000] {processor.py:161} INFO - Started process (PID=23278) to work on /opt/airflow/dags/trade_fish_dag.py
[2026-04-13T23:49:59.075+0000] {processor.py:830} INFO - Processing file /opt/airflow/dags/trade_fish_dag.py for tasks to queue
[2026-04-13T23:49:59.077+0000] {logging_mixin.py:188} INFO - [2026-04-13T23:49:59.076+0000] {dagbag.py:538} INFO - Filling up the DagBag from /opt/airflow/dags/trade_fish_dag.py
[2026-04-13T23:49:59.134+0000] {processor.py:840} INFO - DAG(s) 'fish_trade_pipeline' retrieved from /opt/airflow/dags/trade_fish_dag.py
[2026-04-13T23:49:59.169+0000] {logging_mixin.py:188} INFO - [2026-04-13T23:49:59.168+0000] {dag.py:3036} INFO - Sync 1 DAGs
[2026-04-13T23:49:59.184+0000] {logging_mixin.py:188} INFO - [2026-04-13T23:49:59.184+0000] {dag.py:3823} INFO - Setting next_dagrun for fish_trade_pipeline to 2026-05-01 10:00:00+00:00, run_after=2026-06-01 10:00:00+00:00
[2026-04-13T23:49:59.259+0000] {processor.py:183} INFO - Processing /opt/airflow/dags/trade_fish_dag.py took 0.191 seconds
[2026-04-13T23:50:29.330+0000] {processor.py:161} INFO - Started process (PID=23290) to work on /opt/airflow/dags/trade_fish_dag.py
[2026-04-13T23:50:29.331+0000] {processor.py:830} INFO - Processing file /opt/airflow/dags/trade_fish_dag.py for tasks to queue
[2026-04-13T23:50:29.332+0000] {logging_mixin.py:188} INFO - [2026-04-13T23:50:29.331+0000] {dagbag.py:538} INFO - Filling up the DagBag from /opt/airflow/dags/trade_fish_dag.py
[2026-04-13T23:50:29.348+0000] {processor.py:840} INFO - DAG(s) 'fish_trade_pipeline' retrieved from /opt/airflow/dags/trade_fish_dag.py
[2026-04-13T23:50:29.377+0000] {logging_mixin.py:188} INFO - [2026-04-13T23:50:29.376+0000] {dag.py:3036} INFO - Sync 1 DAGs
[2026-04-13T23:50:29.393+0000] {logging_mixin.py:188} INFO - [2026-04-13T23:50:29.393+0000] {dag.py:3823} INFO - Setting next_dagrun for fish_trade_pipeline to 2026-05-01 10:00:00+00:00, run_after=2026-06-01 10:00:00+00:00
[2026-04-13T23:50:29.469+0000] {processor.py:183} INFO - Processing /opt/airflow/dags/trade_fish_dag.py took 0.142 seconds
[2026-04-13T23:50:59.637+0000] {processor.py:161} INFO - Started process (PID=23301) to work on /opt/airflow/dags/trade_fish_dag.py
[2026-04-13T23:50:59.639+0000] {processor.py:830} INFO - Processing file /opt/airflow/dags/trade_fish_dag.py for tasks to queue
[2026-04-13T23:50:59.640+0000] {logging_mixin.py:188} INFO - [2026-04-13T23:50:59.640+0000] {dagbag.py:538} INFO - Filling up the DagBag from /opt/airflow/dags/trade_fish_dag.py
[2026-04-13T23:50:59.667+0000] {processor.py:840} INFO - DAG(s) 'fish_trade_pipeline' retrieved from /opt/airflow/dags/trade_fish_dag.py
[2026-04-13T23:50:59.698+0000] {logging_mixin.py:188} INFO - [2026-04-13T23:50:59.698+0000] {dag.py:3036} INFO - Sync 1 DAGs
[2026-04-13T23:50:59.715+0000] {logging_mixin.py:188} INFO - [2026-04-13T23:50:59.715+0000] {dag.py:3823} INFO - Setting next_dagrun for fish_trade_pipeline to 2026-05-01 10:00:00+00:00, run_after=2026-06-01 10:00:00+00:00
[2026-04-13T23:50:59.733+0000] {processor.py:183} INFO - Processing /opt/airflow/dags/trade_fish_dag.py took 0.102 seconds
[2026-04-13T23:51:29.931+0000] {processor.py:161} INFO - Started process (PID=23312) to work on /opt/airflow/dags/trade_fish_dag.py
[2026-04-13T23:51:29.932+0000] {processor.py:830} INFO - Processing file /opt/airflow/dags/trade_fish_dag.py for tasks to queue
[2026-04-13T23:51:29.933+0000] {logging_mixin.py:188} INFO - [2026-04-13T23:51:29.933+0000] {dagbag.py:538} INFO - Filling up the DagBag from /opt/airflow/dags/trade_fish_dag.py
[2026-04-13T23:51:29.953+0000] {processor.py:840} INFO - DAG(s) 'fish_trade_pipeline' retrieved from /opt/airflow/dags/trade_fish_dag.py
[2026-04-13T23:51:29.978+0000] {logging_mixin.py:188} INFO - [2026-04-13T23:51:29.978+0000] {dag.py:3036} INFO - Sync 1 DAGs
[2026-04-13T23:51:29.993+0000] {logging_mixin.py:188} INFO - [2026-04-13T23:51:29.993+0000] {dag.py:3823} INFO - Setting next_dagrun for fish_trade_pipeline to 2026-05-01 10:00:00+00:00, run_after=2026-06-01 10:00:00+00:00
[2026-04-13T23:51:30.009+0000] {processor.py:183} INFO - Processing /opt/airflow/dags/trade_fish_dag.py took 0.081 seconds
[2026-04-13T23:52:00.268+0000] {processor.py:161} INFO - Started process (PID=23323) to work on /opt/airflow/dags/trade_fish_dag.py
[2026-04-13T23:52:00.269+0000] {processor.py:830} INFO - Processing file /opt/airflow/dags/trade_fish_dag.py for tasks to queue
[2026-04-13T23:52:00.270+0000] {logging_mixin.py:188} INFO - [2026-04-13T23:52:00.270+0000] {dagbag.py:538} INFO - Filling up the DagBag from /opt/airflow/dags/trade_fish_dag.py
[2026-04-13T23:52:00.288+0000] {processor.py:840} INFO - DAG(s) 'fish_trade_pipeline' retrieved from /opt/airflow/dags/trade_fish_dag.py
[2026-04-13T23:52:00.313+0000] {logging_mixin.py:188} INFO - [2026-04-13T23:52:00.313+0000] {dag.py:3036} INFO - Sync 1 DAGs
[2026-04-13T23:52:00.329+0000] {logging_mixin.py:188} INFO - [2026-04-13T23:52:00.329+0000] {dag.py:3823} INFO - Setting next_dagrun for fish_trade_pipeline to 2026-05-01 10:00:00+00:00, run_after=2026-06-01 10:00:00+00:00
[2026-04-13T23:52:00.344+0000] {processor.py:183} INFO - Processing /opt/airflow/dags/trade_fish_dag.py took 0.078 seconds
[2026-04-13T23:52:30.568+0000] {processor.py:161} INFO - Started process (PID=23334) to work on /opt/airflow/dags/trade_fish_dag.py
[2026-04-13T23:52:30.569+0000] {processor.py:830} INFO - Processing file /opt/airflow/dags/trade_fish_dag.py for tasks to queue
[2026-04-13T23:52:30.570+0000] {logging_mixin.py:188} INFO - [2026-04-13T23:52:30.570+0000] {dagbag.py:538} INFO - Filling up the DagBag from /opt/airflow/dags/trade_fish_dag.py
[2026-04-13T23:52:30.651+0000] {processor.py:840} INFO - DAG(s) 'fish_trade_pipeline' retrieved from /opt/airflow/dags/trade_fish_dag.py
[2026-04-13T23:52:30.690+0000] {logging_mixin.py:188} INFO - [2026-04-13T23:52:30.690+0000] {dag.py:3036} INFO - Sync 1 DAGs
[2026-04-13T23:52:30.706+0000] {logging_mixin.py:188} INFO - [2026-04-13T23:52:30.706+0000] {dag.py:3823} INFO - Setting next_dagrun for fish_trade_pipeline to 2026-05-01 10:00:00+00:00, run_after=2026-06-01 10:00:00+00:00
[2026-04-13T23:52:30.729+0000] {processor.py:183} INFO - Processing /opt/airflow/dags/trade_fish_dag.py took 0.164 seconds
[2026-04-13T23:53:00.979+0000] {processor.py:161} INFO - Started process (PID=23345) to work on /opt/airflow/dags/trade_fish_dag.py
[2026-04-13T23:53:00.981+0000] {processor.py:830} INFO - Processing file /opt/airflow/dags/trade_fish_dag.py for tasks to queue
[2026-04-13T23:53:00.982+0000] {logging_mixin.py:188} INFO - [2026-04-13T23:53:00.981+0000] {dagbag.py:538} INFO - Filling up the DagBag from /opt/airflow/dags/trade_fish_dag.py
[2026-04-13T23:53:00.998+0000] {processor.py:840} INFO - DAG(s) 'fish_trade_pipeline' retrieved from /opt/airflow/dags/trade_fish_dag.py
[2026-04-13T23:53:01.026+0000] {logging_mixin.py:188} INFO - [2026-04-13T23:53:01.026+0000] {dag.py:3036} INFO - Sync 1 DAGs
[2026-04-13T23:53:01.041+0000] {logging_mixin.py:188} INFO - [2026-04-13T23:53:01.041+0000] {dag.py:3823} INFO - Setting next_dagrun for fish_trade_pipeline to 2026-05-01 10:00:00+00:00, run_after=2026-06-01 10:00:00+00:00
[2026-04-13T23:53:01.110+0000] {processor.py:183} INFO - Processing /opt/airflow/dags/trade_fish_dag.py took 0.133 seconds
[2026-04-13T23:53:31.343+0000] {processor.py:161} INFO - Started process (PID=23356) to work on /opt/airflow/dags/trade_fish_dag.py
[2026-04-13T23:53:31.344+0000] {processor.py:830} INFO - Processing file /opt/airflow/dags/trade_fish_dag.py for tasks to queue
[2026-04-13T23:53:31.345+0000] {logging_mixin.py:188} INFO - [2026-04-13T23:53:31.345+0000] {dagbag.py:538} INFO - Filling up the DagBag from /opt/airflow/dags/trade_fish_dag.py
[2026-04-13T23:53:31.364+0000] {processor.py:840} INFO - DAG(s) 'fish_trade_pipeline' retrieved from /opt/airflow/dags/trade_fish_dag.py
[2026-04-13T23:53:31.388+0000] {logging_mixin.py:188} INFO - [2026-04-13T23:53:31.388+0000] {dag.py:3036} INFO - Sync 1 DAGs
[2026-04-13T23:53:31.403+0000] {logging_mixin.py:188} INFO - [2026-04-13T23:53:31.403+0000] {dag.py:3823} INFO - Setting next_dagrun for fish_trade_pipeline to 2026-05-01 10:00:00+00:00, run_after=2026-06-01 10:00:00+00:00
[2026-04-13T23:53:31.420+0000] {processor.py:183} INFO - Processing /opt/airflow/dags/trade_fish_dag.py took 0.080 seconds
[2026-04-13T23:54:01.733+0000] {processor.py:161} INFO - Started process (PID=23367) to work on /opt/airflow/dags/trade_fish_dag.py
[2026-04-13T23:54:01.735+0000] {processor.py:830} INFO - Processing file /opt/airflow/dags/trade_fish_dag.py for tasks to queue
[2026-04-13T23:54:01.738+0000] {logging_mixin.py:188} INFO - [2026-04-13T23:54:01.737+0000] {dagbag.py:538} INFO - Filling up the DagBag from /opt/airflow/dags/trade_fish_dag.py
[2026-04-13T23:54:01.765+0000] {processor.py:840} INFO - DAG(s) 'fish_trade_pipeline' retrieved from /opt/airflow/dags/trade_fish_dag.py
[2026-04-13T23:54:01.794+0000] {logging_mixin.py:188} INFO - [2026-04-13T23:54:01.794+0000] {dag.py:3036} INFO - Sync 1 DAGs
[2026-04-13T23:54:01.810+0000] {logging_mixin.py:188} INFO - [2026-04-13T23:54:01.810+0000] {dag.py:3823} INFO - Setting next_dagrun for fish_trade_pipeline to 2026-05-01 10:00:00+00:00, run_after=2026-06-01 10:00:00+00:00
[2026-04-13T23:54:01.877+0000] {processor.py:183} INFO - Processing /opt/airflow/dags/trade_fish_dag.py took 0.148 seconds
[2026-04-13T23:54:32.235+0000] {processor.py:161} INFO - Started process (PID=23384) to work on /opt/airflow/dags/trade_fish_dag.py
[2026-04-13T23:54:32.236+0000] {processor.py:830} INFO - Processing file /opt/airflow/dags/trade_fish_dag.py for tasks to queue
[2026-04-13T23:54:32.237+0000] {logging_mixin.py:188} INFO - [2026-04-13T23:54:32.237+0000] {dagbag.py:538} INFO - Filling up the DagBag from /opt/airflow/dags/trade_fish_dag.py
[2026-04-13T23:54:32.256+0000] {processor.py:840} INFO - DAG(s) 'fish_trade_pipeline' retrieved from /opt/airflow/dags/trade_fish_dag.py
[2026-04-13T23:54:32.312+0000] {logging_mixin.py:188} INFO - [2026-04-13T23:54:32.311+0000] {dag.py:3036} INFO - Sync 1 DAGs
[2026-04-13T23:54:32.330+0000] {logging_mixin.py:188} INFO - [2026-04-13T23:54:32.330+0000] {dag.py:3823} INFO - Setting next_dagrun for fish_trade_pipeline to 2026-05-01 10:00:00+00:00, run_after=2026-06-01 10:00:00+00:00
[2026-04-13T23:54:32.372+0000] {processor.py:183} INFO - Processing /opt/airflow/dags/trade_fish_dag.py took 0.142 seconds
[2026-04-13T23:55:02.568+0000] {processor.py:161} INFO - Started process (PID=23395) to work on /opt/airflow/dags/trade_fish_dag.py
[2026-04-13T23:55:02.586+0000] {processor.py:830} INFO - Processing file /opt/airflow/dags/trade_fish_dag.py for tasks to queue
[2026-04-13T23:55:02.605+0000] {logging_mixin.py:188} INFO - [2026-04-13T23:55:02.604+0000] {dagbag.py:538} INFO - Filling up the DagBag from /opt/airflow/dags/trade_fish_dag.py
[2026-04-13T23:55:02.718+0000] {processor.py:840} INFO - DAG(s) 'fish_trade_pipeline' retrieved from /opt/airflow/dags/trade_fish_dag.py
[2026-04-13T23:55:02.747+0000] {logging_mixin.py:188} INFO - [2026-04-13T23:55:02.747+0000] {dag.py:3036} INFO - Sync 1 DAGs
[2026-04-13T23:55:02.763+0000] {logging_mixin.py:188} INFO - [2026-04-13T23:55:02.763+0000] {dag.py:3823} INFO - Setting next_dagrun for fish_trade_pipeline to 2026-05-01 10:00:00+00:00, run_after=2026-06-01 10:00:00+00:00
[2026-04-13T23:55:02.779+0000] {processor.py:183} INFO - Processing /opt/airflow/dags/trade_fish_dag.py took 0.218 seconds
[2026-04-13T23:55:33.039+0000] {processor.py:161} INFO - Started process (PID=23406) to work on /opt/airflow/dags/trade_fish_dag.py
[2026-04-13T23:55:33.041+0000] {processor.py:830} INFO - Processing file /opt/airflow/dags/trade_fish_dag.py for tasks to queue
[2026-04-13T23:55:33.043+0000] {logging_mixin.py:188} INFO - [2026-04-13T23:55:33.043+0000] {dagbag.py:538} INFO - Filling up the DagBag from /opt/airflow/dags/trade_fish_dag.py
[2026-04-13T23:55:33.102+0000] {processor.py:840} INFO - DAG(s) 'fish_trade_pipeline' retrieved from /opt/airflow/dags/trade_fish_dag.py
[2026-04-13T23:55:33.132+0000] {logging_mixin.py:188} INFO - [2026-04-13T23:55:33.132+0000] {dag.py:3036} INFO - Sync 1 DAGs
[2026-04-13T23:55:33.151+0000] {logging_mixin.py:188} INFO - [2026-04-13T23:55:33.151+0000] {dag.py:3823} INFO - Setting next_dagrun for fish_trade_pipeline to 2026-05-01 10:00:00+00:00, run_after=2026-06-01 10:00:00+00:00
[2026-04-13T23:55:33.184+0000] {processor.py:183} INFO - Processing /opt/airflow/dags/trade_fish_dag.py took 0.149 seconds
[2026-04-13T23:56:03.341+0000] {processor.py:161} INFO - Started process (PID=23417) to work on /opt/airflow/dags/trade_fish_dag.py
[2026-04-13T23:56:03.342+0000] {processor.py:830} INFO - Processing file /opt/airflow/dags/trade_fish_dag.py for tasks to queue
[2026-04-13T23:56:03.342+0000] {logging_mixin.py:188} INFO - [2026-04-13T23:56:03.342+0000] {dagbag.py:538} INFO - Filling up the DagBag from /opt/airflow/dags/trade_fish_dag.py
[2026-04-13T23:56:03.359+0000] {processor.py:840} INFO - DAG(s) 'fish_trade_pipeline' retrieved from /opt/airflow/dags/trade_fish_dag.py
[2026-04-13T23:56:03.384+0000] {logging_mixin.py:188} INFO - [2026-04-13T23:56:03.384+0000] {dag.py:3036} INFO - Sync 1 DAGs
[2026-04-13T23:56:03.399+0000] {logging_mixin.py:188} INFO - [2026-04-13T23:56:03.399+0000] {dag.py:3823} INFO - Setting next_dagrun for fish_trade_pipeline to 2026-05-01 10:00:00+00:00, run_after=2026-06-01 10:00:00+00:00
[2026-04-13T23:56:03.414+0000] {processor.py:183} INFO - Processing /opt/airflow/dags/trade_fish_dag.py took 0.076 seconds
[2026-04-13T23:56:33.634+0000] {processor.py:161} INFO - Started process (PID=23428) to work on /opt/airflow/dags/trade_fish_dag.py
[2026-04-13T23:56:33.635+0000] {processor.py:830} INFO - Processing file /opt/airflow/dags/trade_fish_dag.py for tasks to queue
[2026-04-13T23:56:33.636+0000] {logging_mixin.py:188} INFO - [2026-04-13T23:56:33.636+0000] {dagbag.py:538} INFO - Filling up the DagBag from /opt/airflow/dags/trade_fish_dag.py
[2026-04-13T23:56:33.653+0000] {processor.py:840} INFO - DAG(s) 'fish_trade_pipeline' retrieved from /opt/airflow/dags/trade_fish_dag.py
[2026-04-13T23:56:33.677+0000] {logging_mixin.py:188} INFO - [2026-04-13T23:56:33.677+0000] {dag.py:3036} INFO - Sync 1 DAGs
[2026-04-13T23:56:33.691+0000] {logging_mixin.py:188} INFO - [2026-04-13T23:56:33.691+0000] {dag.py:3823} INFO - Setting next_dagrun for fish_trade_pipeline to 2026-05-01 10:00:00+00:00, run_after=2026-06-01 10:00:00+00:00
[2026-04-13T23:56:33.760+0000] {processor.py:183} INFO - Processing /opt/airflow/dags/trade_fish_dag.py took 0.129 seconds
[2026-04-13T23:57:04.079+0000] {processor.py:161} INFO - Started process (PID=23439) to work on /opt/airflow/dags/trade_fish_dag.py
[2026-04-13T23:57:04.080+0000] {processor.py:830} INFO - Processing file /opt/airflow/dags/trade_fish_dag.py for tasks to queue
[2026-04-13T23:57:04.082+0000] {logging_mixin.py:188} INFO - [2026-04-13T23:57:04.082+0000] {dagbag.py:538} INFO - Filling up the DagBag from /opt/airflow/dags/trade_fish_dag.py
[2026-04-13T23:57:04.134+0000] {processor.py:840} INFO - DAG(s) 'fish_trade_pipeline' retrieved from /opt/airflow/dags/trade_fish_dag.py
[2026-04-13T23:57:04.167+0000] {logging_mixin.py:188} INFO - [2026-04-13T23:57:04.167+0000] {dag.py:3036} INFO - Sync 1 DAGs
[2026-04-13T23:57:04.182+0000] {logging_mixin.py:188} INFO - [2026-04-13T23:57:04.182+0000] {dag.py:3823} INFO - Setting next_dagrun for fish_trade_pipeline to 2026-05-01 10:00:00+00:00, run_after=2026-06-01 10:00:00+00:00
[2026-04-13T23:57:04.198+0000] {processor.py:183} INFO - Processing /opt/airflow/dags/trade_fish_dag.py took 0.122 seconds
[2026-04-13T23:57:34.402+0000] {processor.py:161} INFO - Started process (PID=23450) to work on /opt/airflow/dags/trade_fish_dag.py
[2026-04-13T23:57:34.403+0000] {processor.py:830} INFO - Processing file /opt/airflow/dags/trade_fish_dag.py for tasks to queue
[2026-04-13T23:57:34.404+0000] {logging_mixin.py:188} INFO - [2026-04-13T23:57:34.404+0000] {dagbag.py:538} INFO - Filling up the DagBag from /opt/airflow/dags/trade_fish_dag.py
[2026-04-13T23:57:34.425+0000] {processor.py:840} INFO - DAG(s) 'fish_trade_pipeline' retrieved from /opt/airflow/dags/trade_fish_dag.py
[2026-04-13T23:57:34.456+0000] {logging_mixin.py:188} INFO - [2026-04-13T23:57:34.456+0000] {dag.py:3036} INFO - Sync 1 DAGs
[2026-04-13T23:57:34.471+0000] {logging_mixin.py:188} INFO - [2026-04-13T23:57:34.471+0000] {dag.py:3823} INFO - Setting next_dagrun for fish_trade_pipeline to 2026-05-01 10:00:00+00:00, run_after=2026-06-01 10:00:00+00:00
[2026-04-13T23:57:34.486+0000] {processor.py:183} INFO - Processing /opt/airflow/dags/trade_fish_dag.py took 0.087 seconds
[2026-04-13T23:58:04.834+0000] {processor.py:161} INFO - Started process (PID=23461) to work on /opt/airflow/dags/trade_fish_dag.py
[2026-04-13T23:58:04.835+0000] {processor.py:830} INFO - Processing file /opt/airflow/dags/trade_fish_dag.py for tasks to queue
[2026-04-13T23:58:04.836+0000] {logging_mixin.py:188} INFO - [2026-04-13T23:58:04.836+0000] {dagbag.py:538} INFO - Filling up the DagBag from /opt/airflow/dags/trade_fish_dag.py
[2026-04-13T23:58:04.855+0000] {processor.py:840} INFO - DAG(s) 'fish_trade_pipeline' retrieved from /opt/airflow/dags/trade_fish_dag.py
[2026-04-13T23:58:04.923+0000] {logging_mixin.py:188} INFO - [2026-04-13T23:58:04.923+0000] {dag.py:3036} INFO - Sync 1 DAGs
[2026-04-13T23:58:04.940+0000] {logging_mixin.py:188} INFO - [2026-04-13T23:58:04.939+0000] {dag.py:3823} INFO - Setting next_dagrun for fish_trade_pipeline to 2026-05-01 10:00:00+00:00, run_after=2026-06-01 10:00:00+00:00
[2026-04-13T23:58:04.959+0000] {processor.py:183} INFO - Processing /opt/airflow/dags/trade_fish_dag.py took 0.127 seconds
[2026-04-13T23:58:35.170+0000] {processor.py:161} INFO - Started process (PID=23472) to work on /opt/airflow/dags/trade_fish_dag.py
[2026-04-13T23:58:35.171+0000] {processor.py:830} INFO - Processing file /opt/airflow/dags/trade_fish_dag.py for tasks to queue
[2026-04-13T23:58:35.172+0000] {logging_mixin.py:188} INFO - [2026-04-13T23:58:35.172+0000] {dagbag.py:538} INFO - Filling up the DagBag from /opt/airflow/dags/trade_fish_dag.py
[2026-04-13T23:58:35.190+0000] {processor.py:840} INFO - DAG(s) 'fish_trade_pipeline' retrieved from /opt/airflow/dags/trade_fish_dag.py
[2026-04-13T23:58:35.217+0000] {logging_mixin.py:188} INFO - [2026-04-13T23:58:35.217+0000] {dag.py:3036} INFO - Sync 1 DAGs
[2026-04-13T23:58:35.232+0000] {logging_mixin.py:188} INFO - [2026-04-13T23:58:35.232+0000] {dag.py:3823} INFO - Setting next_dagrun for fish_trade_pipeline to 2026-05-01 10:00:00+00:00, run_after=2026-06-01 10:00:00+00:00
[2026-04-13T23:58:35.249+0000] {processor.py:183} INFO - Processing /opt/airflow/dags/trade_fish_dag.py took 0.083 seconds
[2026-04-13T23:59:05.577+0000] {processor.py:161} INFO - Started process (PID=23484) to work on /opt/airflow/dags/trade_fish_dag.py
[2026-04-13T23:59:05.578+0000] {processor.py:830} INFO - Processing file /opt/airflow/dags/trade_fish_dag.py for tasks to queue
[2026-04-13T23:59:05.579+0000] {logging_mixin.py:188} INFO - [2026-04-13T23:59:05.579+0000] {dagbag.py:538} INFO - Filling up the DagBag from /opt/airflow/dags/trade_fish_dag.py
[2026-04-13T23:59:05.595+0000] {processor.py:840} INFO - DAG(s) 'fish_trade_pipeline' retrieved from /opt/airflow/dags/trade_fish_dag.py
[2026-04-13T23:59:05.623+0000] {logging_mixin.py:188} INFO - [2026-04-13T23:59:05.623+0000] {dag.py:3036} INFO - Sync 1 DAGs
[2026-04-13T23:59:05.641+0000] {logging_mixin.py:188} INFO - [2026-04-13T23:59:05.641+0000] {dag.py:3823} INFO - Setting next_dagrun for fish_trade_pipeline to 2026-05-01 10:00:00+00:00, run_after=2026-06-01 10:00:00+00:00
[2026-04-13T23:59:05.657+0000] {processor.py:183} INFO - Processing /opt/airflow/dags/trade_fish_dag.py took 0.083 seconds
[2026-04-13T23:59:35.986+0000] {processor.py:161} INFO - Started process (PID=23495) to work on /opt/airflow/dags/trade_fish_dag.py
[2026-04-13T23:59:35.988+0000] {processor.py:830} INFO - Processing file /opt/airflow/dags/trade_fish_dag.py for tasks to queue
[2026-04-13T23:59:35.989+0000] {logging_mixin.py:188} INFO - [2026-04-13T23:59:35.989+0000] {dagbag.py:538} INFO - Filling up the DagBag from /opt/airflow/dags/trade_fish_dag.py
[2026-04-13T23:59:36.015+0000] {processor.py:840} INFO - DAG(s) 'fish_trade_pipeline' retrieved from /opt/airflow/dags/trade_fish_dag.py
[2026-04-13T23:59:36.043+0000] {logging_mixin.py:188} INFO - [2026-04-13T23:59:36.043+0000] {dag.py:3036} INFO - Sync 1 DAGs
[2026-04-13T23:59:36.059+0000] {logging_mixin.py:188} INFO - [2026-04-13T23:59:36.058+0000] {dag.py:3823} INFO - Setting next_dagrun for fish_trade_pipeline to 2026-05-01 10:00:00+00:00, run_after=2026-06-01 10:00:00+00:00
[2026-04-13T23:59:36.076+0000] {processor.py:183} INFO - Processing /opt/airflow/dags/trade_fish_dag.py took 0.094 seconds
