[2026-04-15T00:00:12.992+0000] {processor.py:161} INFO - Started process (PID=38558) to work on /opt/airflow/dags/trade_fish_dag.py
[2026-04-15T00:00:12.993+0000] {processor.py:830} INFO - Processing file /opt/airflow/dags/trade_fish_dag.py for tasks to queue
[2026-04-15T00:00:12.995+0000] {logging_mixin.py:188} INFO - [2026-04-15T00:00:12.995+0000] {dagbag.py:538} INFO - Filling up the DagBag from /opt/airflow/dags/trade_fish_dag.py
[2026-04-15T00:00:13.028+0000] {processor.py:840} INFO - DAG(s) 'fish_trade_pipeline' retrieved from /opt/airflow/dags/trade_fish_dag.py
[2026-04-15T00:00:13.069+0000] {logging_mixin.py:188} INFO - [2026-04-15T00:00:13.069+0000] {dag.py:3036} INFO - Sync 1 DAGs
[2026-04-15T00:00:13.084+0000] {logging_mixin.py:188} INFO - [2026-04-15T00:00:13.084+0000] {dag.py:3823} INFO - Setting next_dagrun for fish_trade_pipeline to 2026-05-01 10:00:00+00:00, run_after=2026-06-01 10:00:00+00:00
[2026-04-15T00:00:13.102+0000] {processor.py:183} INFO - Processing /opt/airflow/dags/trade_fish_dag.py took 0.115 seconds
[2026-04-15T00:00:43.303+0000] {processor.py:161} INFO - Started process (PID=38569) to work on /opt/airflow/dags/trade_fish_dag.py
[2026-04-15T00:00:43.304+0000] {processor.py:830} INFO - Processing file /opt/airflow/dags/trade_fish_dag.py for tasks to queue
[2026-04-15T00:00:43.305+0000] {logging_mixin.py:188} INFO - [2026-04-15T00:00:43.305+0000] {dagbag.py:538} INFO - Filling up the DagBag from /opt/airflow/dags/trade_fish_dag.py
[2026-04-15T00:00:43.327+0000] {processor.py:840} INFO - DAG(s) 'fish_trade_pipeline' retrieved from /opt/airflow/dags/trade_fish_dag.py
[2026-04-15T00:00:43.354+0000] {logging_mixin.py:188} INFO - [2026-04-15T00:00:43.354+0000] {dag.py:3036} INFO - Sync 1 DAGs
[2026-04-15T00:00:43.370+0000] {logging_mixin.py:188} INFO - [2026-04-15T00:00:43.370+0000] {dag.py:3823} INFO - Setting next_dagrun for fish_trade_pipeline to 2026-05-01 10:00:00+00:00, run_after=2026-06-01 10:00:00+00:00
[2026-04-15T00:00:43.387+0000] {processor.py:183} INFO - Processing /opt/airflow/dags/trade_fish_dag.py took 0.089 seconds
[2026-04-15T00:01:13.661+0000] {processor.py:161} INFO - Started process (PID=38580) to work on /opt/airflow/dags/trade_fish_dag.py
[2026-04-15T00:01:13.663+0000] {processor.py:830} INFO - Processing file /opt/airflow/dags/trade_fish_dag.py for tasks to queue
[2026-04-15T00:01:13.664+0000] {logging_mixin.py:188} INFO - [2026-04-15T00:01:13.664+0000] {dagbag.py:538} INFO - Filling up the DagBag from /opt/airflow/dags/trade_fish_dag.py
[2026-04-15T00:01:13.703+0000] {processor.py:840} INFO - DAG(s) 'fish_trade_pipeline' retrieved from /opt/airflow/dags/trade_fish_dag.py
[2026-04-15T00:01:13.736+0000] {logging_mixin.py:188} INFO - [2026-04-15T00:01:13.736+0000] {dag.py:3036} INFO - Sync 1 DAGs
[2026-04-15T00:01:13.750+0000] {logging_mixin.py:188} INFO - [2026-04-15T00:01:13.750+0000] {dag.py:3823} INFO - Setting next_dagrun for fish_trade_pipeline to 2026-05-01 10:00:00+00:00, run_after=2026-06-01 10:00:00+00:00
[2026-04-15T00:01:13.765+0000] {processor.py:183} INFO - Processing /opt/airflow/dags/trade_fish_dag.py took 0.107 seconds
[2026-04-15T00:01:44.072+0000] {processor.py:161} INFO - Started process (PID=38591) to work on /opt/airflow/dags/trade_fish_dag.py
[2026-04-15T00:01:44.073+0000] {processor.py:830} INFO - Processing file /opt/airflow/dags/trade_fish_dag.py for tasks to queue
[2026-04-15T00:01:44.074+0000] {logging_mixin.py:188} INFO - [2026-04-15T00:01:44.074+0000] {dagbag.py:538} INFO - Filling up the DagBag from /opt/airflow/dags/trade_fish_dag.py
[2026-04-15T00:01:44.090+0000] {processor.py:840} INFO - DAG(s) 'fish_trade_pipeline' retrieved from /opt/airflow/dags/trade_fish_dag.py
[2026-04-15T00:01:44.116+0000] {logging_mixin.py:188} INFO - [2026-04-15T00:01:44.116+0000] {dag.py:3036} INFO - Sync 1 DAGs
[2026-04-15T00:01:44.131+0000] {logging_mixin.py:188} INFO - [2026-04-15T00:01:44.131+0000] {dag.py:3823} INFO - Setting next_dagrun for fish_trade_pipeline to 2026-05-01 10:00:00+00:00, run_after=2026-06-01 10:00:00+00:00
[2026-04-15T00:01:44.149+0000] {processor.py:183} INFO - Processing /opt/airflow/dags/trade_fish_dag.py took 0.079 seconds
[2026-04-15T00:02:14.568+0000] {processor.py:161} INFO - Started process (PID=38602) to work on /opt/airflow/dags/trade_fish_dag.py
[2026-04-15T00:02:14.569+0000] {processor.py:830} INFO - Processing file /opt/airflow/dags/trade_fish_dag.py for tasks to queue
[2026-04-15T00:02:14.570+0000] {logging_mixin.py:188} INFO - [2026-04-15T00:02:14.570+0000] {dagbag.py:538} INFO - Filling up the DagBag from /opt/airflow/dags/trade_fish_dag.py
[2026-04-15T00:02:14.599+0000] {processor.py:840} INFO - DAG(s) 'fish_trade_pipeline' retrieved from /opt/airflow/dags/trade_fish_dag.py
[2026-04-15T00:02:14.635+0000] {logging_mixin.py:188} INFO - [2026-04-15T00:02:14.635+0000] {dag.py:3036} INFO - Sync 1 DAGs
[2026-04-15T00:02:14.652+0000] {logging_mixin.py:188} INFO - [2026-04-15T00:02:14.651+0000] {dag.py:3823} INFO - Setting next_dagrun for fish_trade_pipeline to 2026-05-01 10:00:00+00:00, run_after=2026-06-01 10:00:00+00:00
[2026-04-15T00:02:14.674+0000] {processor.py:183} INFO - Processing /opt/airflow/dags/trade_fish_dag.py took 0.109 seconds
[2026-04-15T00:02:44.943+0000] {processor.py:161} INFO - Started process (PID=38613) to work on /opt/airflow/dags/trade_fish_dag.py
[2026-04-15T00:02:44.944+0000] {processor.py:830} INFO - Processing file /opt/airflow/dags/trade_fish_dag.py for tasks to queue
[2026-04-15T00:02:44.945+0000] {logging_mixin.py:188} INFO - [2026-04-15T00:02:44.945+0000] {dagbag.py:538} INFO - Filling up the DagBag from /opt/airflow/dags/trade_fish_dag.py
[2026-04-15T00:02:44.968+0000] {processor.py:840} INFO - DAG(s) 'fish_trade_pipeline' retrieved from /opt/airflow/dags/trade_fish_dag.py
[2026-04-15T00:02:44.995+0000] {logging_mixin.py:188} INFO - [2026-04-15T00:02:44.995+0000] {dag.py:3036} INFO - Sync 1 DAGs
[2026-04-15T00:02:45.012+0000] {logging_mixin.py:188} INFO - [2026-04-15T00:02:45.011+0000] {dag.py:3823} INFO - Setting next_dagrun for fish_trade_pipeline to 2026-05-01 10:00:00+00:00, run_after=2026-06-01 10:00:00+00:00
[2026-04-15T00:02:45.028+0000] {processor.py:183} INFO - Processing /opt/airflow/dags/trade_fish_dag.py took 0.088 seconds
[2026-04-15T00:03:15.234+0000] {processor.py:161} INFO - Started process (PID=38624) to work on /opt/airflow/dags/trade_fish_dag.py
[2026-04-15T00:03:15.236+0000] {processor.py:830} INFO - Processing file /opt/airflow/dags/trade_fish_dag.py for tasks to queue
[2026-04-15T00:03:15.237+0000] {logging_mixin.py:188} INFO - [2026-04-15T00:03:15.237+0000] {dagbag.py:538} INFO - Filling up the DagBag from /opt/airflow/dags/trade_fish_dag.py
[2026-04-15T00:03:15.313+0000] {processor.py:840} INFO - DAG(s) 'fish_trade_pipeline' retrieved from /opt/airflow/dags/trade_fish_dag.py
[2026-04-15T00:03:15.351+0000] {logging_mixin.py:188} INFO - [2026-04-15T00:03:15.351+0000] {dag.py:3036} INFO - Sync 1 DAGs
[2026-04-15T00:03:15.366+0000] {logging_mixin.py:188} INFO - [2026-04-15T00:03:15.366+0000] {dag.py:3823} INFO - Setting next_dagrun for fish_trade_pipeline to 2026-05-01 10:00:00+00:00, run_after=2026-06-01 10:00:00+00:00
[2026-04-15T00:03:15.382+0000] {processor.py:183} INFO - Processing /opt/airflow/dags/trade_fish_dag.py took 0.153 seconds
[2026-04-15T00:03:45.543+0000] {processor.py:161} INFO - Started process (PID=38635) to work on /opt/airflow/dags/trade_fish_dag.py
[2026-04-15T00:03:45.544+0000] {processor.py:830} INFO - Processing file /opt/airflow/dags/trade_fish_dag.py for tasks to queue
[2026-04-15T00:03:45.545+0000] {logging_mixin.py:188} INFO - [2026-04-15T00:03:45.545+0000] {dagbag.py:538} INFO - Filling up the DagBag from /opt/airflow/dags/trade_fish_dag.py
[2026-04-15T00:03:45.563+0000] {processor.py:840} INFO - DAG(s) 'fish_trade_pipeline' retrieved from /opt/airflow/dags/trade_fish_dag.py
[2026-04-15T00:03:45.590+0000] {logging_mixin.py:188} INFO - [2026-04-15T00:03:45.590+0000] {dag.py:3036} INFO - Sync 1 DAGs
[2026-04-15T00:03:45.607+0000] {logging_mixin.py:188} INFO - [2026-04-15T00:03:45.607+0000] {dag.py:3823} INFO - Setting next_dagrun for fish_trade_pipeline to 2026-05-01 10:00:00+00:00, run_after=2026-06-01 10:00:00+00:00
[2026-04-15T00:03:45.627+0000] {processor.py:183} INFO - Processing /opt/airflow/dags/trade_fish_dag.py took 0.087 seconds
[2026-04-15T00:04:15.832+0000] {processor.py:161} INFO - Started process (PID=38646) to work on /opt/airflow/dags/trade_fish_dag.py
[2026-04-15T00:04:15.833+0000] {processor.py:830} INFO - Processing file /opt/airflow/dags/trade_fish_dag.py for tasks to queue
[2026-04-15T00:04:15.834+0000] {logging_mixin.py:188} INFO - [2026-04-15T00:04:15.834+0000] {dagbag.py:538} INFO - Filling up the DagBag from /opt/airflow/dags/trade_fish_dag.py
[2026-04-15T00:04:15.914+0000] {processor.py:840} INFO - DAG(s) 'fish_trade_pipeline' retrieved from /opt/airflow/dags/trade_fish_dag.py
[2026-04-15T00:04:15.957+0000] {logging_mixin.py:188} INFO - [2026-04-15T00:04:15.957+0000] {dag.py:3036} INFO - Sync 1 DAGs
[2026-04-15T00:04:15.976+0000] {logging_mixin.py:188} INFO - [2026-04-15T00:04:15.975+0000] {dag.py:3823} INFO - Setting next_dagrun for fish_trade_pipeline to 2026-05-01 10:00:00+00:00, run_after=2026-06-01 10:00:00+00:00
[2026-04-15T00:04:15.995+0000] {processor.py:183} INFO - Processing /opt/airflow/dags/trade_fish_dag.py took 0.167 seconds
[2026-04-15T00:04:46.336+0000] {processor.py:161} INFO - Started process (PID=38657) to work on /opt/airflow/dags/trade_fish_dag.py
[2026-04-15T00:04:46.338+0000] {processor.py:830} INFO - Processing file /opt/airflow/dags/trade_fish_dag.py for tasks to queue
[2026-04-15T00:04:46.340+0000] {logging_mixin.py:188} INFO - [2026-04-15T00:04:46.340+0000] {dagbag.py:538} INFO - Filling up the DagBag from /opt/airflow/dags/trade_fish_dag.py
[2026-04-15T00:04:46.391+0000] {processor.py:840} INFO - DAG(s) 'fish_trade_pipeline' retrieved from /opt/airflow/dags/trade_fish_dag.py
[2026-04-15T00:04:46.509+0000] {logging_mixin.py:188} INFO - [2026-04-15T00:04:46.509+0000] {dag.py:3036} INFO - Sync 1 DAGs
[2026-04-15T00:04:46.533+0000] {logging_mixin.py:188} INFO - [2026-04-15T00:04:46.532+0000] {dag.py:3823} INFO - Setting next_dagrun for fish_trade_pipeline to 2026-05-01 10:00:00+00:00, run_after=2026-06-01 10:00:00+00:00
[2026-04-15T00:04:46.610+0000] {processor.py:183} INFO - Processing /opt/airflow/dags/trade_fish_dag.py took 0.279 seconds
[2026-04-15T00:05:16.791+0000] {processor.py:161} INFO - Started process (PID=38668) to work on /opt/airflow/dags/trade_fish_dag.py
[2026-04-15T00:05:16.792+0000] {processor.py:830} INFO - Processing file /opt/airflow/dags/trade_fish_dag.py for tasks to queue
[2026-04-15T00:05:16.794+0000] {logging_mixin.py:188} INFO - [2026-04-15T00:05:16.793+0000] {dagbag.py:538} INFO - Filling up the DagBag from /opt/airflow/dags/trade_fish_dag.py
[2026-04-15T00:05:16.839+0000] {processor.py:840} INFO - DAG(s) 'fish_trade_pipeline' retrieved from /opt/airflow/dags/trade_fish_dag.py
[2026-04-15T00:05:16.913+0000] {logging_mixin.py:188} INFO - [2026-04-15T00:05:16.913+0000] {dag.py:3036} INFO - Sync 1 DAGs
[2026-04-15T00:05:16.930+0000] {logging_mixin.py:188} INFO - [2026-04-15T00:05:16.930+0000] {dag.py:3823} INFO - Setting next_dagrun for fish_trade_pipeline to 2026-05-01 10:00:00+00:00, run_after=2026-06-01 10:00:00+00:00
[2026-04-15T00:05:16.946+0000] {processor.py:183} INFO - Processing /opt/airflow/dags/trade_fish_dag.py took 0.159 seconds
[2026-04-15T00:05:47.392+0000] {processor.py:161} INFO - Started process (PID=38679) to work on /opt/airflow/dags/trade_fish_dag.py
[2026-04-15T00:05:47.394+0000] {processor.py:830} INFO - Processing file /opt/airflow/dags/trade_fish_dag.py for tasks to queue
[2026-04-15T00:05:47.395+0000] {logging_mixin.py:188} INFO - [2026-04-15T00:05:47.395+0000] {dagbag.py:538} INFO - Filling up the DagBag from /opt/airflow/dags/trade_fish_dag.py
[2026-04-15T00:05:47.475+0000] {processor.py:840} INFO - DAG(s) 'fish_trade_pipeline' retrieved from /opt/airflow/dags/trade_fish_dag.py
[2026-04-15T00:05:47.506+0000] {logging_mixin.py:188} INFO - [2026-04-15T00:05:47.506+0000] {dag.py:3036} INFO - Sync 1 DAGs
[2026-04-15T00:05:47.521+0000] {logging_mixin.py:188} INFO - [2026-04-15T00:05:47.521+0000] {dag.py:3823} INFO - Setting next_dagrun for fish_trade_pipeline to 2026-05-01 10:00:00+00:00, run_after=2026-06-01 10:00:00+00:00
[2026-04-15T00:05:47.587+0000] {processor.py:183} INFO - Processing /opt/airflow/dags/trade_fish_dag.py took 0.200 seconds
[2026-04-15T00:06:17.761+0000] {processor.py:161} INFO - Started process (PID=38690) to work on /opt/airflow/dags/trade_fish_dag.py
[2026-04-15T00:06:17.762+0000] {processor.py:830} INFO - Processing file /opt/airflow/dags/trade_fish_dag.py for tasks to queue
[2026-04-15T00:06:17.763+0000] {logging_mixin.py:188} INFO - [2026-04-15T00:06:17.763+0000] {dagbag.py:538} INFO - Filling up the DagBag from /opt/airflow/dags/trade_fish_dag.py
[2026-04-15T00:06:17.785+0000] {processor.py:840} INFO - DAG(s) 'fish_trade_pipeline' retrieved from /opt/airflow/dags/trade_fish_dag.py
[2026-04-15T00:06:17.820+0000] {logging_mixin.py:188} INFO - [2026-04-15T00:06:17.820+0000] {dag.py:3036} INFO - Sync 1 DAGs
[2026-04-15T00:06:17.837+0000] {logging_mixin.py:188} INFO - [2026-04-15T00:06:17.837+0000] {dag.py:3823} INFO - Setting next_dagrun for fish_trade_pipeline to 2026-05-01 10:00:00+00:00, run_after=2026-06-01 10:00:00+00:00
[2026-04-15T00:06:17.852+0000] {processor.py:183} INFO - Processing /opt/airflow/dags/trade_fish_dag.py took 0.094 seconds
[2026-04-15T00:06:48.246+0000] {processor.py:161} INFO - Started process (PID=38701) to work on /opt/airflow/dags/trade_fish_dag.py
[2026-04-15T00:06:48.248+0000] {processor.py:830} INFO - Processing file /opt/airflow/dags/trade_fish_dag.py for tasks to queue
[2026-04-15T00:06:48.250+0000] {logging_mixin.py:188} INFO - [2026-04-15T00:06:48.250+0000] {dagbag.py:538} INFO - Filling up the DagBag from /opt/airflow/dags/trade_fish_dag.py
[2026-04-15T00:06:48.312+0000] {processor.py:840} INFO - DAG(s) 'fish_trade_pipeline' retrieved from /opt/airflow/dags/trade_fish_dag.py
[2026-04-15T00:06:48.361+0000] {logging_mixin.py:188} INFO - [2026-04-15T00:06:48.361+0000] {dag.py:3036} INFO - Sync 1 DAGs
[2026-04-15T00:06:48.380+0000] {logging_mixin.py:188} INFO - [2026-04-15T00:06:48.379+0000] {dag.py:3823} INFO - Setting next_dagrun for fish_trade_pipeline to 2026-05-01 10:00:00+00:00, run_after=2026-06-01 10:00:00+00:00
[2026-04-15T00:06:48.413+0000] {processor.py:183} INFO - Processing /opt/airflow/dags/trade_fish_dag.py took 0.169 seconds
[2026-04-15T00:07:18.588+0000] {processor.py:161} INFO - Started process (PID=38712) to work on /opt/airflow/dags/trade_fish_dag.py
[2026-04-15T00:07:18.589+0000] {processor.py:830} INFO - Processing file /opt/airflow/dags/trade_fish_dag.py for tasks to queue
[2026-04-15T00:07:18.590+0000] {logging_mixin.py:188} INFO - [2026-04-15T00:07:18.590+0000] {dagbag.py:538} INFO - Filling up the DagBag from /opt/airflow/dags/trade_fish_dag.py
[2026-04-15T00:07:18.618+0000] {processor.py:840} INFO - DAG(s) 'fish_trade_pipeline' retrieved from /opt/airflow/dags/trade_fish_dag.py
[2026-04-15T00:07:18.653+0000] {logging_mixin.py:188} INFO - [2026-04-15T00:07:18.653+0000] {dag.py:3036} INFO - Sync 1 DAGs
[2026-04-15T00:07:18.668+0000] {logging_mixin.py:188} INFO - [2026-04-15T00:07:18.667+0000] {dag.py:3823} INFO - Setting next_dagrun for fish_trade_pipeline to 2026-05-01 10:00:00+00:00, run_after=2026-06-01 10:00:00+00:00
[2026-04-15T00:07:18.684+0000] {processor.py:183} INFO - Processing /opt/airflow/dags/trade_fish_dag.py took 0.099 seconds
[2026-04-15T00:07:49.019+0000] {processor.py:161} INFO - Started process (PID=38723) to work on /opt/airflow/dags/trade_fish_dag.py
[2026-04-15T00:07:49.021+0000] {processor.py:830} INFO - Processing file /opt/airflow/dags/trade_fish_dag.py for tasks to queue
[2026-04-15T00:07:49.022+0000] {logging_mixin.py:188} INFO - [2026-04-15T00:07:49.022+0000] {dagbag.py:538} INFO - Filling up the DagBag from /opt/airflow/dags/trade_fish_dag.py
[2026-04-15T00:07:49.054+0000] {processor.py:840} INFO - DAG(s) 'fish_trade_pipeline' retrieved from /opt/airflow/dags/trade_fish_dag.py
[2026-04-15T00:07:49.082+0000] {logging_mixin.py:188} INFO - [2026-04-15T00:07:49.082+0000] {dag.py:3036} INFO - Sync 1 DAGs
[2026-04-15T00:07:49.098+0000] {logging_mixin.py:188} INFO - [2026-04-15T00:07:49.098+0000] {dag.py:3823} INFO - Setting next_dagrun for fish_trade_pipeline to 2026-05-01 10:00:00+00:00, run_after=2026-06-01 10:00:00+00:00
[2026-04-15T00:07:49.117+0000] {processor.py:183} INFO - Processing /opt/airflow/dags/trade_fish_dag.py took 0.101 seconds
[2026-04-15T00:08:19.291+0000] {processor.py:161} INFO - Started process (PID=38734) to work on /opt/airflow/dags/trade_fish_dag.py
[2026-04-15T00:08:19.292+0000] {processor.py:830} INFO - Processing file /opt/airflow/dags/trade_fish_dag.py for tasks to queue
[2026-04-15T00:08:19.294+0000] {logging_mixin.py:188} INFO - [2026-04-15T00:08:19.293+0000] {dagbag.py:538} INFO - Filling up the DagBag from /opt/airflow/dags/trade_fish_dag.py
[2026-04-15T00:08:19.379+0000] {processor.py:840} INFO - DAG(s) 'fish_trade_pipeline' retrieved from /opt/airflow/dags/trade_fish_dag.py
[2026-04-15T00:08:19.422+0000] {logging_mixin.py:188} INFO - [2026-04-15T00:08:19.422+0000] {dag.py:3036} INFO - Sync 1 DAGs
[2026-04-15T00:08:19.441+0000] {logging_mixin.py:188} INFO - [2026-04-15T00:08:19.441+0000] {dag.py:3823} INFO - Setting next_dagrun for fish_trade_pipeline to 2026-05-01 10:00:00+00:00, run_after=2026-06-01 10:00:00+00:00
[2026-04-15T00:08:19.460+0000] {processor.py:183} INFO - Processing /opt/airflow/dags/trade_fish_dag.py took 0.172 seconds
[2026-04-15T00:08:49.774+0000] {processor.py:161} INFO - Started process (PID=38745) to work on /opt/airflow/dags/trade_fish_dag.py
[2026-04-15T00:08:49.775+0000] {processor.py:830} INFO - Processing file /opt/airflow/dags/trade_fish_dag.py for tasks to queue
[2026-04-15T00:08:49.776+0000] {logging_mixin.py:188} INFO - [2026-04-15T00:08:49.776+0000] {dagbag.py:538} INFO - Filling up the DagBag from /opt/airflow/dags/trade_fish_dag.py
[2026-04-15T00:08:49.814+0000] {processor.py:840} INFO - DAG(s) 'fish_trade_pipeline' retrieved from /opt/airflow/dags/trade_fish_dag.py
[2026-04-15T00:08:49.846+0000] {logging_mixin.py:188} INFO - [2026-04-15T00:08:49.846+0000] {dag.py:3036} INFO - Sync 1 DAGs
[2026-04-15T00:08:49.867+0000] {logging_mixin.py:188} INFO - [2026-04-15T00:08:49.866+0000] {dag.py:3823} INFO - Setting next_dagrun for fish_trade_pipeline to 2026-05-01 10:00:00+00:00, run_after=2026-06-01 10:00:00+00:00
[2026-04-15T00:08:49.905+0000] {processor.py:183} INFO - Processing /opt/airflow/dags/trade_fish_dag.py took 0.134 seconds
[2026-04-15T00:09:20.070+0000] {processor.py:161} INFO - Started process (PID=38756) to work on /opt/airflow/dags/trade_fish_dag.py
[2026-04-15T00:09:20.071+0000] {processor.py:830} INFO - Processing file /opt/airflow/dags/trade_fish_dag.py for tasks to queue
[2026-04-15T00:09:20.073+0000] {logging_mixin.py:188} INFO - [2026-04-15T00:09:20.072+0000] {dagbag.py:538} INFO - Filling up the DagBag from /opt/airflow/dags/trade_fish_dag.py
[2026-04-15T00:09:20.109+0000] {processor.py:840} INFO - DAG(s) 'fish_trade_pipeline' retrieved from /opt/airflow/dags/trade_fish_dag.py
[2026-04-15T00:09:20.135+0000] {logging_mixin.py:188} INFO - [2026-04-15T00:09:20.135+0000] {dag.py:3036} INFO - Sync 1 DAGs
[2026-04-15T00:09:20.150+0000] {logging_mixin.py:188} INFO - [2026-04-15T00:09:20.150+0000] {dag.py:3823} INFO - Setting next_dagrun for fish_trade_pipeline to 2026-05-01 10:00:00+00:00, run_after=2026-06-01 10:00:00+00:00
[2026-04-15T00:09:20.227+0000] {processor.py:183} INFO - Processing /opt/airflow/dags/trade_fish_dag.py took 0.161 seconds
[2026-04-15T00:09:50.604+0000] {processor.py:161} INFO - Started process (PID=38767) to work on /opt/airflow/dags/trade_fish_dag.py
[2026-04-15T00:09:50.612+0000] {processor.py:830} INFO - Processing file /opt/airflow/dags/trade_fish_dag.py for tasks to queue
[2026-04-15T00:09:50.613+0000] {logging_mixin.py:188} INFO - [2026-04-15T00:09:50.613+0000] {dagbag.py:538} INFO - Filling up the DagBag from /opt/airflow/dags/trade_fish_dag.py
[2026-04-15T00:09:50.652+0000] {processor.py:840} INFO - DAG(s) 'fish_trade_pipeline' retrieved from /opt/airflow/dags/trade_fish_dag.py
[2026-04-15T00:09:50.684+0000] {logging_mixin.py:188} INFO - [2026-04-15T00:09:50.684+0000] {dag.py:3036} INFO - Sync 1 DAGs
[2026-04-15T00:09:50.700+0000] {logging_mixin.py:188} INFO - [2026-04-15T00:09:50.699+0000] {dag.py:3823} INFO - Setting next_dagrun for fish_trade_pipeline to 2026-05-01 10:00:00+00:00, run_after=2026-06-01 10:00:00+00:00
[2026-04-15T00:09:50.780+0000] {processor.py:183} INFO - Processing /opt/airflow/dags/trade_fish_dag.py took 0.178 seconds
[2026-04-15T00:10:21.097+0000] {processor.py:161} INFO - Started process (PID=38778) to work on /opt/airflow/dags/trade_fish_dag.py
[2026-04-15T00:10:21.105+0000] {processor.py:830} INFO - Processing file /opt/airflow/dags/trade_fish_dag.py for tasks to queue
[2026-04-15T00:10:21.112+0000] {logging_mixin.py:188} INFO - [2026-04-15T00:10:21.112+0000] {dagbag.py:538} INFO - Filling up the DagBag from /opt/airflow/dags/trade_fish_dag.py
[2026-04-15T00:10:21.140+0000] {processor.py:840} INFO - DAG(s) 'fish_trade_pipeline' retrieved from /opt/airflow/dags/trade_fish_dag.py
[2026-04-15T00:10:21.199+0000] {logging_mixin.py:188} INFO - [2026-04-15T00:10:21.199+0000] {dag.py:3036} INFO - Sync 1 DAGs
[2026-04-15T00:10:21.216+0000] {logging_mixin.py:188} INFO - [2026-04-15T00:10:21.216+0000] {dag.py:3823} INFO - Setting next_dagrun for fish_trade_pipeline to 2026-05-01 10:00:00+00:00, run_after=2026-06-01 10:00:00+00:00
[2026-04-15T00:10:21.291+0000] {processor.py:183} INFO - Processing /opt/airflow/dags/trade_fish_dag.py took 0.201 seconds
[2026-04-15T00:10:51.560+0000] {processor.py:161} INFO - Started process (PID=38789) to work on /opt/airflow/dags/trade_fish_dag.py
[2026-04-15T00:10:51.562+0000] {processor.py:830} INFO - Processing file /opt/airflow/dags/trade_fish_dag.py for tasks to queue
[2026-04-15T00:10:51.563+0000] {logging_mixin.py:188} INFO - [2026-04-15T00:10:51.563+0000] {dagbag.py:538} INFO - Filling up the DagBag from /opt/airflow/dags/trade_fish_dag.py
[2026-04-15T00:10:51.603+0000] {processor.py:840} INFO - DAG(s) 'fish_trade_pipeline' retrieved from /opt/airflow/dags/trade_fish_dag.py
[2026-04-15T00:10:51.641+0000] {logging_mixin.py:188} INFO - [2026-04-15T00:10:51.641+0000] {dag.py:3036} INFO - Sync 1 DAGs
[2026-04-15T00:10:51.658+0000] {logging_mixin.py:188} INFO - [2026-04-15T00:10:51.658+0000] {dag.py:3823} INFO - Setting next_dagrun for fish_trade_pipeline to 2026-05-01 10:00:00+00:00, run_after=2026-06-01 10:00:00+00:00
[2026-04-15T00:10:51.679+0000] {processor.py:183} INFO - Processing /opt/airflow/dags/trade_fish_dag.py took 0.123 seconds
[2026-04-15T00:11:21.863+0000] {processor.py:161} INFO - Started process (PID=38800) to work on /opt/airflow/dags/trade_fish_dag.py
[2026-04-15T00:11:21.864+0000] {processor.py:830} INFO - Processing file /opt/airflow/dags/trade_fish_dag.py for tasks to queue
[2026-04-15T00:11:21.865+0000] {logging_mixin.py:188} INFO - [2026-04-15T00:11:21.864+0000] {dagbag.py:538} INFO - Filling up the DagBag from /opt/airflow/dags/trade_fish_dag.py
[2026-04-15T00:11:21.881+0000] {processor.py:840} INFO - DAG(s) 'fish_trade_pipeline' retrieved from /opt/airflow/dags/trade_fish_dag.py
[2026-04-15T00:11:21.906+0000] {logging_mixin.py:188} INFO - [2026-04-15T00:11:21.906+0000] {dag.py:3036} INFO - Sync 1 DAGs
[2026-04-15T00:11:21.921+0000] {logging_mixin.py:188} INFO - [2026-04-15T00:11:21.921+0000] {dag.py:3823} INFO - Setting next_dagrun for fish_trade_pipeline to 2026-05-01 10:00:00+00:00, run_after=2026-06-01 10:00:00+00:00
[2026-04-15T00:11:21.936+0000] {processor.py:183} INFO - Processing /opt/airflow/dags/trade_fish_dag.py took 0.076 seconds
[2026-04-15T00:11:52.314+0000] {processor.py:161} INFO - Started process (PID=38811) to work on /opt/airflow/dags/trade_fish_dag.py
[2026-04-15T00:11:52.316+0000] {processor.py:830} INFO - Processing file /opt/airflow/dags/trade_fish_dag.py for tasks to queue
[2026-04-15T00:11:52.317+0000] {logging_mixin.py:188} INFO - [2026-04-15T00:11:52.317+0000] {dagbag.py:538} INFO - Filling up the DagBag from /opt/airflow/dags/trade_fish_dag.py
[2026-04-15T00:11:52.345+0000] {processor.py:840} INFO - DAG(s) 'fish_trade_pipeline' retrieved from /opt/airflow/dags/trade_fish_dag.py
[2026-04-15T00:11:52.374+0000] {logging_mixin.py:188} INFO - [2026-04-15T00:11:52.374+0000] {dag.py:3036} INFO - Sync 1 DAGs
[2026-04-15T00:11:52.392+0000] {logging_mixin.py:188} INFO - [2026-04-15T00:11:52.392+0000] {dag.py:3823} INFO - Setting next_dagrun for fish_trade_pipeline to 2026-05-01 10:00:00+00:00, run_after=2026-06-01 10:00:00+00:00
[2026-04-15T00:11:52.411+0000] {processor.py:183} INFO - Processing /opt/airflow/dags/trade_fish_dag.py took 0.099 seconds
[2026-04-15T00:12:22.610+0000] {processor.py:161} INFO - Started process (PID=38822) to work on /opt/airflow/dags/trade_fish_dag.py
[2026-04-15T00:12:22.612+0000] {processor.py:830} INFO - Processing file /opt/airflow/dags/trade_fish_dag.py for tasks to queue
[2026-04-15T00:12:22.613+0000] {logging_mixin.py:188} INFO - [2026-04-15T00:12:22.612+0000] {dagbag.py:538} INFO - Filling up the DagBag from /opt/airflow/dags/trade_fish_dag.py
[2026-04-15T00:12:22.664+0000] {processor.py:840} INFO - DAG(s) 'fish_trade_pipeline' retrieved from /opt/airflow/dags/trade_fish_dag.py
[2026-04-15T00:12:22.696+0000] {logging_mixin.py:188} INFO - [2026-04-15T00:12:22.696+0000] {dag.py:3036} INFO - Sync 1 DAGs
[2026-04-15T00:12:22.712+0000] {logging_mixin.py:188} INFO - [2026-04-15T00:12:22.711+0000] {dag.py:3823} INFO - Setting next_dagrun for fish_trade_pipeline to 2026-05-01 10:00:00+00:00, run_after=2026-06-01 10:00:00+00:00
[2026-04-15T00:12:22.728+0000] {processor.py:183} INFO - Processing /opt/airflow/dags/trade_fish_dag.py took 0.125 seconds
[2026-04-15T00:12:53.082+0000] {processor.py:161} INFO - Started process (PID=38833) to work on /opt/airflow/dags/trade_fish_dag.py
[2026-04-15T00:12:53.083+0000] {processor.py:830} INFO - Processing file /opt/airflow/dags/trade_fish_dag.py for tasks to queue
[2026-04-15T00:12:53.085+0000] {logging_mixin.py:188} INFO - [2026-04-15T00:12:53.084+0000] {dagbag.py:538} INFO - Filling up the DagBag from /opt/airflow/dags/trade_fish_dag.py
[2026-04-15T00:12:53.102+0000] {processor.py:840} INFO - DAG(s) 'fish_trade_pipeline' retrieved from /opt/airflow/dags/trade_fish_dag.py
[2026-04-15T00:12:53.130+0000] {logging_mixin.py:188} INFO - [2026-04-15T00:12:53.130+0000] {dag.py:3036} INFO - Sync 1 DAGs
[2026-04-15T00:12:53.147+0000] {logging_mixin.py:188} INFO - [2026-04-15T00:12:53.147+0000] {dag.py:3823} INFO - Setting next_dagrun for fish_trade_pipeline to 2026-05-01 10:00:00+00:00, run_after=2026-06-01 10:00:00+00:00
[2026-04-15T00:12:53.224+0000] {processor.py:183} INFO - Processing /opt/airflow/dags/trade_fish_dag.py took 0.145 seconds
[2026-04-15T00:13:23.488+0000] {processor.py:161} INFO - Started process (PID=38844) to work on /opt/airflow/dags/trade_fish_dag.py
[2026-04-15T00:13:23.490+0000] {processor.py:830} INFO - Processing file /opt/airflow/dags/trade_fish_dag.py for tasks to queue
[2026-04-15T00:13:23.495+0000] {logging_mixin.py:188} INFO - [2026-04-15T00:13:23.494+0000] {dagbag.py:538} INFO - Filling up the DagBag from /opt/airflow/dags/trade_fish_dag.py
[2026-04-15T00:13:23.590+0000] {processor.py:840} INFO - DAG(s) 'fish_trade_pipeline' retrieved from /opt/airflow/dags/trade_fish_dag.py
[2026-04-15T00:13:23.624+0000] {logging_mixin.py:188} INFO - [2026-04-15T00:13:23.624+0000] {dag.py:3036} INFO - Sync 1 DAGs
[2026-04-15T00:13:23.641+0000] {logging_mixin.py:188} INFO - [2026-04-15T00:13:23.641+0000] {dag.py:3823} INFO - Setting next_dagrun for fish_trade_pipeline to 2026-05-01 10:00:00+00:00, run_after=2026-06-01 10:00:00+00:00
[2026-04-15T00:13:23.661+0000] {processor.py:183} INFO - Processing /opt/airflow/dags/trade_fish_dag.py took 0.180 seconds
[2026-04-15T00:13:54.067+0000] {processor.py:161} INFO - Started process (PID=38855) to work on /opt/airflow/dags/trade_fish_dag.py
[2026-04-15T00:13:54.068+0000] {processor.py:830} INFO - Processing file /opt/airflow/dags/trade_fish_dag.py for tasks to queue
[2026-04-15T00:13:54.070+0000] {logging_mixin.py:188} INFO - [2026-04-15T00:13:54.070+0000] {dagbag.py:538} INFO - Filling up the DagBag from /opt/airflow/dags/trade_fish_dag.py
[2026-04-15T00:13:54.125+0000] {processor.py:840} INFO - DAG(s) 'fish_trade_pipeline' retrieved from /opt/airflow/dags/trade_fish_dag.py
[2026-04-15T00:13:54.160+0000] {logging_mixin.py:188} INFO - [2026-04-15T00:13:54.160+0000] {dag.py:3036} INFO - Sync 1 DAGs
[2026-04-15T00:13:54.177+0000] {logging_mixin.py:188} INFO - [2026-04-15T00:13:54.177+0000] {dag.py:3823} INFO - Setting next_dagrun for fish_trade_pipeline to 2026-05-01 10:00:00+00:00, run_after=2026-06-01 10:00:00+00:00
[2026-04-15T00:13:54.254+0000] {processor.py:183} INFO - Processing /opt/airflow/dags/trade_fish_dag.py took 0.192 seconds
[2026-04-15T00:14:24.645+0000] {processor.py:161} INFO - Started process (PID=38866) to work on /opt/airflow/dags/trade_fish_dag.py
[2026-04-15T00:14:24.647+0000] {processor.py:830} INFO - Processing file /opt/airflow/dags/trade_fish_dag.py for tasks to queue
[2026-04-15T00:14:24.648+0000] {logging_mixin.py:188} INFO - [2026-04-15T00:14:24.648+0000] {dagbag.py:538} INFO - Filling up the DagBag from /opt/airflow/dags/trade_fish_dag.py
[2026-04-15T00:14:24.799+0000] {processor.py:840} INFO - DAG(s) 'fish_trade_pipeline' retrieved from /opt/airflow/dags/trade_fish_dag.py
[2026-04-15T00:14:24.866+0000] {logging_mixin.py:188} INFO - [2026-04-15T00:14:24.865+0000] {dag.py:3036} INFO - Sync 1 DAGs
[2026-04-15T00:14:24.881+0000] {logging_mixin.py:188} INFO - [2026-04-15T00:14:24.881+0000] {dag.py:3823} INFO - Setting next_dagrun for fish_trade_pipeline to 2026-05-01 10:00:00+00:00, run_after=2026-06-01 10:00:00+00:00
[2026-04-15T00:14:24.898+0000] {processor.py:183} INFO - Processing /opt/airflow/dags/trade_fish_dag.py took 0.258 seconds
[2026-04-15T00:14:55.129+0000] {processor.py:161} INFO - Started process (PID=38877) to work on /opt/airflow/dags/trade_fish_dag.py
[2026-04-15T00:14:55.132+0000] {processor.py:830} INFO - Processing file /opt/airflow/dags/trade_fish_dag.py for tasks to queue
[2026-04-15T00:14:55.133+0000] {logging_mixin.py:188} INFO - [2026-04-15T00:14:55.133+0000] {dagbag.py:538} INFO - Filling up the DagBag from /opt/airflow/dags/trade_fish_dag.py
[2026-04-15T00:14:55.167+0000] {processor.py:840} INFO - DAG(s) 'fish_trade_pipeline' retrieved from /opt/airflow/dags/trade_fish_dag.py
[2026-04-15T00:14:55.194+0000] {logging_mixin.py:188} INFO - [2026-04-15T00:14:55.194+0000] {dag.py:3036} INFO - Sync 1 DAGs
[2026-04-15T00:14:55.209+0000] {logging_mixin.py:188} INFO - [2026-04-15T00:14:55.209+0000] {dag.py:3823} INFO - Setting next_dagrun for fish_trade_pipeline to 2026-05-01 10:00:00+00:00, run_after=2026-06-01 10:00:00+00:00
[2026-04-15T00:14:55.224+0000] {processor.py:183} INFO - Processing /opt/airflow/dags/trade_fish_dag.py took 0.098 seconds
[2026-04-15T00:15:25.505+0000] {processor.py:161} INFO - Started process (PID=38888) to work on /opt/airflow/dags/trade_fish_dag.py
[2026-04-15T00:15:25.506+0000] {processor.py:830} INFO - Processing file /opt/airflow/dags/trade_fish_dag.py for tasks to queue
[2026-04-15T00:15:25.507+0000] {logging_mixin.py:188} INFO - [2026-04-15T00:15:25.507+0000] {dagbag.py:538} INFO - Filling up the DagBag from /opt/airflow/dags/trade_fish_dag.py
[2026-04-15T00:15:25.579+0000] {processor.py:840} INFO - DAG(s) 'fish_trade_pipeline' retrieved from /opt/airflow/dags/trade_fish_dag.py
[2026-04-15T00:15:25.615+0000] {logging_mixin.py:188} INFO - [2026-04-15T00:15:25.615+0000] {dag.py:3036} INFO - Sync 1 DAGs
[2026-04-15T00:15:25.632+0000] {logging_mixin.py:188} INFO - [2026-04-15T00:15:25.631+0000] {dag.py:3823} INFO - Setting next_dagrun for fish_trade_pipeline to 2026-05-01 10:00:00+00:00, run_after=2026-06-01 10:00:00+00:00
[2026-04-15T00:15:25.652+0000] {processor.py:183} INFO - Processing /opt/airflow/dags/trade_fish_dag.py took 0.151 seconds
[2026-04-15T00:15:55.947+0000] {processor.py:161} INFO - Started process (PID=38899) to work on /opt/airflow/dags/trade_fish_dag.py
[2026-04-15T00:15:55.948+0000] {processor.py:830} INFO - Processing file /opt/airflow/dags/trade_fish_dag.py for tasks to queue
[2026-04-15T00:15:55.952+0000] {logging_mixin.py:188} INFO - [2026-04-15T00:15:55.952+0000] {dagbag.py:538} INFO - Filling up the DagBag from /opt/airflow/dags/trade_fish_dag.py
[2026-04-15T00:15:55.989+0000] {processor.py:840} INFO - DAG(s) 'fish_trade_pipeline' retrieved from /opt/airflow/dags/trade_fish_dag.py
[2026-04-15T00:15:56.016+0000] {logging_mixin.py:188} INFO - [2026-04-15T00:15:56.016+0000] {dag.py:3036} INFO - Sync 1 DAGs
[2026-04-15T00:15:56.031+0000] {logging_mixin.py:188} INFO - [2026-04-15T00:15:56.031+0000] {dag.py:3823} INFO - Setting next_dagrun for fish_trade_pipeline to 2026-05-01 10:00:00+00:00, run_after=2026-06-01 10:00:00+00:00
[2026-04-15T00:15:56.050+0000] {processor.py:183} INFO - Processing /opt/airflow/dags/trade_fish_dag.py took 0.105 seconds
[2026-04-15T00:16:26.166+0000] {processor.py:161} INFO - Started process (PID=38910) to work on /opt/airflow/dags/trade_fish_dag.py
[2026-04-15T00:16:26.167+0000] {processor.py:830} INFO - Processing file /opt/airflow/dags/trade_fish_dag.py for tasks to queue
[2026-04-15T00:16:26.168+0000] {logging_mixin.py:188} INFO - [2026-04-15T00:16:26.168+0000] {dagbag.py:538} INFO - Filling up the DagBag from /opt/airflow/dags/trade_fish_dag.py
[2026-04-15T00:16:26.210+0000] {processor.py:840} INFO - DAG(s) 'fish_trade_pipeline' retrieved from /opt/airflow/dags/trade_fish_dag.py
[2026-04-15T00:16:26.245+0000] {logging_mixin.py:188} INFO - [2026-04-15T00:16:26.245+0000] {dag.py:3036} INFO - Sync 1 DAGs
[2026-04-15T00:16:26.262+0000] {logging_mixin.py:188} INFO - [2026-04-15T00:16:26.261+0000] {dag.py:3823} INFO - Setting next_dagrun for fish_trade_pipeline to 2026-05-01 10:00:00+00:00, run_after=2026-06-01 10:00:00+00:00
[2026-04-15T00:16:26.313+0000] {processor.py:183} INFO - Processing /opt/airflow/dags/trade_fish_dag.py took 0.151 seconds
[2026-04-15T00:16:56.983+0000] {processor.py:161} INFO - Started process (PID=38921) to work on /opt/airflow/dags/trade_fish_dag.py
[2026-04-15T00:16:56.985+0000] {processor.py:830} INFO - Processing file /opt/airflow/dags/trade_fish_dag.py for tasks to queue
[2026-04-15T00:16:56.987+0000] {logging_mixin.py:188} INFO - [2026-04-15T00:16:56.986+0000] {dagbag.py:538} INFO - Filling up the DagBag from /opt/airflow/dags/trade_fish_dag.py
[2026-04-15T00:16:57.030+0000] {processor.py:840} INFO - DAG(s) 'fish_trade_pipeline' retrieved from /opt/airflow/dags/trade_fish_dag.py
[2026-04-15T00:16:57.058+0000] {logging_mixin.py:188} INFO - [2026-04-15T00:16:57.058+0000] {dag.py:3036} INFO - Sync 1 DAGs
[2026-04-15T00:16:57.074+0000] {logging_mixin.py:188} INFO - [2026-04-15T00:16:57.073+0000] {dag.py:3823} INFO - Setting next_dagrun for fish_trade_pipeline to 2026-05-01 10:00:00+00:00, run_after=2026-06-01 10:00:00+00:00
[2026-04-15T00:16:57.110+0000] {processor.py:183} INFO - Processing /opt/airflow/dags/trade_fish_dag.py took 0.131 seconds
[2026-04-15T00:17:27.307+0000] {processor.py:161} INFO - Started process (PID=38932) to work on /opt/airflow/dags/trade_fish_dag.py
[2026-04-15T00:17:27.309+0000] {processor.py:830} INFO - Processing file /opt/airflow/dags/trade_fish_dag.py for tasks to queue
[2026-04-15T00:17:27.310+0000] {logging_mixin.py:188} INFO - [2026-04-15T00:17:27.310+0000] {dagbag.py:538} INFO - Filling up the DagBag from /opt/airflow/dags/trade_fish_dag.py
[2026-04-15T00:17:27.365+0000] {processor.py:840} INFO - DAG(s) 'fish_trade_pipeline' retrieved from /opt/airflow/dags/trade_fish_dag.py
[2026-04-15T00:17:27.412+0000] {logging_mixin.py:188} INFO - [2026-04-15T00:17:27.412+0000] {dag.py:3036} INFO - Sync 1 DAGs
[2026-04-15T00:17:27.428+0000] {logging_mixin.py:188} INFO - [2026-04-15T00:17:27.428+0000] {dag.py:3823} INFO - Setting next_dagrun for fish_trade_pipeline to 2026-05-01 10:00:00+00:00, run_after=2026-06-01 10:00:00+00:00
[2026-04-15T00:17:27.447+0000] {processor.py:183} INFO - Processing /opt/airflow/dags/trade_fish_dag.py took 0.147 seconds
[2026-04-15T00:17:57.859+0000] {processor.py:161} INFO - Started process (PID=38943) to work on /opt/airflow/dags/trade_fish_dag.py
[2026-04-15T00:17:57.863+0000] {processor.py:830} INFO - Processing file /opt/airflow/dags/trade_fish_dag.py for tasks to queue
[2026-04-15T00:17:57.871+0000] {logging_mixin.py:188} INFO - [2026-04-15T00:17:57.870+0000] {dagbag.py:538} INFO - Filling up the DagBag from /opt/airflow/dags/trade_fish_dag.py
[2026-04-15T00:17:58.038+0000] {processor.py:840} INFO - DAG(s) 'fish_trade_pipeline' retrieved from /opt/airflow/dags/trade_fish_dag.py
[2026-04-15T00:17:58.068+0000] {logging_mixin.py:188} INFO - [2026-04-15T00:17:58.068+0000] {dag.py:3036} INFO - Sync 1 DAGs
[2026-04-15T00:17:58.083+0000] {logging_mixin.py:188} INFO - [2026-04-15T00:17:58.083+0000] {dag.py:3823} INFO - Setting next_dagrun for fish_trade_pipeline to 2026-05-01 10:00:00+00:00, run_after=2026-06-01 10:00:00+00:00
[2026-04-15T00:17:58.156+0000] {processor.py:183} INFO - Processing /opt/airflow/dags/trade_fish_dag.py took 0.302 seconds
[2026-04-15T00:18:28.206+0000] {processor.py:161} INFO - Started process (PID=38954) to work on /opt/airflow/dags/trade_fish_dag.py
[2026-04-15T00:18:28.207+0000] {processor.py:830} INFO - Processing file /opt/airflow/dags/trade_fish_dag.py for tasks to queue
[2026-04-15T00:18:28.208+0000] {logging_mixin.py:188} INFO - [2026-04-15T00:18:28.207+0000] {dagbag.py:538} INFO - Filling up the DagBag from /opt/airflow/dags/trade_fish_dag.py
[2026-04-15T00:18:28.225+0000] {processor.py:840} INFO - DAG(s) 'fish_trade_pipeline' retrieved from /opt/airflow/dags/trade_fish_dag.py
[2026-04-15T00:18:28.253+0000] {logging_mixin.py:188} INFO - [2026-04-15T00:18:28.253+0000] {dag.py:3036} INFO - Sync 1 DAGs
[2026-04-15T00:18:28.269+0000] {logging_mixin.py:188} INFO - [2026-04-15T00:18:28.269+0000] {dag.py:3823} INFO - Setting next_dagrun for fish_trade_pipeline to 2026-05-01 10:00:00+00:00, run_after=2026-06-01 10:00:00+00:00
[2026-04-15T00:18:28.348+0000] {processor.py:183} INFO - Processing /opt/airflow/dags/trade_fish_dag.py took 0.146 seconds
[2026-04-15T00:18:58.561+0000] {processor.py:161} INFO - Started process (PID=38965) to work on /opt/airflow/dags/trade_fish_dag.py
[2026-04-15T00:18:58.563+0000] {processor.py:830} INFO - Processing file /opt/airflow/dags/trade_fish_dag.py for tasks to queue
[2026-04-15T00:18:58.564+0000] {logging_mixin.py:188} INFO - [2026-04-15T00:18:58.564+0000] {dagbag.py:538} INFO - Filling up the DagBag from /opt/airflow/dags/trade_fish_dag.py
[2026-04-15T00:18:58.610+0000] {processor.py:840} INFO - DAG(s) 'fish_trade_pipeline' retrieved from /opt/airflow/dags/trade_fish_dag.py
[2026-04-15T00:18:58.758+0000] {logging_mixin.py:188} INFO - [2026-04-15T00:18:58.758+0000] {dag.py:3036} INFO - Sync 1 DAGs
[2026-04-15T00:18:58.796+0000] {logging_mixin.py:188} INFO - [2026-04-15T00:18:58.796+0000] {dag.py:3823} INFO - Setting next_dagrun for fish_trade_pipeline to 2026-05-01 10:00:00+00:00, run_after=2026-06-01 10:00:00+00:00
[2026-04-15T00:18:58.892+0000] {processor.py:183} INFO - Processing /opt/airflow/dags/trade_fish_dag.py took 0.334 seconds
[2026-04-15T00:19:29.104+0000] {processor.py:161} INFO - Started process (PID=38982) to work on /opt/airflow/dags/trade_fish_dag.py
[2026-04-15T00:19:29.105+0000] {processor.py:830} INFO - Processing file /opt/airflow/dags/trade_fish_dag.py for tasks to queue
[2026-04-15T00:19:29.106+0000] {logging_mixin.py:188} INFO - [2026-04-15T00:19:29.106+0000] {dagbag.py:538} INFO - Filling up the DagBag from /opt/airflow/dags/trade_fish_dag.py
[2026-04-15T00:19:29.138+0000] {processor.py:840} INFO - DAG(s) 'fish_trade_pipeline' retrieved from /opt/airflow/dags/trade_fish_dag.py
[2026-04-15T00:19:29.174+0000] {logging_mixin.py:188} INFO - [2026-04-15T00:19:29.174+0000] {dag.py:3036} INFO - Sync 1 DAGs
[2026-04-15T00:19:29.190+0000] {logging_mixin.py:188} INFO - [2026-04-15T00:19:29.190+0000] {dag.py:3823} INFO - Setting next_dagrun for fish_trade_pipeline to 2026-05-01 10:00:00+00:00, run_after=2026-06-01 10:00:00+00:00
[2026-04-15T00:19:29.205+0000] {processor.py:183} INFO - Processing /opt/airflow/dags/trade_fish_dag.py took 0.105 seconds
[2026-04-15T00:19:59.592+0000] {processor.py:161} INFO - Started process (PID=38993) to work on /opt/airflow/dags/trade_fish_dag.py
[2026-04-15T00:19:59.593+0000] {processor.py:830} INFO - Processing file /opt/airflow/dags/trade_fish_dag.py for tasks to queue
[2026-04-15T00:19:59.595+0000] {logging_mixin.py:188} INFO - [2026-04-15T00:19:59.594+0000] {dagbag.py:538} INFO - Filling up the DagBag from /opt/airflow/dags/trade_fish_dag.py
[2026-04-15T00:19:59.629+0000] {processor.py:840} INFO - DAG(s) 'fish_trade_pipeline' retrieved from /opt/airflow/dags/trade_fish_dag.py
[2026-04-15T00:19:59.660+0000] {logging_mixin.py:188} INFO - [2026-04-15T00:19:59.659+0000] {dag.py:3036} INFO - Sync 1 DAGs
[2026-04-15T00:19:59.675+0000] {logging_mixin.py:188} INFO - [2026-04-15T00:19:59.675+0000] {dag.py:3823} INFO - Setting next_dagrun for fish_trade_pipeline to 2026-05-01 10:00:00+00:00, run_after=2026-06-01 10:00:00+00:00
[2026-04-15T00:19:59.690+0000] {processor.py:183} INFO - Processing /opt/airflow/dags/trade_fish_dag.py took 0.102 seconds
[2026-04-15T00:20:29.960+0000] {processor.py:161} INFO - Started process (PID=39004) to work on /opt/airflow/dags/trade_fish_dag.py
[2026-04-15T00:20:29.961+0000] {processor.py:830} INFO - Processing file /opt/airflow/dags/trade_fish_dag.py for tasks to queue
[2026-04-15T00:20:29.963+0000] {logging_mixin.py:188} INFO - [2026-04-15T00:20:29.962+0000] {dagbag.py:538} INFO - Filling up the DagBag from /opt/airflow/dags/trade_fish_dag.py
[2026-04-15T00:20:30.053+0000] {processor.py:840} INFO - DAG(s) 'fish_trade_pipeline' retrieved from /opt/airflow/dags/trade_fish_dag.py
[2026-04-15T00:20:30.091+0000] {logging_mixin.py:188} INFO - [2026-04-15T00:20:30.091+0000] {dag.py:3036} INFO - Sync 1 DAGs
[2026-04-15T00:20:30.107+0000] {logging_mixin.py:188} INFO - [2026-04-15T00:20:30.107+0000] {dag.py:3823} INFO - Setting next_dagrun for fish_trade_pipeline to 2026-05-01 10:00:00+00:00, run_after=2026-06-01 10:00:00+00:00
[2026-04-15T00:20:30.124+0000] {processor.py:183} INFO - Processing /opt/airflow/dags/trade_fish_dag.py took 0.170 seconds
[2026-04-15T00:21:00.400+0000] {processor.py:161} INFO - Started process (PID=39015) to work on /opt/airflow/dags/trade_fish_dag.py
[2026-04-15T00:21:00.402+0000] {processor.py:830} INFO - Processing file /opt/airflow/dags/trade_fish_dag.py for tasks to queue
[2026-04-15T00:21:00.403+0000] {logging_mixin.py:188} INFO - [2026-04-15T00:21:00.403+0000] {dagbag.py:538} INFO - Filling up the DagBag from /opt/airflow/dags/trade_fish_dag.py
[2026-04-15T00:21:00.446+0000] {processor.py:840} INFO - DAG(s) 'fish_trade_pipeline' retrieved from /opt/airflow/dags/trade_fish_dag.py
[2026-04-15T00:21:00.475+0000] {logging_mixin.py:188} INFO - [2026-04-15T00:21:00.475+0000] {dag.py:3036} INFO - Sync 1 DAGs
[2026-04-15T00:21:00.490+0000] {logging_mixin.py:188} INFO - [2026-04-15T00:21:00.490+0000] {dag.py:3823} INFO - Setting next_dagrun for fish_trade_pipeline to 2026-05-01 10:00:00+00:00, run_after=2026-06-01 10:00:00+00:00
[2026-04-15T00:21:00.560+0000] {processor.py:183} INFO - Processing /opt/airflow/dags/trade_fish_dag.py took 0.164 seconds
[2026-04-15T00:21:30.710+0000] {processor.py:161} INFO - Started process (PID=39027) to work on /opt/airflow/dags/trade_fish_dag.py
[2026-04-15T00:21:30.711+0000] {processor.py:830} INFO - Processing file /opt/airflow/dags/trade_fish_dag.py for tasks to queue
[2026-04-15T00:21:30.712+0000] {logging_mixin.py:188} INFO - [2026-04-15T00:21:30.712+0000] {dagbag.py:538} INFO - Filling up the DagBag from /opt/airflow/dags/trade_fish_dag.py
[2026-04-15T00:21:30.740+0000] {processor.py:840} INFO - DAG(s) 'fish_trade_pipeline' retrieved from /opt/airflow/dags/trade_fish_dag.py
[2026-04-15T00:21:30.780+0000] {logging_mixin.py:188} INFO - [2026-04-15T00:21:30.780+0000] {dag.py:3036} INFO - Sync 1 DAGs
[2026-04-15T00:21:30.798+0000] {logging_mixin.py:188} INFO - [2026-04-15T00:21:30.798+0000] {dag.py:3823} INFO - Setting next_dagrun for fish_trade_pipeline to 2026-05-01 10:00:00+00:00, run_after=2026-06-01 10:00:00+00:00
[2026-04-15T00:21:30.817+0000] {processor.py:183} INFO - Processing /opt/airflow/dags/trade_fish_dag.py took 0.110 seconds
[2026-04-15T00:22:01.150+0000] {processor.py:161} INFO - Started process (PID=39038) to work on /opt/airflow/dags/trade_fish_dag.py
[2026-04-15T00:22:01.152+0000] {processor.py:830} INFO - Processing file /opt/airflow/dags/trade_fish_dag.py for tasks to queue
[2026-04-15T00:22:01.153+0000] {logging_mixin.py:188} INFO - [2026-04-15T00:22:01.153+0000] {dagbag.py:538} INFO - Filling up the DagBag from /opt/airflow/dags/trade_fish_dag.py
[2026-04-15T00:22:01.169+0000] {processor.py:840} INFO - DAG(s) 'fish_trade_pipeline' retrieved from /opt/airflow/dags/trade_fish_dag.py
[2026-04-15T00:22:01.193+0000] {logging_mixin.py:188} INFO - [2026-04-15T00:22:01.193+0000] {dag.py:3036} INFO - Sync 1 DAGs
[2026-04-15T00:22:01.209+0000] {logging_mixin.py:188} INFO - [2026-04-15T00:22:01.208+0000] {dag.py:3823} INFO - Setting next_dagrun for fish_trade_pipeline to 2026-05-01 10:00:00+00:00, run_after=2026-06-01 10:00:00+00:00
[2026-04-15T00:22:01.286+0000] {processor.py:183} INFO - Processing /opt/airflow/dags/trade_fish_dag.py took 0.138 seconds
[2026-04-15T00:22:31.545+0000] {processor.py:161} INFO - Started process (PID=39049) to work on /opt/airflow/dags/trade_fish_dag.py
[2026-04-15T00:22:31.547+0000] {processor.py:830} INFO - Processing file /opt/airflow/dags/trade_fish_dag.py for tasks to queue
[2026-04-15T00:22:31.548+0000] {logging_mixin.py:188} INFO - [2026-04-15T00:22:31.548+0000] {dagbag.py:538} INFO - Filling up the DagBag from /opt/airflow/dags/trade_fish_dag.py
[2026-04-15T00:22:31.632+0000] {processor.py:840} INFO - DAG(s) 'fish_trade_pipeline' retrieved from /opt/airflow/dags/trade_fish_dag.py
[2026-04-15T00:22:31.688+0000] {logging_mixin.py:188} INFO - [2026-04-15T00:22:31.688+0000] {dag.py:3036} INFO - Sync 1 DAGs
[2026-04-15T00:22:31.708+0000] {logging_mixin.py:188} INFO - [2026-04-15T00:22:31.708+0000] {dag.py:3823} INFO - Setting next_dagrun for fish_trade_pipeline to 2026-05-01 10:00:00+00:00, run_after=2026-06-01 10:00:00+00:00
[2026-04-15T00:22:31.731+0000] {processor.py:183} INFO - Processing /opt/airflow/dags/trade_fish_dag.py took 0.188 seconds
[2026-04-15T00:23:01.968+0000] {processor.py:161} INFO - Started process (PID=39060) to work on /opt/airflow/dags/trade_fish_dag.py
[2026-04-15T00:23:01.969+0000] {processor.py:830} INFO - Processing file /opt/airflow/dags/trade_fish_dag.py for tasks to queue
[2026-04-15T00:23:01.971+0000] {logging_mixin.py:188} INFO - [2026-04-15T00:23:01.970+0000] {dagbag.py:538} INFO - Filling up the DagBag from /opt/airflow/dags/trade_fish_dag.py
[2026-04-15T00:23:01.989+0000] {processor.py:840} INFO - DAG(s) 'fish_trade_pipeline' retrieved from /opt/airflow/dags/trade_fish_dag.py
[2026-04-15T00:23:02.019+0000] {logging_mixin.py:188} INFO - [2026-04-15T00:23:02.019+0000] {dag.py:3036} INFO - Sync 1 DAGs
[2026-04-15T00:23:02.037+0000] {logging_mixin.py:188} INFO - [2026-04-15T00:23:02.037+0000] {dag.py:3823} INFO - Setting next_dagrun for fish_trade_pipeline to 2026-05-01 10:00:00+00:00, run_after=2026-06-01 10:00:00+00:00
[2026-04-15T00:23:02.053+0000] {processor.py:183} INFO - Processing /opt/airflow/dags/trade_fish_dag.py took 0.088 seconds
[2026-04-15T00:23:32.353+0000] {processor.py:161} INFO - Started process (PID=39071) to work on /opt/airflow/dags/trade_fish_dag.py
[2026-04-15T00:23:32.354+0000] {processor.py:830} INFO - Processing file /opt/airflow/dags/trade_fish_dag.py for tasks to queue
[2026-04-15T00:23:32.355+0000] {logging_mixin.py:188} INFO - [2026-04-15T00:23:32.354+0000] {dagbag.py:538} INFO - Filling up the DagBag from /opt/airflow/dags/trade_fish_dag.py
[2026-04-15T00:23:32.432+0000] {processor.py:840} INFO - DAG(s) 'fish_trade_pipeline' retrieved from /opt/airflow/dags/trade_fish_dag.py
[2026-04-15T00:23:32.491+0000] {logging_mixin.py:188} INFO - [2026-04-15T00:23:32.491+0000] {dag.py:3036} INFO - Sync 1 DAGs
[2026-04-15T00:23:32.506+0000] {logging_mixin.py:188} INFO - [2026-04-15T00:23:32.505+0000] {dag.py:3823} INFO - Setting next_dagrun for fish_trade_pipeline to 2026-05-01 10:00:00+00:00, run_after=2026-06-01 10:00:00+00:00
[2026-04-15T00:23:32.521+0000] {processor.py:183} INFO - Processing /opt/airflow/dags/trade_fish_dag.py took 0.171 seconds
[2026-04-15T00:24:02.692+0000] {processor.py:161} INFO - Started process (PID=39082) to work on /opt/airflow/dags/trade_fish_dag.py
[2026-04-15T00:24:02.693+0000] {processor.py:830} INFO - Processing file /opt/airflow/dags/trade_fish_dag.py for tasks to queue
[2026-04-15T00:24:02.694+0000] {logging_mixin.py:188} INFO - [2026-04-15T00:24:02.693+0000] {dagbag.py:538} INFO - Filling up the DagBag from /opt/airflow/dags/trade_fish_dag.py
[2026-04-15T00:24:02.711+0000] {processor.py:840} INFO - DAG(s) 'fish_trade_pipeline' retrieved from /opt/airflow/dags/trade_fish_dag.py
[2026-04-15T00:24:02.735+0000] {logging_mixin.py:188} INFO - [2026-04-15T00:24:02.735+0000] {dag.py:3036} INFO - Sync 1 DAGs
[2026-04-15T00:24:02.751+0000] {logging_mixin.py:188} INFO - [2026-04-15T00:24:02.751+0000] {dag.py:3823} INFO - Setting next_dagrun for fish_trade_pipeline to 2026-05-01 10:00:00+00:00, run_after=2026-06-01 10:00:00+00:00
[2026-04-15T00:24:02.767+0000] {processor.py:183} INFO - Processing /opt/airflow/dags/trade_fish_dag.py took 0.078 seconds
[2026-04-15T00:24:33.075+0000] {processor.py:161} INFO - Started process (PID=39093) to work on /opt/airflow/dags/trade_fish_dag.py
[2026-04-15T00:24:33.076+0000] {processor.py:830} INFO - Processing file /opt/airflow/dags/trade_fish_dag.py for tasks to queue
[2026-04-15T00:24:33.077+0000] {logging_mixin.py:188} INFO - [2026-04-15T00:24:33.077+0000] {dagbag.py:538} INFO - Filling up the DagBag from /opt/airflow/dags/trade_fish_dag.py
[2026-04-15T00:24:33.171+0000] {processor.py:840} INFO - DAG(s) 'fish_trade_pipeline' retrieved from /opt/airflow/dags/trade_fish_dag.py
[2026-04-15T00:24:33.222+0000] {logging_mixin.py:188} INFO - [2026-04-15T00:24:33.222+0000] {dag.py:3036} INFO - Sync 1 DAGs
[2026-04-15T00:24:33.238+0000] {logging_mixin.py:188} INFO - [2026-04-15T00:24:33.238+0000] {dag.py:3823} INFO - Setting next_dagrun for fish_trade_pipeline to 2026-05-01 10:00:00+00:00, run_after=2026-06-01 10:00:00+00:00
[2026-04-15T00:24:33.252+0000] {processor.py:183} INFO - Processing /opt/airflow/dags/trade_fish_dag.py took 0.180 seconds
[2026-04-15T00:25:03.493+0000] {processor.py:161} INFO - Started process (PID=39104) to work on /opt/airflow/dags/trade_fish_dag.py
[2026-04-15T00:25:03.495+0000] {processor.py:830} INFO - Processing file /opt/airflow/dags/trade_fish_dag.py for tasks to queue
[2026-04-15T00:25:03.498+0000] {logging_mixin.py:188} INFO - [2026-04-15T00:25:03.498+0000] {dagbag.py:538} INFO - Filling up the DagBag from /opt/airflow/dags/trade_fish_dag.py
[2026-04-15T00:25:03.536+0000] {processor.py:840} INFO - DAG(s) 'fish_trade_pipeline' retrieved from /opt/airflow/dags/trade_fish_dag.py
[2026-04-15T00:25:03.564+0000] {logging_mixin.py:188} INFO - [2026-04-15T00:25:03.564+0000] {dag.py:3036} INFO - Sync 1 DAGs
[2026-04-15T00:25:03.579+0000] {logging_mixin.py:188} INFO - [2026-04-15T00:25:03.579+0000] {dag.py:3823} INFO - Setting next_dagrun for fish_trade_pipeline to 2026-05-01 10:00:00+00:00, run_after=2026-06-01 10:00:00+00:00
[2026-04-15T00:25:03.596+0000] {processor.py:183} INFO - Processing /opt/airflow/dags/trade_fish_dag.py took 0.108 seconds
[2026-04-15T00:25:33.836+0000] {processor.py:161} INFO - Started process (PID=39116) to work on /opt/airflow/dags/trade_fish_dag.py
[2026-04-15T00:25:33.837+0000] {processor.py:830} INFO - Processing file /opt/airflow/dags/trade_fish_dag.py for tasks to queue
[2026-04-15T00:25:33.838+0000] {logging_mixin.py:188} INFO - [2026-04-15T00:25:33.838+0000] {dagbag.py:538} INFO - Filling up the DagBag from /opt/airflow/dags/trade_fish_dag.py
[2026-04-15T00:25:33.915+0000] {processor.py:840} INFO - DAG(s) 'fish_trade_pipeline' retrieved from /opt/airflow/dags/trade_fish_dag.py
[2026-04-15T00:25:33.956+0000] {logging_mixin.py:188} INFO - [2026-04-15T00:25:33.956+0000] {dag.py:3036} INFO - Sync 1 DAGs
[2026-04-15T00:25:33.972+0000] {logging_mixin.py:188} INFO - [2026-04-15T00:25:33.972+0000] {dag.py:3823} INFO - Setting next_dagrun for fish_trade_pipeline to 2026-05-01 10:00:00+00:00, run_after=2026-06-01 10:00:00+00:00
[2026-04-15T00:25:33.987+0000] {processor.py:183} INFO - Processing /opt/airflow/dags/trade_fish_dag.py took 0.153 seconds
[2026-04-15T00:26:04.091+0000] {processor.py:161} INFO - Started process (PID=39127) to work on /opt/airflow/dags/trade_fish_dag.py
[2026-04-15T00:26:04.093+0000] {processor.py:830} INFO - Processing file /opt/airflow/dags/trade_fish_dag.py for tasks to queue
[2026-04-15T00:26:04.095+0000] {logging_mixin.py:188} INFO - [2026-04-15T00:26:04.094+0000] {dagbag.py:538} INFO - Filling up the DagBag from /opt/airflow/dags/trade_fish_dag.py
[2026-04-15T00:26:04.139+0000] {processor.py:840} INFO - DAG(s) 'fish_trade_pipeline' retrieved from /opt/airflow/dags/trade_fish_dag.py
[2026-04-15T00:26:04.173+0000] {logging_mixin.py:188} INFO - [2026-04-15T00:26:04.173+0000] {dag.py:3036} INFO - Sync 1 DAGs
[2026-04-15T00:26:04.188+0000] {logging_mixin.py:188} INFO - [2026-04-15T00:26:04.188+0000] {dag.py:3823} INFO - Setting next_dagrun for fish_trade_pipeline to 2026-05-01 10:00:00+00:00, run_after=2026-06-01 10:00:00+00:00
[2026-04-15T00:26:04.207+0000] {processor.py:183} INFO - Processing /opt/airflow/dags/trade_fish_dag.py took 0.120 seconds
[2026-04-15T00:26:34.379+0000] {processor.py:161} INFO - Started process (PID=39138) to work on /opt/airflow/dags/trade_fish_dag.py
[2026-04-15T00:26:34.380+0000] {processor.py:830} INFO - Processing file /opt/airflow/dags/trade_fish_dag.py for tasks to queue
[2026-04-15T00:26:34.381+0000] {logging_mixin.py:188} INFO - [2026-04-15T00:26:34.381+0000] {dagbag.py:538} INFO - Filling up the DagBag from /opt/airflow/dags/trade_fish_dag.py
[2026-04-15T00:26:34.448+0000] {processor.py:840} INFO - DAG(s) 'fish_trade_pipeline' retrieved from /opt/airflow/dags/trade_fish_dag.py
[2026-04-15T00:26:34.496+0000] {logging_mixin.py:188} INFO - [2026-04-15T00:26:34.496+0000] {dag.py:3036} INFO - Sync 1 DAGs
[2026-04-15T00:26:34.513+0000] {logging_mixin.py:188} INFO - [2026-04-15T00:26:34.513+0000] {dag.py:3823} INFO - Setting next_dagrun for fish_trade_pipeline to 2026-05-01 10:00:00+00:00, run_after=2026-06-01 10:00:00+00:00
[2026-04-15T00:26:34.534+0000] {processor.py:183} INFO - Processing /opt/airflow/dags/trade_fish_dag.py took 0.158 seconds
[2026-04-15T00:27:04.923+0000] {processor.py:161} INFO - Started process (PID=39149) to work on /opt/airflow/dags/trade_fish_dag.py
[2026-04-15T00:27:04.924+0000] {processor.py:830} INFO - Processing file /opt/airflow/dags/trade_fish_dag.py for tasks to queue
[2026-04-15T00:27:04.926+0000] {logging_mixin.py:188} INFO - [2026-04-15T00:27:04.925+0000] {dagbag.py:538} INFO - Filling up the DagBag from /opt/airflow/dags/trade_fish_dag.py
[2026-04-15T00:27:04.949+0000] {processor.py:840} INFO - DAG(s) 'fish_trade_pipeline' retrieved from /opt/airflow/dags/trade_fish_dag.py
[2026-04-15T00:27:04.974+0000] {logging_mixin.py:188} INFO - [2026-04-15T00:27:04.974+0000] {dag.py:3036} INFO - Sync 1 DAGs
[2026-04-15T00:27:04.991+0000] {logging_mixin.py:188} INFO - [2026-04-15T00:27:04.991+0000] {dag.py:3823} INFO - Setting next_dagrun for fish_trade_pipeline to 2026-05-01 10:00:00+00:00, run_after=2026-06-01 10:00:00+00:00
[2026-04-15T00:27:05.057+0000] {processor.py:183} INFO - Processing /opt/airflow/dags/trade_fish_dag.py took 0.136 seconds
[2026-04-15T00:27:35.322+0000] {processor.py:161} INFO - Started process (PID=39160) to work on /opt/airflow/dags/trade_fish_dag.py
[2026-04-15T00:27:35.323+0000] {processor.py:830} INFO - Processing file /opt/airflow/dags/trade_fish_dag.py for tasks to queue
[2026-04-15T00:27:35.324+0000] {logging_mixin.py:188} INFO - [2026-04-15T00:27:35.324+0000] {dagbag.py:538} INFO - Filling up the DagBag from /opt/airflow/dags/trade_fish_dag.py
[2026-04-15T00:27:35.365+0000] {processor.py:840} INFO - DAG(s) 'fish_trade_pipeline' retrieved from /opt/airflow/dags/trade_fish_dag.py
[2026-04-15T00:27:35.399+0000] {logging_mixin.py:188} INFO - [2026-04-15T00:27:35.398+0000] {dag.py:3036} INFO - Sync 1 DAGs
[2026-04-15T00:27:35.414+0000] {logging_mixin.py:188} INFO - [2026-04-15T00:27:35.414+0000] {dag.py:3823} INFO - Setting next_dagrun for fish_trade_pipeline to 2026-05-01 10:00:00+00:00, run_after=2026-06-01 10:00:00+00:00
[2026-04-15T00:27:35.436+0000] {processor.py:183} INFO - Processing /opt/airflow/dags/trade_fish_dag.py took 0.117 seconds
[2026-04-15T00:28:05.668+0000] {processor.py:161} INFO - Started process (PID=39171) to work on /opt/airflow/dags/trade_fish_dag.py
[2026-04-15T00:28:05.669+0000] {processor.py:830} INFO - Processing file /opt/airflow/dags/trade_fish_dag.py for tasks to queue
[2026-04-15T00:28:05.670+0000] {logging_mixin.py:188} INFO - [2026-04-15T00:28:05.670+0000] {dagbag.py:538} INFO - Filling up the DagBag from /opt/airflow/dags/trade_fish_dag.py
[2026-04-15T00:28:05.687+0000] {processor.py:840} INFO - DAG(s) 'fish_trade_pipeline' retrieved from /opt/airflow/dags/trade_fish_dag.py
[2026-04-15T00:28:05.724+0000] {logging_mixin.py:188} INFO - [2026-04-15T00:28:05.724+0000] {dag.py:3036} INFO - Sync 1 DAGs
[2026-04-15T00:28:05.742+0000] {logging_mixin.py:188} INFO - [2026-04-15T00:28:05.742+0000] {dag.py:3823} INFO - Setting next_dagrun for fish_trade_pipeline to 2026-05-01 10:00:00+00:00, run_after=2026-06-01 10:00:00+00:00
[2026-04-15T00:28:05.817+0000] {processor.py:183} INFO - Processing /opt/airflow/dags/trade_fish_dag.py took 0.152 seconds
[2026-04-15T00:28:36.047+0000] {processor.py:161} INFO - Started process (PID=39183) to work on /opt/airflow/dags/trade_fish_dag.py
[2026-04-15T00:28:36.050+0000] {processor.py:830} INFO - Processing file /opt/airflow/dags/trade_fish_dag.py for tasks to queue
[2026-04-15T00:28:36.053+0000] {logging_mixin.py:188} INFO - [2026-04-15T00:28:36.052+0000] {dagbag.py:538} INFO - Filling up the DagBag from /opt/airflow/dags/trade_fish_dag.py
[2026-04-15T00:28:36.430+0000] {processor.py:840} INFO - DAG(s) 'fish_trade_pipeline' retrieved from /opt/airflow/dags/trade_fish_dag.py
[2026-04-15T00:28:36.502+0000] {logging_mixin.py:188} INFO - [2026-04-15T00:28:36.502+0000] {dag.py:3036} INFO - Sync 1 DAGs
[2026-04-15T00:28:36.520+0000] {logging_mixin.py:188} INFO - [2026-04-15T00:28:36.520+0000] {dag.py:3823} INFO - Setting next_dagrun for fish_trade_pipeline to 2026-05-01 10:00:00+00:00, run_after=2026-06-01 10:00:00+00:00
[2026-04-15T00:28:36.557+0000] {processor.py:183} INFO - Processing /opt/airflow/dags/trade_fish_dag.py took 0.514 seconds
[2026-04-15T00:29:06.953+0000] {processor.py:161} INFO - Started process (PID=39194) to work on /opt/airflow/dags/trade_fish_dag.py
[2026-04-15T00:29:06.954+0000] {processor.py:830} INFO - Processing file /opt/airflow/dags/trade_fish_dag.py for tasks to queue
[2026-04-15T00:29:06.955+0000] {logging_mixin.py:188} INFO - [2026-04-15T00:29:06.955+0000] {dagbag.py:538} INFO - Filling up the DagBag from /opt/airflow/dags/trade_fish_dag.py
[2026-04-15T00:29:06.974+0000] {processor.py:840} INFO - DAG(s) 'fish_trade_pipeline' retrieved from /opt/airflow/dags/trade_fish_dag.py
[2026-04-15T00:29:07.008+0000] {logging_mixin.py:188} INFO - [2026-04-15T00:29:07.008+0000] {dag.py:3036} INFO - Sync 1 DAGs
[2026-04-15T00:29:07.027+0000] {logging_mixin.py:188} INFO - [2026-04-15T00:29:07.027+0000] {dag.py:3823} INFO - Setting next_dagrun for fish_trade_pipeline to 2026-05-01 10:00:00+00:00, run_after=2026-06-01 10:00:00+00:00
[2026-04-15T00:29:07.061+0000] {processor.py:183} INFO - Processing /opt/airflow/dags/trade_fish_dag.py took 0.111 seconds
[2026-04-15T00:29:37.265+0000] {processor.py:161} INFO - Started process (PID=39205) to work on /opt/airflow/dags/trade_fish_dag.py
[2026-04-15T00:29:37.307+0000] {processor.py:830} INFO - Processing file /opt/airflow/dags/trade_fish_dag.py for tasks to queue
[2026-04-15T00:29:37.311+0000] {logging_mixin.py:188} INFO - [2026-04-15T00:29:37.310+0000] {dagbag.py:538} INFO - Filling up the DagBag from /opt/airflow/dags/trade_fish_dag.py
[2026-04-15T00:29:37.335+0000] {processor.py:840} INFO - DAG(s) 'fish_trade_pipeline' retrieved from /opt/airflow/dags/trade_fish_dag.py
[2026-04-15T00:29:37.369+0000] {logging_mixin.py:188} INFO - [2026-04-15T00:29:37.369+0000] {dag.py:3036} INFO - Sync 1 DAGs
[2026-04-15T00:29:37.384+0000] {logging_mixin.py:188} INFO - [2026-04-15T00:29:37.384+0000] {dag.py:3823} INFO - Setting next_dagrun for fish_trade_pipeline to 2026-05-01 10:00:00+00:00, run_after=2026-06-01 10:00:00+00:00
[2026-04-15T00:29:37.399+0000] {processor.py:183} INFO - Processing /opt/airflow/dags/trade_fish_dag.py took 0.136 seconds
[2026-04-15T00:30:07.747+0000] {processor.py:161} INFO - Started process (PID=39216) to work on /opt/airflow/dags/trade_fish_dag.py
[2026-04-15T00:30:07.748+0000] {processor.py:830} INFO - Processing file /opt/airflow/dags/trade_fish_dag.py for tasks to queue
[2026-04-15T00:30:07.750+0000] {logging_mixin.py:188} INFO - [2026-04-15T00:30:07.750+0000] {dagbag.py:538} INFO - Filling up the DagBag from /opt/airflow/dags/trade_fish_dag.py
[2026-04-15T00:30:07.794+0000] {processor.py:840} INFO - DAG(s) 'fish_trade_pipeline' retrieved from /opt/airflow/dags/trade_fish_dag.py
[2026-04-15T00:30:07.826+0000] {logging_mixin.py:188} INFO - [2026-04-15T00:30:07.826+0000] {dag.py:3036} INFO - Sync 1 DAGs
[2026-04-15T00:30:07.843+0000] {logging_mixin.py:188} INFO - [2026-04-15T00:30:07.843+0000] {dag.py:3823} INFO - Setting next_dagrun for fish_trade_pipeline to 2026-05-01 10:00:00+00:00, run_after=2026-06-01 10:00:00+00:00
[2026-04-15T00:30:07.930+0000] {processor.py:183} INFO - Processing /opt/airflow/dags/trade_fish_dag.py took 0.189 seconds
[2026-04-15T00:30:38.050+0000] {processor.py:161} INFO - Started process (PID=39227) to work on /opt/airflow/dags/trade_fish_dag.py
[2026-04-15T00:30:38.052+0000] {processor.py:830} INFO - Processing file /opt/airflow/dags/trade_fish_dag.py for tasks to queue
[2026-04-15T00:30:38.053+0000] {logging_mixin.py:188} INFO - [2026-04-15T00:30:38.053+0000] {dagbag.py:538} INFO - Filling up the DagBag from /opt/airflow/dags/trade_fish_dag.py
[2026-04-15T00:30:38.107+0000] {processor.py:840} INFO - DAG(s) 'fish_trade_pipeline' retrieved from /opt/airflow/dags/trade_fish_dag.py
[2026-04-15T00:30:38.187+0000] {logging_mixin.py:188} INFO - [2026-04-15T00:30:38.187+0000] {dag.py:3036} INFO - Sync 1 DAGs
[2026-04-15T00:30:38.206+0000] {logging_mixin.py:188} INFO - [2026-04-15T00:30:38.206+0000] {dag.py:3823} INFO - Setting next_dagrun for fish_trade_pipeline to 2026-05-01 10:00:00+00:00, run_after=2026-06-01 10:00:00+00:00
[2026-04-15T00:30:38.230+0000] {processor.py:183} INFO - Processing /opt/airflow/dags/trade_fish_dag.py took 0.183 seconds
[2026-04-15T00:31:08.692+0000] {processor.py:161} INFO - Started process (PID=39238) to work on /opt/airflow/dags/trade_fish_dag.py
[2026-04-15T00:31:08.693+0000] {processor.py:830} INFO - Processing file /opt/airflow/dags/trade_fish_dag.py for tasks to queue
[2026-04-15T00:31:08.694+0000] {logging_mixin.py:188} INFO - [2026-04-15T00:31:08.693+0000] {dagbag.py:538} INFO - Filling up the DagBag from /opt/airflow/dags/trade_fish_dag.py
[2026-04-15T00:31:08.715+0000] {processor.py:840} INFO - DAG(s) 'fish_trade_pipeline' retrieved from /opt/airflow/dags/trade_fish_dag.py
[2026-04-15T00:31:08.748+0000] {logging_mixin.py:188} INFO - [2026-04-15T00:31:08.748+0000] {dag.py:3036} INFO - Sync 1 DAGs
[2026-04-15T00:31:08.766+0000] {logging_mixin.py:188} INFO - [2026-04-15T00:31:08.766+0000] {dag.py:3823} INFO - Setting next_dagrun for fish_trade_pipeline to 2026-05-01 10:00:00+00:00, run_after=2026-06-01 10:00:00+00:00
[2026-04-15T00:31:08.784+0000] {processor.py:183} INFO - Processing /opt/airflow/dags/trade_fish_dag.py took 0.095 seconds
[2026-04-15T00:31:39.056+0000] {processor.py:161} INFO - Started process (PID=39249) to work on /opt/airflow/dags/trade_fish_dag.py
[2026-04-15T00:31:39.057+0000] {processor.py:830} INFO - Processing file /opt/airflow/dags/trade_fish_dag.py for tasks to queue
[2026-04-15T00:31:39.058+0000] {logging_mixin.py:188} INFO - [2026-04-15T00:31:39.058+0000] {dagbag.py:538} INFO - Filling up the DagBag from /opt/airflow/dags/trade_fish_dag.py
[2026-04-15T00:31:39.075+0000] {processor.py:840} INFO - DAG(s) 'fish_trade_pipeline' retrieved from /opt/airflow/dags/trade_fish_dag.py
[2026-04-15T00:31:39.100+0000] {logging_mixin.py:188} INFO - [2026-04-15T00:31:39.100+0000] {dag.py:3036} INFO - Sync 1 DAGs
[2026-04-15T00:31:39.115+0000] {logging_mixin.py:188} INFO - [2026-04-15T00:31:39.115+0000] {dag.py:3823} INFO - Setting next_dagrun for fish_trade_pipeline to 2026-05-01 10:00:00+00:00, run_after=2026-06-01 10:00:00+00:00
[2026-04-15T00:31:39.189+0000] {processor.py:183} INFO - Processing /opt/airflow/dags/trade_fish_dag.py took 0.136 seconds
[2026-04-15T00:32:09.645+0000] {processor.py:161} INFO - Started process (PID=39261) to work on /opt/airflow/dags/trade_fish_dag.py
[2026-04-15T00:32:09.647+0000] {processor.py:830} INFO - Processing file /opt/airflow/dags/trade_fish_dag.py for tasks to queue
[2026-04-15T00:32:09.650+0000] {logging_mixin.py:188} INFO - [2026-04-15T00:32:09.649+0000] {dagbag.py:538} INFO - Filling up the DagBag from /opt/airflow/dags/trade_fish_dag.py
[2026-04-15T00:32:09.861+0000] {processor.py:840} INFO - DAG(s) 'fish_trade_pipeline' retrieved from /opt/airflow/dags/trade_fish_dag.py
[2026-04-15T00:32:09.912+0000] {logging_mixin.py:188} INFO - [2026-04-15T00:32:09.912+0000] {dag.py:3036} INFO - Sync 1 DAGs
[2026-04-15T00:32:09.932+0000] {logging_mixin.py:188} INFO - [2026-04-15T00:32:09.932+0000] {dag.py:3823} INFO - Setting next_dagrun for fish_trade_pipeline to 2026-05-01 10:00:00+00:00, run_after=2026-06-01 10:00:00+00:00
[2026-04-15T00:32:09.958+0000] {processor.py:183} INFO - Processing /opt/airflow/dags/trade_fish_dag.py took 0.319 seconds
[2026-04-15T00:32:40.426+0000] {processor.py:161} INFO - Started process (PID=39273) to work on /opt/airflow/dags/trade_fish_dag.py
[2026-04-15T00:32:40.430+0000] {processor.py:830} INFO - Processing file /opt/airflow/dags/trade_fish_dag.py for tasks to queue
[2026-04-15T00:32:40.445+0000] {logging_mixin.py:188} INFO - [2026-04-15T00:32:40.444+0000] {dagbag.py:538} INFO - Filling up the DagBag from /opt/airflow/dags/trade_fish_dag.py
[2026-04-15T00:32:40.515+0000] {processor.py:840} INFO - DAG(s) 'fish_trade_pipeline' retrieved from /opt/airflow/dags/trade_fish_dag.py
[2026-04-15T00:32:40.551+0000] {logging_mixin.py:188} INFO - [2026-04-15T00:32:40.551+0000] {dag.py:3036} INFO - Sync 1 DAGs
[2026-04-15T00:32:40.581+0000] {logging_mixin.py:188} INFO - [2026-04-15T00:32:40.581+0000] {dag.py:3823} INFO - Setting next_dagrun for fish_trade_pipeline to 2026-05-01 10:00:00+00:00, run_after=2026-06-01 10:00:00+00:00
[2026-04-15T00:32:40.610+0000] {processor.py:183} INFO - Processing /opt/airflow/dags/trade_fish_dag.py took 0.188 seconds
[2026-04-15T00:33:10.873+0000] {processor.py:161} INFO - Started process (PID=39284) to work on /opt/airflow/dags/trade_fish_dag.py
[2026-04-15T00:33:10.874+0000] {processor.py:830} INFO - Processing file /opt/airflow/dags/trade_fish_dag.py for tasks to queue
[2026-04-15T00:33:10.876+0000] {logging_mixin.py:188} INFO - [2026-04-15T00:33:10.875+0000] {dagbag.py:538} INFO - Filling up the DagBag from /opt/airflow/dags/trade_fish_dag.py
[2026-04-15T00:33:10.917+0000] {processor.py:840} INFO - DAG(s) 'fish_trade_pipeline' retrieved from /opt/airflow/dags/trade_fish_dag.py
[2026-04-15T00:33:10.953+0000] {logging_mixin.py:188} INFO - [2026-04-15T00:33:10.953+0000] {dag.py:3036} INFO - Sync 1 DAGs
[2026-04-15T00:33:10.973+0000] {logging_mixin.py:188} INFO - [2026-04-15T00:33:10.973+0000] {dag.py:3823} INFO - Setting next_dagrun for fish_trade_pipeline to 2026-05-01 10:00:00+00:00, run_after=2026-06-01 10:00:00+00:00
[2026-04-15T00:33:11.047+0000] {processor.py:183} INFO - Processing /opt/airflow/dags/trade_fish_dag.py took 0.178 seconds
[2026-04-15T00:33:41.280+0000] {processor.py:161} INFO - Started process (PID=39295) to work on /opt/airflow/dags/trade_fish_dag.py
[2026-04-15T00:33:41.282+0000] {processor.py:830} INFO - Processing file /opt/airflow/dags/trade_fish_dag.py for tasks to queue
[2026-04-15T00:33:41.284+0000] {logging_mixin.py:188} INFO - [2026-04-15T00:33:41.283+0000] {dagbag.py:538} INFO - Filling up the DagBag from /opt/airflow/dags/trade_fish_dag.py
[2026-04-15T00:33:41.335+0000] {processor.py:840} INFO - DAG(s) 'fish_trade_pipeline' retrieved from /opt/airflow/dags/trade_fish_dag.py
[2026-04-15T00:33:41.366+0000] {logging_mixin.py:188} INFO - [2026-04-15T00:33:41.366+0000] {dag.py:3036} INFO - Sync 1 DAGs
[2026-04-15T00:33:41.383+0000] {logging_mixin.py:188} INFO - [2026-04-15T00:33:41.382+0000] {dag.py:3823} INFO - Setting next_dagrun for fish_trade_pipeline to 2026-05-01 10:00:00+00:00, run_after=2026-06-01 10:00:00+00:00
[2026-04-15T00:33:41.464+0000] {processor.py:183} INFO - Processing /opt/airflow/dags/trade_fish_dag.py took 0.187 seconds
[2026-04-15T00:34:11.628+0000] {processor.py:161} INFO - Started process (PID=39306) to work on /opt/airflow/dags/trade_fish_dag.py
[2026-04-15T00:34:11.630+0000] {processor.py:830} INFO - Processing file /opt/airflow/dags/trade_fish_dag.py for tasks to queue
[2026-04-15T00:34:11.632+0000] {logging_mixin.py:188} INFO - [2026-04-15T00:34:11.631+0000] {dagbag.py:538} INFO - Filling up the DagBag from /opt/airflow/dags/trade_fish_dag.py
[2026-04-15T00:34:11.657+0000] {processor.py:840} INFO - DAG(s) 'fish_trade_pipeline' retrieved from /opt/airflow/dags/trade_fish_dag.py
[2026-04-15T00:34:11.690+0000] {logging_mixin.py:188} INFO - [2026-04-15T00:34:11.690+0000] {dag.py:3036} INFO - Sync 1 DAGs
[2026-04-15T00:34:11.707+0000] {logging_mixin.py:188} INFO - [2026-04-15T00:34:11.707+0000] {dag.py:3823} INFO - Setting next_dagrun for fish_trade_pipeline to 2026-05-01 10:00:00+00:00, run_after=2026-06-01 10:00:00+00:00
[2026-04-15T00:34:11.725+0000] {processor.py:183} INFO - Processing /opt/airflow/dags/trade_fish_dag.py took 0.100 seconds
[2026-04-15T00:34:42.017+0000] {processor.py:161} INFO - Started process (PID=39317) to work on /opt/airflow/dags/trade_fish_dag.py
[2026-04-15T00:34:42.018+0000] {processor.py:830} INFO - Processing file /opt/airflow/dags/trade_fish_dag.py for tasks to queue
[2026-04-15T00:34:42.020+0000] {logging_mixin.py:188} INFO - [2026-04-15T00:34:42.020+0000] {dagbag.py:538} INFO - Filling up the DagBag from /opt/airflow/dags/trade_fish_dag.py
[2026-04-15T00:34:42.053+0000] {processor.py:840} INFO - DAG(s) 'fish_trade_pipeline' retrieved from /opt/airflow/dags/trade_fish_dag.py
[2026-04-15T00:34:42.084+0000] {logging_mixin.py:188} INFO - [2026-04-15T00:34:42.083+0000] {dag.py:3036} INFO - Sync 1 DAGs
[2026-04-15T00:34:42.099+0000] {logging_mixin.py:188} INFO - [2026-04-15T00:34:42.099+0000] {dag.py:3823} INFO - Setting next_dagrun for fish_trade_pipeline to 2026-05-01 10:00:00+00:00, run_after=2026-06-01 10:00:00+00:00
[2026-04-15T00:34:42.124+0000] {processor.py:183} INFO - Processing /opt/airflow/dags/trade_fish_dag.py took 0.109 seconds
[2026-04-15T00:35:12.216+0000] {processor.py:161} INFO - Started process (PID=39328) to work on /opt/airflow/dags/trade_fish_dag.py
[2026-04-15T00:35:12.217+0000] {processor.py:830} INFO - Processing file /opt/airflow/dags/trade_fish_dag.py for tasks to queue
[2026-04-15T00:35:12.218+0000] {logging_mixin.py:188} INFO - [2026-04-15T00:35:12.218+0000] {dagbag.py:538} INFO - Filling up the DagBag from /opt/airflow/dags/trade_fish_dag.py
[2026-04-15T00:35:12.234+0000] {processor.py:840} INFO - DAG(s) 'fish_trade_pipeline' retrieved from /opt/airflow/dags/trade_fish_dag.py
[2026-04-15T00:35:12.260+0000] {logging_mixin.py:188} INFO - [2026-04-15T00:35:12.260+0000] {dag.py:3036} INFO - Sync 1 DAGs
[2026-04-15T00:35:12.276+0000] {logging_mixin.py:188} INFO - [2026-04-15T00:35:12.276+0000] {dag.py:3823} INFO - Setting next_dagrun for fish_trade_pipeline to 2026-05-01 10:00:00+00:00, run_after=2026-06-01 10:00:00+00:00
[2026-04-15T00:35:12.294+0000] {processor.py:183} INFO - Processing /opt/airflow/dags/trade_fish_dag.py took 0.081 seconds
[2026-04-15T00:35:42.485+0000] {processor.py:161} INFO - Started process (PID=39339) to work on /opt/airflow/dags/trade_fish_dag.py
[2026-04-15T00:35:42.486+0000] {processor.py:830} INFO - Processing file /opt/airflow/dags/trade_fish_dag.py for tasks to queue
[2026-04-15T00:35:42.487+0000] {logging_mixin.py:188} INFO - [2026-04-15T00:35:42.487+0000] {dagbag.py:538} INFO - Filling up the DagBag from /opt/airflow/dags/trade_fish_dag.py
[2026-04-15T00:35:42.506+0000] {processor.py:840} INFO - DAG(s) 'fish_trade_pipeline' retrieved from /opt/airflow/dags/trade_fish_dag.py
[2026-04-15T00:35:42.534+0000] {logging_mixin.py:188} INFO - [2026-04-15T00:35:42.534+0000] {dag.py:3036} INFO - Sync 1 DAGs
[2026-04-15T00:35:42.549+0000] {logging_mixin.py:188} INFO - [2026-04-15T00:35:42.549+0000] {dag.py:3823} INFO - Setting next_dagrun for fish_trade_pipeline to 2026-05-01 10:00:00+00:00, run_after=2026-06-01 10:00:00+00:00
[2026-04-15T00:35:42.569+0000] {processor.py:183} INFO - Processing /opt/airflow/dags/trade_fish_dag.py took 0.086 seconds
[2026-04-15T00:36:12.862+0000] {processor.py:161} INFO - Started process (PID=39350) to work on /opt/airflow/dags/trade_fish_dag.py
[2026-04-15T00:36:12.864+0000] {processor.py:830} INFO - Processing file /opt/airflow/dags/trade_fish_dag.py for tasks to queue
[2026-04-15T00:36:12.866+0000] {logging_mixin.py:188} INFO - [2026-04-15T00:36:12.866+0000] {dagbag.py:538} INFO - Filling up the DagBag from /opt/airflow/dags/trade_fish_dag.py
[2026-04-15T00:36:12.917+0000] {processor.py:840} INFO - DAG(s) 'fish_trade_pipeline' retrieved from /opt/airflow/dags/trade_fish_dag.py
[2026-04-15T00:36:12.949+0000] {logging_mixin.py:188} INFO - [2026-04-15T00:36:12.949+0000] {dag.py:3036} INFO - Sync 1 DAGs
[2026-04-15T00:36:12.966+0000] {logging_mixin.py:188} INFO - [2026-04-15T00:36:12.966+0000] {dag.py:3823} INFO - Setting next_dagrun for fish_trade_pipeline to 2026-05-01 10:00:00+00:00, run_after=2026-06-01 10:00:00+00:00
[2026-04-15T00:36:12.985+0000] {processor.py:183} INFO - Processing /opt/airflow/dags/trade_fish_dag.py took 0.127 seconds
[2026-04-15T00:36:43.120+0000] {processor.py:161} INFO - Started process (PID=39361) to work on /opt/airflow/dags/trade_fish_dag.py
[2026-04-15T00:36:43.121+0000] {processor.py:830} INFO - Processing file /opt/airflow/dags/trade_fish_dag.py for tasks to queue
[2026-04-15T00:36:43.122+0000] {logging_mixin.py:188} INFO - [2026-04-15T00:36:43.122+0000] {dagbag.py:538} INFO - Filling up the DagBag from /opt/airflow/dags/trade_fish_dag.py
[2026-04-15T00:36:43.143+0000] {processor.py:840} INFO - DAG(s) 'fish_trade_pipeline' retrieved from /opt/airflow/dags/trade_fish_dag.py
[2026-04-15T00:36:43.173+0000] {logging_mixin.py:188} INFO - [2026-04-15T00:36:43.173+0000] {dag.py:3036} INFO - Sync 1 DAGs
[2026-04-15T00:36:43.188+0000] {logging_mixin.py:188} INFO - [2026-04-15T00:36:43.188+0000] {dag.py:3823} INFO - Setting next_dagrun for fish_trade_pipeline to 2026-05-01 10:00:00+00:00, run_after=2026-06-01 10:00:00+00:00
[2026-04-15T00:36:43.204+0000] {processor.py:183} INFO - Processing /opt/airflow/dags/trade_fish_dag.py took 0.088 seconds
[2026-04-15T00:37:13.452+0000] {processor.py:161} INFO - Started process (PID=39372) to work on /opt/airflow/dags/trade_fish_dag.py
[2026-04-15T00:37:13.455+0000] {processor.py:830} INFO - Processing file /opt/airflow/dags/trade_fish_dag.py for tasks to queue
[2026-04-15T00:37:13.456+0000] {logging_mixin.py:188} INFO - [2026-04-15T00:37:13.456+0000] {dagbag.py:538} INFO - Filling up the DagBag from /opt/airflow/dags/trade_fish_dag.py
[2026-04-15T00:37:13.498+0000] {processor.py:840} INFO - DAG(s) 'fish_trade_pipeline' retrieved from /opt/airflow/dags/trade_fish_dag.py
[2026-04-15T00:37:13.534+0000] {logging_mixin.py:188} INFO - [2026-04-15T00:37:13.534+0000] {dag.py:3036} INFO - Sync 1 DAGs
[2026-04-15T00:37:13.555+0000] {logging_mixin.py:188} INFO - [2026-04-15T00:37:13.555+0000] {dag.py:3823} INFO - Setting next_dagrun for fish_trade_pipeline to 2026-05-01 10:00:00+00:00, run_after=2026-06-01 10:00:00+00:00
[2026-04-15T00:37:13.577+0000] {processor.py:183} INFO - Processing /opt/airflow/dags/trade_fish_dag.py took 0.131 seconds
[2026-04-15T00:37:43.807+0000] {processor.py:161} INFO - Started process (PID=39383) to work on /opt/airflow/dags/trade_fish_dag.py
[2026-04-15T00:37:43.809+0000] {processor.py:830} INFO - Processing file /opt/airflow/dags/trade_fish_dag.py for tasks to queue
[2026-04-15T00:37:43.810+0000] {logging_mixin.py:188} INFO - [2026-04-15T00:37:43.809+0000] {dagbag.py:538} INFO - Filling up the DagBag from /opt/airflow/dags/trade_fish_dag.py
[2026-04-15T00:37:43.828+0000] {processor.py:840} INFO - DAG(s) 'fish_trade_pipeline' retrieved from /opt/airflow/dags/trade_fish_dag.py
[2026-04-15T00:37:43.854+0000] {logging_mixin.py:188} INFO - [2026-04-15T00:37:43.853+0000] {dag.py:3036} INFO - Sync 1 DAGs
[2026-04-15T00:37:43.870+0000] {logging_mixin.py:188} INFO - [2026-04-15T00:37:43.870+0000] {dag.py:3823} INFO - Setting next_dagrun for fish_trade_pipeline to 2026-05-01 10:00:00+00:00, run_after=2026-06-01 10:00:00+00:00
[2026-04-15T00:37:43.885+0000] {processor.py:183} INFO - Processing /opt/airflow/dags/trade_fish_dag.py took 0.080 seconds
[2026-04-15T00:38:14.077+0000] {processor.py:161} INFO - Started process (PID=39394) to work on /opt/airflow/dags/trade_fish_dag.py
[2026-04-15T00:38:14.079+0000] {processor.py:830} INFO - Processing file /opt/airflow/dags/trade_fish_dag.py for tasks to queue
[2026-04-15T00:38:14.080+0000] {logging_mixin.py:188} INFO - [2026-04-15T00:38:14.080+0000] {dagbag.py:538} INFO - Filling up the DagBag from /opt/airflow/dags/trade_fish_dag.py
[2026-04-15T00:38:14.119+0000] {processor.py:840} INFO - DAG(s) 'fish_trade_pipeline' retrieved from /opt/airflow/dags/trade_fish_dag.py
[2026-04-15T00:38:14.152+0000] {logging_mixin.py:188} INFO - [2026-04-15T00:38:14.152+0000] {dag.py:3036} INFO - Sync 1 DAGs
[2026-04-15T00:38:14.167+0000] {logging_mixin.py:188} INFO - [2026-04-15T00:38:14.167+0000] {dag.py:3823} INFO - Setting next_dagrun for fish_trade_pipeline to 2026-05-01 10:00:00+00:00, run_after=2026-06-01 10:00:00+00:00
[2026-04-15T00:38:14.184+0000] {processor.py:183} INFO - Processing /opt/airflow/dags/trade_fish_dag.py took 0.111 seconds
[2026-04-15T00:38:44.357+0000] {processor.py:161} INFO - Started process (PID=39405) to work on /opt/airflow/dags/trade_fish_dag.py
[2026-04-15T00:38:44.359+0000] {processor.py:830} INFO - Processing file /opt/airflow/dags/trade_fish_dag.py for tasks to queue
[2026-04-15T00:38:44.361+0000] {logging_mixin.py:188} INFO - [2026-04-15T00:38:44.360+0000] {dagbag.py:538} INFO - Filling up the DagBag from /opt/airflow/dags/trade_fish_dag.py
[2026-04-15T00:38:44.401+0000] {processor.py:840} INFO - DAG(s) 'fish_trade_pipeline' retrieved from /opt/airflow/dags/trade_fish_dag.py
[2026-04-15T00:38:44.429+0000] {logging_mixin.py:188} INFO - [2026-04-15T00:38:44.429+0000] {dag.py:3036} INFO - Sync 1 DAGs
[2026-04-15T00:38:44.444+0000] {logging_mixin.py:188} INFO - [2026-04-15T00:38:44.444+0000] {dag.py:3823} INFO - Setting next_dagrun for fish_trade_pipeline to 2026-05-01 10:00:00+00:00, run_after=2026-06-01 10:00:00+00:00
[2026-04-15T00:38:44.508+0000] {processor.py:183} INFO - Processing /opt/airflow/dags/trade_fish_dag.py took 0.157 seconds
[2026-04-15T00:39:14.742+0000] {processor.py:161} INFO - Started process (PID=39416) to work on /opt/airflow/dags/trade_fish_dag.py
[2026-04-15T00:39:14.743+0000] {processor.py:830} INFO - Processing file /opt/airflow/dags/trade_fish_dag.py for tasks to queue
[2026-04-15T00:39:14.744+0000] {logging_mixin.py:188} INFO - [2026-04-15T00:39:14.744+0000] {dagbag.py:538} INFO - Filling up the DagBag from /opt/airflow/dags/trade_fish_dag.py
[2026-04-15T00:39:14.771+0000] {processor.py:840} INFO - DAG(s) 'fish_trade_pipeline' retrieved from /opt/airflow/dags/trade_fish_dag.py
[2026-04-15T00:39:14.804+0000] {logging_mixin.py:188} INFO - [2026-04-15T00:39:14.804+0000] {dag.py:3036} INFO - Sync 1 DAGs
[2026-04-15T00:39:14.819+0000] {logging_mixin.py:188} INFO - [2026-04-15T00:39:14.819+0000] {dag.py:3823} INFO - Setting next_dagrun for fish_trade_pipeline to 2026-05-01 10:00:00+00:00, run_after=2026-06-01 10:00:00+00:00
[2026-04-15T00:39:14.834+0000] {processor.py:183} INFO - Processing /opt/airflow/dags/trade_fish_dag.py took 0.096 seconds
[2026-04-15T00:39:45.183+0000] {processor.py:161} INFO - Started process (PID=39427) to work on /opt/airflow/dags/trade_fish_dag.py
[2026-04-15T00:39:45.184+0000] {processor.py:830} INFO - Processing file /opt/airflow/dags/trade_fish_dag.py for tasks to queue
[2026-04-15T00:39:45.185+0000] {logging_mixin.py:188} INFO - [2026-04-15T00:39:45.185+0000] {dagbag.py:538} INFO - Filling up the DagBag from /opt/airflow/dags/trade_fish_dag.py
[2026-04-15T00:39:45.203+0000] {processor.py:840} INFO - DAG(s) 'fish_trade_pipeline' retrieved from /opt/airflow/dags/trade_fish_dag.py
[2026-04-15T00:39:45.228+0000] {logging_mixin.py:188} INFO - [2026-04-15T00:39:45.227+0000] {dag.py:3036} INFO - Sync 1 DAGs
[2026-04-15T00:39:45.243+0000] {logging_mixin.py:188} INFO - [2026-04-15T00:39:45.242+0000] {dag.py:3823} INFO - Setting next_dagrun for fish_trade_pipeline to 2026-05-01 10:00:00+00:00, run_after=2026-06-01 10:00:00+00:00
[2026-04-15T00:39:45.296+0000] {processor.py:183} INFO - Processing /opt/airflow/dags/trade_fish_dag.py took 0.115 seconds
[2026-04-15T00:40:15.587+0000] {processor.py:161} INFO - Started process (PID=39438) to work on /opt/airflow/dags/trade_fish_dag.py
[2026-04-15T00:40:15.588+0000] {processor.py:830} INFO - Processing file /opt/airflow/dags/trade_fish_dag.py for tasks to queue
[2026-04-15T00:40:15.590+0000] {logging_mixin.py:188} INFO - [2026-04-15T00:40:15.589+0000] {dagbag.py:538} INFO - Filling up the DagBag from /opt/airflow/dags/trade_fish_dag.py
[2026-04-15T00:40:15.636+0000] {processor.py:840} INFO - DAG(s) 'fish_trade_pipeline' retrieved from /opt/airflow/dags/trade_fish_dag.py
[2026-04-15T00:40:15.673+0000] {logging_mixin.py:188} INFO - [2026-04-15T00:40:15.673+0000] {dag.py:3036} INFO - Sync 1 DAGs
[2026-04-15T00:40:15.689+0000] {logging_mixin.py:188} INFO - [2026-04-15T00:40:15.689+0000] {dag.py:3823} INFO - Setting next_dagrun for fish_trade_pipeline to 2026-05-01 10:00:00+00:00, run_after=2026-06-01 10:00:00+00:00
[2026-04-15T00:40:15.708+0000] {processor.py:183} INFO - Processing /opt/airflow/dags/trade_fish_dag.py took 0.125 seconds
[2026-04-15T00:40:45.865+0000] {processor.py:161} INFO - Started process (PID=39450) to work on /opt/airflow/dags/trade_fish_dag.py
[2026-04-15T00:40:45.866+0000] {processor.py:830} INFO - Processing file /opt/airflow/dags/trade_fish_dag.py for tasks to queue
[2026-04-15T00:40:45.867+0000] {logging_mixin.py:188} INFO - [2026-04-15T00:40:45.867+0000] {dagbag.py:538} INFO - Filling up the DagBag from /opt/airflow/dags/trade_fish_dag.py
[2026-04-15T00:40:45.881+0000] {processor.py:840} INFO - DAG(s) 'fish_trade_pipeline' retrieved from /opt/airflow/dags/trade_fish_dag.py
[2026-04-15T00:40:45.983+0000] {logging_mixin.py:188} INFO - [2026-04-15T00:40:45.983+0000] {dag.py:3036} INFO - Sync 1 DAGs
[2026-04-15T00:40:45.999+0000] {logging_mixin.py:188} INFO - [2026-04-15T00:40:45.999+0000] {dag.py:3823} INFO - Setting next_dagrun for fish_trade_pipeline to 2026-05-01 10:00:00+00:00, run_after=2026-06-01 10:00:00+00:00
[2026-04-15T00:40:46.021+0000] {processor.py:183} INFO - Processing /opt/airflow/dags/trade_fish_dag.py took 0.158 seconds
[2026-04-15T00:41:16.350+0000] {processor.py:161} INFO - Started process (PID=39461) to work on /opt/airflow/dags/trade_fish_dag.py
[2026-04-15T00:41:16.354+0000] {processor.py:830} INFO - Processing file /opt/airflow/dags/trade_fish_dag.py for tasks to queue
[2026-04-15T00:41:16.356+0000] {logging_mixin.py:188} INFO - [2026-04-15T00:41:16.356+0000] {dagbag.py:538} INFO - Filling up the DagBag from /opt/airflow/dags/trade_fish_dag.py
[2026-04-15T00:41:16.384+0000] {processor.py:840} INFO - DAG(s) 'fish_trade_pipeline' retrieved from /opt/airflow/dags/trade_fish_dag.py
[2026-04-15T00:41:16.421+0000] {logging_mixin.py:188} INFO - [2026-04-15T00:41:16.421+0000] {dag.py:3036} INFO - Sync 1 DAGs
[2026-04-15T00:41:16.441+0000] {logging_mixin.py:188} INFO - [2026-04-15T00:41:16.441+0000] {dag.py:3823} INFO - Setting next_dagrun for fish_trade_pipeline to 2026-05-01 10:00:00+00:00, run_after=2026-06-01 10:00:00+00:00
[2026-04-15T00:41:16.461+0000] {processor.py:183} INFO - Processing /opt/airflow/dags/trade_fish_dag.py took 0.113 seconds
[2026-04-15T00:41:46.671+0000] {processor.py:161} INFO - Started process (PID=39472) to work on /opt/airflow/dags/trade_fish_dag.py
[2026-04-15T00:41:46.672+0000] {processor.py:830} INFO - Processing file /opt/airflow/dags/trade_fish_dag.py for tasks to queue
[2026-04-15T00:41:46.673+0000] {logging_mixin.py:188} INFO - [2026-04-15T00:41:46.673+0000] {dagbag.py:538} INFO - Filling up the DagBag from /opt/airflow/dags/trade_fish_dag.py
[2026-04-15T00:41:46.690+0000] {processor.py:840} INFO - DAG(s) 'fish_trade_pipeline' retrieved from /opt/airflow/dags/trade_fish_dag.py
[2026-04-15T00:41:46.720+0000] {logging_mixin.py:188} INFO - [2026-04-15T00:41:46.720+0000] {dag.py:3036} INFO - Sync 1 DAGs
[2026-04-15T00:41:46.736+0000] {logging_mixin.py:188} INFO - [2026-04-15T00:41:46.736+0000] {dag.py:3823} INFO - Setting next_dagrun for fish_trade_pipeline to 2026-05-01 10:00:00+00:00, run_after=2026-06-01 10:00:00+00:00
[2026-04-15T00:41:46.816+0000] {processor.py:183} INFO - Processing /opt/airflow/dags/trade_fish_dag.py took 0.147 seconds
[2026-04-15T00:42:17.194+0000] {processor.py:161} INFO - Started process (PID=39483) to work on /opt/airflow/dags/trade_fish_dag.py
[2026-04-15T00:42:17.196+0000] {processor.py:830} INFO - Processing file /opt/airflow/dags/trade_fish_dag.py for tasks to queue
[2026-04-15T00:42:17.197+0000] {logging_mixin.py:188} INFO - [2026-04-15T00:42:17.196+0000] {dagbag.py:538} INFO - Filling up the DagBag from /opt/airflow/dags/trade_fish_dag.py
[2026-04-15T00:42:17.273+0000] {processor.py:840} INFO - DAG(s) 'fish_trade_pipeline' retrieved from /opt/airflow/dags/trade_fish_dag.py
[2026-04-15T00:42:17.321+0000] {logging_mixin.py:188} INFO - [2026-04-15T00:42:17.321+0000] {dag.py:3036} INFO - Sync 1 DAGs
[2026-04-15T00:42:17.336+0000] {logging_mixin.py:188} INFO - [2026-04-15T00:42:17.336+0000] {dag.py:3823} INFO - Setting next_dagrun for fish_trade_pipeline to 2026-05-01 10:00:00+00:00, run_after=2026-06-01 10:00:00+00:00
[2026-04-15T00:42:17.351+0000] {processor.py:183} INFO - Processing /opt/airflow/dags/trade_fish_dag.py took 0.160 seconds
[2026-04-15T00:42:47.511+0000] {processor.py:161} INFO - Started process (PID=39494) to work on /opt/airflow/dags/trade_fish_dag.py
[2026-04-15T00:42:47.514+0000] {processor.py:830} INFO - Processing file /opt/airflow/dags/trade_fish_dag.py for tasks to queue
[2026-04-15T00:42:47.516+0000] {logging_mixin.py:188} INFO - [2026-04-15T00:42:47.516+0000] {dagbag.py:538} INFO - Filling up the DagBag from /opt/airflow/dags/trade_fish_dag.py
[2026-04-15T00:42:47.555+0000] {processor.py:840} INFO - DAG(s) 'fish_trade_pipeline' retrieved from /opt/airflow/dags/trade_fish_dag.py
[2026-04-15T00:42:47.580+0000] {logging_mixin.py:188} INFO - [2026-04-15T00:42:47.580+0000] {dag.py:3036} INFO - Sync 1 DAGs
[2026-04-15T00:42:47.597+0000] {logging_mixin.py:188} INFO - [2026-04-15T00:42:47.597+0000] {dag.py:3823} INFO - Setting next_dagrun for fish_trade_pipeline to 2026-05-01 10:00:00+00:00, run_after=2026-06-01 10:00:00+00:00
[2026-04-15T00:42:47.616+0000] {processor.py:183} INFO - Processing /opt/airflow/dags/trade_fish_dag.py took 0.111 seconds
[2026-04-15T00:43:17.741+0000] {processor.py:161} INFO - Started process (PID=39505) to work on /opt/airflow/dags/trade_fish_dag.py
[2026-04-15T00:43:17.743+0000] {processor.py:830} INFO - Processing file /opt/airflow/dags/trade_fish_dag.py for tasks to queue
[2026-04-15T00:43:17.744+0000] {logging_mixin.py:188} INFO - [2026-04-15T00:43:17.743+0000] {dagbag.py:538} INFO - Filling up the DagBag from /opt/airflow/dags/trade_fish_dag.py
[2026-04-15T00:43:17.816+0000] {processor.py:840} INFO - DAG(s) 'fish_trade_pipeline' retrieved from /opt/airflow/dags/trade_fish_dag.py
[2026-04-15T00:43:17.871+0000] {logging_mixin.py:188} INFO - [2026-04-15T00:43:17.870+0000] {dag.py:3036} INFO - Sync 1 DAGs
[2026-04-15T00:43:17.888+0000] {logging_mixin.py:188} INFO - [2026-04-15T00:43:17.888+0000] {dag.py:3823} INFO - Setting next_dagrun for fish_trade_pipeline to 2026-05-01 10:00:00+00:00, run_after=2026-06-01 10:00:00+00:00
[2026-04-15T00:43:17.904+0000] {processor.py:183} INFO - Processing /opt/airflow/dags/trade_fish_dag.py took 0.165 seconds
[2026-04-15T00:43:48.236+0000] {processor.py:161} INFO - Started process (PID=39517) to work on /opt/airflow/dags/trade_fish_dag.py
[2026-04-15T00:43:48.245+0000] {processor.py:830} INFO - Processing file /opt/airflow/dags/trade_fish_dag.py for tasks to queue
[2026-04-15T00:43:48.253+0000] {logging_mixin.py:188} INFO - [2026-04-15T00:43:48.253+0000] {dagbag.py:538} INFO - Filling up the DagBag from /opt/airflow/dags/trade_fish_dag.py
[2026-04-15T00:43:48.345+0000] {processor.py:840} INFO - DAG(s) 'fish_trade_pipeline' retrieved from /opt/airflow/dags/trade_fish_dag.py
[2026-04-15T00:43:48.423+0000] {logging_mixin.py:188} INFO - [2026-04-15T00:43:48.422+0000] {dag.py:3036} INFO - Sync 1 DAGs
[2026-04-15T00:43:48.446+0000] {logging_mixin.py:188} INFO - [2026-04-15T00:43:48.446+0000] {dag.py:3823} INFO - Setting next_dagrun for fish_trade_pipeline to 2026-05-01 10:00:00+00:00, run_after=2026-06-01 10:00:00+00:00
[2026-04-15T00:43:48.518+0000] {processor.py:183} INFO - Processing /opt/airflow/dags/trade_fish_dag.py took 0.287 seconds
[2026-04-15T00:44:18.857+0000] {processor.py:161} INFO - Started process (PID=39528) to work on /opt/airflow/dags/trade_fish_dag.py
[2026-04-15T00:44:18.866+0000] {processor.py:830} INFO - Processing file /opt/airflow/dags/trade_fish_dag.py for tasks to queue
[2026-04-15T00:44:18.870+0000] {logging_mixin.py:188} INFO - [2026-04-15T00:44:18.869+0000] {dagbag.py:538} INFO - Filling up the DagBag from /opt/airflow/dags/trade_fish_dag.py
[2026-04-15T00:44:18.909+0000] {processor.py:840} INFO - DAG(s) 'fish_trade_pipeline' retrieved from /opt/airflow/dags/trade_fish_dag.py
[2026-04-15T00:44:18.965+0000] {logging_mixin.py:188} INFO - [2026-04-15T00:44:18.965+0000] {dag.py:3036} INFO - Sync 1 DAGs
[2026-04-15T00:44:18.989+0000] {logging_mixin.py:188} INFO - [2026-04-15T00:44:18.988+0000] {dag.py:3823} INFO - Setting next_dagrun for fish_trade_pipeline to 2026-05-01 10:00:00+00:00, run_after=2026-06-01 10:00:00+00:00
[2026-04-15T00:44:19.009+0000] {processor.py:183} INFO - Processing /opt/airflow/dags/trade_fish_dag.py took 0.156 seconds
[2026-04-15T00:44:49.160+0000] {processor.py:161} INFO - Started process (PID=39539) to work on /opt/airflow/dags/trade_fish_dag.py
[2026-04-15T00:44:49.162+0000] {processor.py:830} INFO - Processing file /opt/airflow/dags/trade_fish_dag.py for tasks to queue
[2026-04-15T00:44:49.164+0000] {logging_mixin.py:188} INFO - [2026-04-15T00:44:49.163+0000] {dagbag.py:538} INFO - Filling up the DagBag from /opt/airflow/dags/trade_fish_dag.py
[2026-04-15T00:44:49.216+0000] {processor.py:840} INFO - DAG(s) 'fish_trade_pipeline' retrieved from /opt/airflow/dags/trade_fish_dag.py
[2026-04-15T00:44:49.282+0000] {logging_mixin.py:188} INFO - [2026-04-15T00:44:49.282+0000] {dag.py:3036} INFO - Sync 1 DAGs
[2026-04-15T00:44:49.299+0000] {logging_mixin.py:188} INFO - [2026-04-15T00:44:49.299+0000] {dag.py:3823} INFO - Setting next_dagrun for fish_trade_pipeline to 2026-05-01 10:00:00+00:00, run_after=2026-06-01 10:00:00+00:00
[2026-04-15T00:44:49.320+0000] {processor.py:183} INFO - Processing /opt/airflow/dags/trade_fish_dag.py took 0.165 seconds
[2026-04-15T00:45:19.794+0000] {processor.py:161} INFO - Started process (PID=39550) to work on /opt/airflow/dags/trade_fish_dag.py
[2026-04-15T00:45:19.795+0000] {processor.py:830} INFO - Processing file /opt/airflow/dags/trade_fish_dag.py for tasks to queue
[2026-04-15T00:45:19.796+0000] {logging_mixin.py:188} INFO - [2026-04-15T00:45:19.796+0000] {dagbag.py:538} INFO - Filling up the DagBag from /opt/airflow/dags/trade_fish_dag.py
[2026-04-15T00:45:19.918+0000] {processor.py:840} INFO - DAG(s) 'fish_trade_pipeline' retrieved from /opt/airflow/dags/trade_fish_dag.py
[2026-04-15T00:45:19.955+0000] {logging_mixin.py:188} INFO - [2026-04-15T00:45:19.954+0000] {dag.py:3036} INFO - Sync 1 DAGs
[2026-04-15T00:45:19.972+0000] {logging_mixin.py:188} INFO - [2026-04-15T00:45:19.972+0000] {dag.py:3823} INFO - Setting next_dagrun for fish_trade_pipeline to 2026-05-01 10:00:00+00:00, run_after=2026-06-01 10:00:00+00:00
[2026-04-15T00:45:19.990+0000] {processor.py:183} INFO - Processing /opt/airflow/dags/trade_fish_dag.py took 0.201 seconds
[2026-04-15T00:45:50.195+0000] {processor.py:161} INFO - Started process (PID=39561) to work on /opt/airflow/dags/trade_fish_dag.py
[2026-04-15T00:45:50.198+0000] {processor.py:830} INFO - Processing file /opt/airflow/dags/trade_fish_dag.py for tasks to queue
[2026-04-15T00:45:50.199+0000] {logging_mixin.py:188} INFO - [2026-04-15T00:45:50.199+0000] {dagbag.py:538} INFO - Filling up the DagBag from /opt/airflow/dags/trade_fish_dag.py
[2026-04-15T00:45:50.236+0000] {processor.py:840} INFO - DAG(s) 'fish_trade_pipeline' retrieved from /opt/airflow/dags/trade_fish_dag.py
[2026-04-15T00:45:50.267+0000] {logging_mixin.py:188} INFO - [2026-04-15T00:45:50.266+0000] {dag.py:3036} INFO - Sync 1 DAGs
[2026-04-15T00:45:50.282+0000] {logging_mixin.py:188} INFO - [2026-04-15T00:45:50.282+0000] {dag.py:3823} INFO - Setting next_dagrun for fish_trade_pipeline to 2026-05-01 10:00:00+00:00, run_after=2026-06-01 10:00:00+00:00
[2026-04-15T00:45:50.299+0000] {processor.py:183} INFO - Processing /opt/airflow/dags/trade_fish_dag.py took 0.107 seconds
[2026-04-15T00:46:20.574+0000] {processor.py:161} INFO - Started process (PID=39572) to work on /opt/airflow/dags/trade_fish_dag.py
[2026-04-15T00:46:20.579+0000] {processor.py:830} INFO - Processing file /opt/airflow/dags/trade_fish_dag.py for tasks to queue
[2026-04-15T00:46:20.581+0000] {logging_mixin.py:188} INFO - [2026-04-15T00:46:20.581+0000] {dagbag.py:538} INFO - Filling up the DagBag from /opt/airflow/dags/trade_fish_dag.py
[2026-04-15T00:46:20.616+0000] {processor.py:840} INFO - DAG(s) 'fish_trade_pipeline' retrieved from /opt/airflow/dags/trade_fish_dag.py
[2026-04-15T00:46:20.657+0000] {logging_mixin.py:188} INFO - [2026-04-15T00:46:20.657+0000] {dag.py:3036} INFO - Sync 1 DAGs
[2026-04-15T00:46:20.672+0000] {logging_mixin.py:188} INFO - [2026-04-15T00:46:20.672+0000] {dag.py:3823} INFO - Setting next_dagrun for fish_trade_pipeline to 2026-05-01 10:00:00+00:00, run_after=2026-06-01 10:00:00+00:00
[2026-04-15T00:46:20.689+0000] {processor.py:183} INFO - Processing /opt/airflow/dags/trade_fish_dag.py took 0.122 seconds
[2026-04-15T00:46:50.994+0000] {processor.py:161} INFO - Started process (PID=39583) to work on /opt/airflow/dags/trade_fish_dag.py
[2026-04-15T00:46:50.996+0000] {processor.py:830} INFO - Processing file /opt/airflow/dags/trade_fish_dag.py for tasks to queue
[2026-04-15T00:46:50.998+0000] {logging_mixin.py:188} INFO - [2026-04-15T00:46:50.997+0000] {dagbag.py:538} INFO - Filling up the DagBag from /opt/airflow/dags/trade_fish_dag.py
[2026-04-15T00:46:51.034+0000] {processor.py:840} INFO - DAG(s) 'fish_trade_pipeline' retrieved from /opt/airflow/dags/trade_fish_dag.py
[2026-04-15T00:46:51.064+0000] {logging_mixin.py:188} INFO - [2026-04-15T00:46:51.064+0000] {dag.py:3036} INFO - Sync 1 DAGs
[2026-04-15T00:46:51.080+0000] {logging_mixin.py:188} INFO - [2026-04-15T00:46:51.080+0000] {dag.py:3823} INFO - Setting next_dagrun for fish_trade_pipeline to 2026-05-01 10:00:00+00:00, run_after=2026-06-01 10:00:00+00:00
[2026-04-15T00:46:51.103+0000] {processor.py:183} INFO - Processing /opt/airflow/dags/trade_fish_dag.py took 0.112 seconds
[2026-04-15T00:47:21.363+0000] {processor.py:161} INFO - Started process (PID=39594) to work on /opt/airflow/dags/trade_fish_dag.py
[2026-04-15T00:47:21.365+0000] {processor.py:830} INFO - Processing file /opt/airflow/dags/trade_fish_dag.py for tasks to queue
[2026-04-15T00:47:21.366+0000] {logging_mixin.py:188} INFO - [2026-04-15T00:47:21.366+0000] {dagbag.py:538} INFO - Filling up the DagBag from /opt/airflow/dags/trade_fish_dag.py
[2026-04-15T00:47:21.413+0000] {processor.py:840} INFO - DAG(s) 'fish_trade_pipeline' retrieved from /opt/airflow/dags/trade_fish_dag.py
[2026-04-15T00:47:21.486+0000] {logging_mixin.py:188} INFO - [2026-04-15T00:47:21.486+0000] {dag.py:3036} INFO - Sync 1 DAGs
[2026-04-15T00:47:21.507+0000] {logging_mixin.py:188} INFO - [2026-04-15T00:47:21.507+0000] {dag.py:3823} INFO - Setting next_dagrun for fish_trade_pipeline to 2026-05-01 10:00:00+00:00, run_after=2026-06-01 10:00:00+00:00
[2026-04-15T00:47:21.535+0000] {processor.py:183} INFO - Processing /opt/airflow/dags/trade_fish_dag.py took 0.178 seconds
[2026-04-15T00:47:51.792+0000] {processor.py:161} INFO - Started process (PID=39605) to work on /opt/airflow/dags/trade_fish_dag.py
[2026-04-15T00:47:51.793+0000] {processor.py:830} INFO - Processing file /opt/airflow/dags/trade_fish_dag.py for tasks to queue
[2026-04-15T00:47:51.794+0000] {logging_mixin.py:188} INFO - [2026-04-15T00:47:51.793+0000] {dagbag.py:538} INFO - Filling up the DagBag from /opt/airflow/dags/trade_fish_dag.py
[2026-04-15T00:47:51.811+0000] {processor.py:840} INFO - DAG(s) 'fish_trade_pipeline' retrieved from /opt/airflow/dags/trade_fish_dag.py
[2026-04-15T00:47:51.834+0000] {logging_mixin.py:188} INFO - [2026-04-15T00:47:51.834+0000] {dag.py:3036} INFO - Sync 1 DAGs
[2026-04-15T00:47:51.849+0000] {logging_mixin.py:188} INFO - [2026-04-15T00:47:51.849+0000] {dag.py:3823} INFO - Setting next_dagrun for fish_trade_pipeline to 2026-05-01 10:00:00+00:00, run_after=2026-06-01 10:00:00+00:00
[2026-04-15T00:47:51.865+0000] {processor.py:183} INFO - Processing /opt/airflow/dags/trade_fish_dag.py took 0.076 seconds
[2026-04-15T00:48:22.122+0000] {processor.py:161} INFO - Started process (PID=39616) to work on /opt/airflow/dags/trade_fish_dag.py
[2026-04-15T00:48:22.124+0000] {processor.py:830} INFO - Processing file /opt/airflow/dags/trade_fish_dag.py for tasks to queue
[2026-04-15T00:48:22.126+0000] {logging_mixin.py:188} INFO - [2026-04-15T00:48:22.126+0000] {dagbag.py:538} INFO - Filling up the DagBag from /opt/airflow/dags/trade_fish_dag.py
[2026-04-15T00:48:22.180+0000] {processor.py:840} INFO - DAG(s) 'fish_trade_pipeline' retrieved from /opt/airflow/dags/trade_fish_dag.py
[2026-04-15T00:48:22.236+0000] {logging_mixin.py:188} INFO - [2026-04-15T00:48:22.236+0000] {dag.py:3036} INFO - Sync 1 DAGs
[2026-04-15T00:48:22.256+0000] {logging_mixin.py:188} INFO - [2026-04-15T00:48:22.256+0000] {dag.py:3823} INFO - Setting next_dagrun for fish_trade_pipeline to 2026-05-01 10:00:00+00:00, run_after=2026-06-01 10:00:00+00:00
[2026-04-15T00:48:22.283+0000] {processor.py:183} INFO - Processing /opt/airflow/dags/trade_fish_dag.py took 0.167 seconds
[2026-04-15T00:48:52.578+0000] {processor.py:161} INFO - Started process (PID=39627) to work on /opt/airflow/dags/trade_fish_dag.py
[2026-04-15T00:48:52.579+0000] {processor.py:830} INFO - Processing file /opt/airflow/dags/trade_fish_dag.py for tasks to queue
[2026-04-15T00:48:52.580+0000] {logging_mixin.py:188} INFO - [2026-04-15T00:48:52.580+0000] {dagbag.py:538} INFO - Filling up the DagBag from /opt/airflow/dags/trade_fish_dag.py
[2026-04-15T00:48:52.597+0000] {processor.py:840} INFO - DAG(s) 'fish_trade_pipeline' retrieved from /opt/airflow/dags/trade_fish_dag.py
[2026-04-15T00:48:52.626+0000] {logging_mixin.py:188} INFO - [2026-04-15T00:48:52.626+0000] {dag.py:3036} INFO - Sync 1 DAGs
[2026-04-15T00:48:52.642+0000] {logging_mixin.py:188} INFO - [2026-04-15T00:48:52.642+0000] {dag.py:3823} INFO - Setting next_dagrun for fish_trade_pipeline to 2026-05-01 10:00:00+00:00, run_after=2026-06-01 10:00:00+00:00
[2026-04-15T00:48:52.660+0000] {processor.py:183} INFO - Processing /opt/airflow/dags/trade_fish_dag.py took 0.086 seconds
[2026-04-15T00:49:23.022+0000] {processor.py:161} INFO - Started process (PID=39638) to work on /opt/airflow/dags/trade_fish_dag.py
[2026-04-15T00:49:23.024+0000] {processor.py:830} INFO - Processing file /opt/airflow/dags/trade_fish_dag.py for tasks to queue
[2026-04-15T00:49:23.025+0000] {logging_mixin.py:188} INFO - [2026-04-15T00:49:23.025+0000] {dagbag.py:538} INFO - Filling up the DagBag from /opt/airflow/dags/trade_fish_dag.py
[2026-04-15T00:49:23.068+0000] {processor.py:840} INFO - DAG(s) 'fish_trade_pipeline' retrieved from /opt/airflow/dags/trade_fish_dag.py
[2026-04-15T00:49:23.110+0000] {logging_mixin.py:188} INFO - [2026-04-15T00:49:23.109+0000] {dag.py:3036} INFO - Sync 1 DAGs
[2026-04-15T00:49:23.127+0000] {logging_mixin.py:188} INFO - [2026-04-15T00:49:23.126+0000] {dag.py:3823} INFO - Setting next_dagrun for fish_trade_pipeline to 2026-05-01 10:00:00+00:00, run_after=2026-06-01 10:00:00+00:00
[2026-04-15T00:49:23.143+0000] {processor.py:183} INFO - Processing /opt/airflow/dags/trade_fish_dag.py took 0.123 seconds
[2026-04-15T00:49:53.425+0000] {processor.py:161} INFO - Started process (PID=39649) to work on /opt/airflow/dags/trade_fish_dag.py
[2026-04-15T00:49:53.426+0000] {processor.py:830} INFO - Processing file /opt/airflow/dags/trade_fish_dag.py for tasks to queue
[2026-04-15T00:49:53.427+0000] {logging_mixin.py:188} INFO - [2026-04-15T00:49:53.427+0000] {dagbag.py:538} INFO - Filling up the DagBag from /opt/airflow/dags/trade_fish_dag.py
[2026-04-15T00:49:53.445+0000] {processor.py:840} INFO - DAG(s) 'fish_trade_pipeline' retrieved from /opt/airflow/dags/trade_fish_dag.py
[2026-04-15T00:49:53.473+0000] {logging_mixin.py:188} INFO - [2026-04-15T00:49:53.473+0000] {dag.py:3036} INFO - Sync 1 DAGs
[2026-04-15T00:49:53.490+0000] {logging_mixin.py:188} INFO - [2026-04-15T00:49:53.490+0000] {dag.py:3823} INFO - Setting next_dagrun for fish_trade_pipeline to 2026-05-01 10:00:00+00:00, run_after=2026-06-01 10:00:00+00:00
[2026-04-15T00:49:53.507+0000] {processor.py:183} INFO - Processing /opt/airflow/dags/trade_fish_dag.py took 0.085 seconds
[2026-04-15T00:50:23.816+0000] {processor.py:161} INFO - Started process (PID=39660) to work on /opt/airflow/dags/trade_fish_dag.py
[2026-04-15T00:50:23.817+0000] {processor.py:830} INFO - Processing file /opt/airflow/dags/trade_fish_dag.py for tasks to queue
[2026-04-15T00:50:23.818+0000] {logging_mixin.py:188} INFO - [2026-04-15T00:50:23.818+0000] {dagbag.py:538} INFO - Filling up the DagBag from /opt/airflow/dags/trade_fish_dag.py
[2026-04-15T00:50:23.835+0000] {processor.py:840} INFO - DAG(s) 'fish_trade_pipeline' retrieved from /opt/airflow/dags/trade_fish_dag.py
[2026-04-15T00:50:23.859+0000] {logging_mixin.py:188} INFO - [2026-04-15T00:50:23.859+0000] {dag.py:3036} INFO - Sync 1 DAGs
[2026-04-15T00:50:23.874+0000] {logging_mixin.py:188} INFO - [2026-04-15T00:50:23.874+0000] {dag.py:3823} INFO - Setting next_dagrun for fish_trade_pipeline to 2026-05-01 10:00:00+00:00, run_after=2026-06-01 10:00:00+00:00
[2026-04-15T00:50:23.891+0000] {processor.py:183} INFO - Processing /opt/airflow/dags/trade_fish_dag.py took 0.077 seconds
[2026-04-15T00:50:54.120+0000] {processor.py:161} INFO - Started process (PID=39671) to work on /opt/airflow/dags/trade_fish_dag.py
[2026-04-15T00:50:54.121+0000] {processor.py:830} INFO - Processing file /opt/airflow/dags/trade_fish_dag.py for tasks to queue
[2026-04-15T00:50:54.122+0000] {logging_mixin.py:188} INFO - [2026-04-15T00:50:54.122+0000] {dagbag.py:538} INFO - Filling up the DagBag from /opt/airflow/dags/trade_fish_dag.py
[2026-04-15T00:50:54.139+0000] {processor.py:840} INFO - DAG(s) 'fish_trade_pipeline' retrieved from /opt/airflow/dags/trade_fish_dag.py
[2026-04-15T00:50:54.165+0000] {logging_mixin.py:188} INFO - [2026-04-15T00:50:54.165+0000] {dag.py:3036} INFO - Sync 1 DAGs
[2026-04-15T00:50:54.182+0000] {logging_mixin.py:188} INFO - [2026-04-15T00:50:54.182+0000] {dag.py:3823} INFO - Setting next_dagrun for fish_trade_pipeline to 2026-05-01 10:00:00+00:00, run_after=2026-06-01 10:00:00+00:00
[2026-04-15T00:50:54.197+0000] {processor.py:183} INFO - Processing /opt/airflow/dags/trade_fish_dag.py took 0.079 seconds
[2026-04-15T00:51:24.431+0000] {processor.py:161} INFO - Started process (PID=39682) to work on /opt/airflow/dags/trade_fish_dag.py
[2026-04-15T00:51:24.433+0000] {processor.py:830} INFO - Processing file /opt/airflow/dags/trade_fish_dag.py for tasks to queue
[2026-04-15T00:51:24.434+0000] {logging_mixin.py:188} INFO - [2026-04-15T00:51:24.433+0000] {dagbag.py:538} INFO - Filling up the DagBag from /opt/airflow/dags/trade_fish_dag.py
[2026-04-15T00:51:24.455+0000] {processor.py:840} INFO - DAG(s) 'fish_trade_pipeline' retrieved from /opt/airflow/dags/trade_fish_dag.py
[2026-04-15T00:51:24.489+0000] {logging_mixin.py:188} INFO - [2026-04-15T00:51:24.489+0000] {dag.py:3036} INFO - Sync 1 DAGs
[2026-04-15T00:51:24.506+0000] {logging_mixin.py:188} INFO - [2026-04-15T00:51:24.506+0000] {dag.py:3823} INFO - Setting next_dagrun for fish_trade_pipeline to 2026-05-01 10:00:00+00:00, run_after=2026-06-01 10:00:00+00:00
[2026-04-15T00:51:24.523+0000] {processor.py:183} INFO - Processing /opt/airflow/dags/trade_fish_dag.py took 0.095 seconds
[2026-04-15T00:51:54.917+0000] {processor.py:161} INFO - Started process (PID=39693) to work on /opt/airflow/dags/trade_fish_dag.py
[2026-04-15T00:51:54.918+0000] {processor.py:830} INFO - Processing file /opt/airflow/dags/trade_fish_dag.py for tasks to queue
[2026-04-15T00:51:54.921+0000] {logging_mixin.py:188} INFO - [2026-04-15T00:51:54.920+0000] {dagbag.py:538} INFO - Filling up the DagBag from /opt/airflow/dags/trade_fish_dag.py
[2026-04-15T00:51:54.946+0000] {processor.py:840} INFO - DAG(s) 'fish_trade_pipeline' retrieved from /opt/airflow/dags/trade_fish_dag.py
[2026-04-15T00:51:54.974+0000] {logging_mixin.py:188} INFO - [2026-04-15T00:51:54.974+0000] {dag.py:3036} INFO - Sync 1 DAGs
[2026-04-15T00:51:54.995+0000] {logging_mixin.py:188} INFO - [2026-04-15T00:51:54.995+0000] {dag.py:3823} INFO - Setting next_dagrun for fish_trade_pipeline to 2026-05-01 10:00:00+00:00, run_after=2026-06-01 10:00:00+00:00
[2026-04-15T00:51:55.067+0000] {processor.py:183} INFO - Processing /opt/airflow/dags/trade_fish_dag.py took 0.153 seconds
[2026-04-15T00:52:25.420+0000] {processor.py:161} INFO - Started process (PID=39704) to work on /opt/airflow/dags/trade_fish_dag.py
[2026-04-15T00:52:25.422+0000] {processor.py:830} INFO - Processing file /opt/airflow/dags/trade_fish_dag.py for tasks to queue
[2026-04-15T00:52:25.423+0000] {logging_mixin.py:188} INFO - [2026-04-15T00:52:25.423+0000] {dagbag.py:538} INFO - Filling up the DagBag from /opt/airflow/dags/trade_fish_dag.py
[2026-04-15T00:52:25.448+0000] {processor.py:840} INFO - DAG(s) 'fish_trade_pipeline' retrieved from /opt/airflow/dags/trade_fish_dag.py
[2026-04-15T00:52:25.481+0000] {logging_mixin.py:188} INFO - [2026-04-15T00:52:25.481+0000] {dag.py:3036} INFO - Sync 1 DAGs
[2026-04-15T00:52:25.496+0000] {logging_mixin.py:188} INFO - [2026-04-15T00:52:25.496+0000] {dag.py:3823} INFO - Setting next_dagrun for fish_trade_pipeline to 2026-05-01 10:00:00+00:00, run_after=2026-06-01 10:00:00+00:00
[2026-04-15T00:52:25.512+0000] {processor.py:183} INFO - Processing /opt/airflow/dags/trade_fish_dag.py took 0.096 seconds
[2026-04-15T00:52:55.685+0000] {processor.py:161} INFO - Started process (PID=39715) to work on /opt/airflow/dags/trade_fish_dag.py
[2026-04-15T00:52:55.686+0000] {processor.py:830} INFO - Processing file /opt/airflow/dags/trade_fish_dag.py for tasks to queue
[2026-04-15T00:52:55.687+0000] {logging_mixin.py:188} INFO - [2026-04-15T00:52:55.687+0000] {dagbag.py:538} INFO - Filling up the DagBag from /opt/airflow/dags/trade_fish_dag.py
[2026-04-15T00:52:55.703+0000] {processor.py:840} INFO - DAG(s) 'fish_trade_pipeline' retrieved from /opt/airflow/dags/trade_fish_dag.py
[2026-04-15T00:52:55.727+0000] {logging_mixin.py:188} INFO - [2026-04-15T00:52:55.727+0000] {dag.py:3036} INFO - Sync 1 DAGs
[2026-04-15T00:52:55.743+0000] {logging_mixin.py:188} INFO - [2026-04-15T00:52:55.743+0000] {dag.py:3823} INFO - Setting next_dagrun for fish_trade_pipeline to 2026-05-01 10:00:00+00:00, run_after=2026-06-01 10:00:00+00:00
[2026-04-15T00:52:55.762+0000] {processor.py:183} INFO - Processing /opt/airflow/dags/trade_fish_dag.py took 0.080 seconds
[2026-04-15T00:53:26.066+0000] {processor.py:161} INFO - Started process (PID=39726) to work on /opt/airflow/dags/trade_fish_dag.py
[2026-04-15T00:53:26.067+0000] {processor.py:830} INFO - Processing file /opt/airflow/dags/trade_fish_dag.py for tasks to queue
[2026-04-15T00:53:26.068+0000] {logging_mixin.py:188} INFO - [2026-04-15T00:53:26.068+0000] {dagbag.py:538} INFO - Filling up the DagBag from /opt/airflow/dags/trade_fish_dag.py
[2026-04-15T00:53:26.103+0000] {processor.py:840} INFO - DAG(s) 'fish_trade_pipeline' retrieved from /opt/airflow/dags/trade_fish_dag.py
[2026-04-15T00:53:26.134+0000] {logging_mixin.py:188} INFO - [2026-04-15T00:53:26.134+0000] {dag.py:3036} INFO - Sync 1 DAGs
[2026-04-15T00:53:26.150+0000] {logging_mixin.py:188} INFO - [2026-04-15T00:53:26.150+0000] {dag.py:3823} INFO - Setting next_dagrun for fish_trade_pipeline to 2026-05-01 10:00:00+00:00, run_after=2026-06-01 10:00:00+00:00
[2026-04-15T00:53:26.166+0000] {processor.py:183} INFO - Processing /opt/airflow/dags/trade_fish_dag.py took 0.103 seconds
[2026-04-15T00:53:56.426+0000] {processor.py:161} INFO - Started process (PID=39737) to work on /opt/airflow/dags/trade_fish_dag.py
[2026-04-15T00:53:56.428+0000] {processor.py:830} INFO - Processing file /opt/airflow/dags/trade_fish_dag.py for tasks to queue
[2026-04-15T00:53:56.430+0000] {logging_mixin.py:188} INFO - [2026-04-15T00:53:56.430+0000] {dagbag.py:538} INFO - Filling up the DagBag from /opt/airflow/dags/trade_fish_dag.py
[2026-04-15T00:53:56.495+0000] {processor.py:840} INFO - DAG(s) 'fish_trade_pipeline' retrieved from /opt/airflow/dags/trade_fish_dag.py
[2026-04-15T00:53:56.540+0000] {logging_mixin.py:188} INFO - [2026-04-15T00:53:56.540+0000] {dag.py:3036} INFO - Sync 1 DAGs
[2026-04-15T00:53:56.556+0000] {logging_mixin.py:188} INFO - [2026-04-15T00:53:56.555+0000] {dag.py:3823} INFO - Setting next_dagrun for fish_trade_pipeline to 2026-05-01 10:00:00+00:00, run_after=2026-06-01 10:00:00+00:00
[2026-04-15T00:53:56.636+0000] {processor.py:183} INFO - Processing /opt/airflow/dags/trade_fish_dag.py took 0.216 seconds
[2026-04-15T00:54:27.075+0000] {processor.py:161} INFO - Started process (PID=39748) to work on /opt/airflow/dags/trade_fish_dag.py
[2026-04-15T00:54:27.076+0000] {processor.py:830} INFO - Processing file /opt/airflow/dags/trade_fish_dag.py for tasks to queue
[2026-04-15T00:54:27.077+0000] {logging_mixin.py:188} INFO - [2026-04-15T00:54:27.077+0000] {dagbag.py:538} INFO - Filling up the DagBag from /opt/airflow/dags/trade_fish_dag.py
[2026-04-15T00:54:27.107+0000] {processor.py:840} INFO - DAG(s) 'fish_trade_pipeline' retrieved from /opt/airflow/dags/trade_fish_dag.py
[2026-04-15T00:54:27.142+0000] {logging_mixin.py:188} INFO - [2026-04-15T00:54:27.142+0000] {dag.py:3036} INFO - Sync 1 DAGs
[2026-04-15T00:54:27.158+0000] {logging_mixin.py:188} INFO - [2026-04-15T00:54:27.158+0000] {dag.py:3823} INFO - Setting next_dagrun for fish_trade_pipeline to 2026-05-01 10:00:00+00:00, run_after=2026-06-01 10:00:00+00:00
[2026-04-15T00:54:27.176+0000] {processor.py:183} INFO - Processing /opt/airflow/dags/trade_fish_dag.py took 0.104 seconds
[2026-04-15T00:54:57.390+0000] {processor.py:161} INFO - Started process (PID=39759) to work on /opt/airflow/dags/trade_fish_dag.py
[2026-04-15T00:54:57.391+0000] {processor.py:830} INFO - Processing file /opt/airflow/dags/trade_fish_dag.py for tasks to queue
[2026-04-15T00:54:57.392+0000] {logging_mixin.py:188} INFO - [2026-04-15T00:54:57.392+0000] {dagbag.py:538} INFO - Filling up the DagBag from /opt/airflow/dags/trade_fish_dag.py
[2026-04-15T00:54:57.414+0000] {processor.py:840} INFO - DAG(s) 'fish_trade_pipeline' retrieved from /opt/airflow/dags/trade_fish_dag.py
[2026-04-15T00:54:57.441+0000] {logging_mixin.py:188} INFO - [2026-04-15T00:54:57.441+0000] {dag.py:3036} INFO - Sync 1 DAGs
[2026-04-15T00:54:57.466+0000] {logging_mixin.py:188} INFO - [2026-04-15T00:54:57.466+0000] {dag.py:3823} INFO - Setting next_dagrun for fish_trade_pipeline to 2026-05-01 10:00:00+00:00, run_after=2026-06-01 10:00:00+00:00
[2026-04-15T00:54:57.531+0000] {processor.py:183} INFO - Processing /opt/airflow/dags/trade_fish_dag.py took 0.143 seconds
[2026-04-15T00:55:27.676+0000] {processor.py:161} INFO - Started process (PID=39770) to work on /opt/airflow/dags/trade_fish_dag.py
[2026-04-15T00:55:27.679+0000] {processor.py:830} INFO - Processing file /opt/airflow/dags/trade_fish_dag.py for tasks to queue
[2026-04-15T00:55:27.680+0000] {logging_mixin.py:188} INFO - [2026-04-15T00:55:27.679+0000] {dagbag.py:538} INFO - Filling up the DagBag from /opt/airflow/dags/trade_fish_dag.py
[2026-04-15T00:55:27.721+0000] {processor.py:840} INFO - DAG(s) 'fish_trade_pipeline' retrieved from /opt/airflow/dags/trade_fish_dag.py
[2026-04-15T00:55:27.815+0000] {logging_mixin.py:188} INFO - [2026-04-15T00:55:27.815+0000] {dag.py:3036} INFO - Sync 1 DAGs
[2026-04-15T00:55:27.831+0000] {logging_mixin.py:188} INFO - [2026-04-15T00:55:27.831+0000] {dag.py:3823} INFO - Setting next_dagrun for fish_trade_pipeline to 2026-05-01 10:00:00+00:00, run_after=2026-06-01 10:00:00+00:00
[2026-04-15T00:55:27.850+0000] {processor.py:183} INFO - Processing /opt/airflow/dags/trade_fish_dag.py took 0.176 seconds
[2026-04-15T00:55:58.054+0000] {processor.py:161} INFO - Started process (PID=39781) to work on /opt/airflow/dags/trade_fish_dag.py
[2026-04-15T00:55:58.056+0000] {processor.py:830} INFO - Processing file /opt/airflow/dags/trade_fish_dag.py for tasks to queue
[2026-04-15T00:55:58.057+0000] {logging_mixin.py:188} INFO - [2026-04-15T00:55:58.057+0000] {dagbag.py:538} INFO - Filling up the DagBag from /opt/airflow/dags/trade_fish_dag.py
[2026-04-15T00:55:58.092+0000] {processor.py:840} INFO - DAG(s) 'fish_trade_pipeline' retrieved from /opt/airflow/dags/trade_fish_dag.py
[2026-04-15T00:55:58.125+0000] {logging_mixin.py:188} INFO - [2026-04-15T00:55:58.125+0000] {dag.py:3036} INFO - Sync 1 DAGs
[2026-04-15T00:55:58.144+0000] {logging_mixin.py:188} INFO - [2026-04-15T00:55:58.144+0000] {dag.py:3823} INFO - Setting next_dagrun for fish_trade_pipeline to 2026-05-01 10:00:00+00:00, run_after=2026-06-01 10:00:00+00:00
[2026-04-15T00:55:58.160+0000] {processor.py:183} INFO - Processing /opt/airflow/dags/trade_fish_dag.py took 0.110 seconds
[2026-04-15T00:56:28.406+0000] {processor.py:161} INFO - Started process (PID=39792) to work on /opt/airflow/dags/trade_fish_dag.py
[2026-04-15T00:56:28.407+0000] {processor.py:830} INFO - Processing file /opt/airflow/dags/trade_fish_dag.py for tasks to queue
[2026-04-15T00:56:28.407+0000] {logging_mixin.py:188} INFO - [2026-04-15T00:56:28.407+0000] {dagbag.py:538} INFO - Filling up the DagBag from /opt/airflow/dags/trade_fish_dag.py
[2026-04-15T00:56:28.432+0000] {processor.py:840} INFO - DAG(s) 'fish_trade_pipeline' retrieved from /opt/airflow/dags/trade_fish_dag.py
[2026-04-15T00:56:28.467+0000] {logging_mixin.py:188} INFO - [2026-04-15T00:56:28.467+0000] {dag.py:3036} INFO - Sync 1 DAGs
[2026-04-15T00:56:28.483+0000] {logging_mixin.py:188} INFO - [2026-04-15T00:56:28.483+0000] {dag.py:3823} INFO - Setting next_dagrun for fish_trade_pipeline to 2026-05-01 10:00:00+00:00, run_after=2026-06-01 10:00:00+00:00
[2026-04-15T00:56:28.505+0000] {processor.py:183} INFO - Processing /opt/airflow/dags/trade_fish_dag.py took 0.102 seconds
[2026-04-15T00:56:59.003+0000] {processor.py:161} INFO - Started process (PID=39803) to work on /opt/airflow/dags/trade_fish_dag.py
[2026-04-15T00:56:59.005+0000] {processor.py:830} INFO - Processing file /opt/airflow/dags/trade_fish_dag.py for tasks to queue
[2026-04-15T00:56:59.008+0000] {logging_mixin.py:188} INFO - [2026-04-15T00:56:59.007+0000] {dagbag.py:538} INFO - Filling up the DagBag from /opt/airflow/dags/trade_fish_dag.py
[2026-04-15T00:56:59.054+0000] {processor.py:840} INFO - DAG(s) 'fish_trade_pipeline' retrieved from /opt/airflow/dags/trade_fish_dag.py
[2026-04-15T00:56:59.086+0000] {logging_mixin.py:188} INFO - [2026-04-15T00:56:59.086+0000] {dag.py:3036} INFO - Sync 1 DAGs
[2026-04-15T00:56:59.102+0000] {logging_mixin.py:188} INFO - [2026-04-15T00:56:59.102+0000] {dag.py:3823} INFO - Setting next_dagrun for fish_trade_pipeline to 2026-05-01 10:00:00+00:00, run_after=2026-06-01 10:00:00+00:00
[2026-04-15T00:56:59.133+0000] {processor.py:183} INFO - Processing /opt/airflow/dags/trade_fish_dag.py took 0.136 seconds
[2026-04-15T00:57:29.549+0000] {processor.py:161} INFO - Started process (PID=39814) to work on /opt/airflow/dags/trade_fish_dag.py
[2026-04-15T00:57:29.551+0000] {processor.py:830} INFO - Processing file /opt/airflow/dags/trade_fish_dag.py for tasks to queue
[2026-04-15T00:57:29.552+0000] {logging_mixin.py:188} INFO - [2026-04-15T00:57:29.552+0000] {dagbag.py:538} INFO - Filling up the DagBag from /opt/airflow/dags/trade_fish_dag.py
[2026-04-15T00:57:29.599+0000] {processor.py:840} INFO - DAG(s) 'fish_trade_pipeline' retrieved from /opt/airflow/dags/trade_fish_dag.py
[2026-04-15T00:57:29.628+0000] {logging_mixin.py:188} INFO - [2026-04-15T00:57:29.628+0000] {dag.py:3036} INFO - Sync 1 DAGs
[2026-04-15T00:57:29.644+0000] {logging_mixin.py:188} INFO - [2026-04-15T00:57:29.644+0000] {dag.py:3823} INFO - Setting next_dagrun for fish_trade_pipeline to 2026-05-01 10:00:00+00:00, run_after=2026-06-01 10:00:00+00:00
[2026-04-15T00:57:29.665+0000] {processor.py:183} INFO - Processing /opt/airflow/dags/trade_fish_dag.py took 0.119 seconds
[2026-04-15T00:57:59.948+0000] {processor.py:161} INFO - Started process (PID=39825) to work on /opt/airflow/dags/trade_fish_dag.py
[2026-04-15T00:57:59.949+0000] {processor.py:830} INFO - Processing file /opt/airflow/dags/trade_fish_dag.py for tasks to queue
[2026-04-15T00:57:59.951+0000] {logging_mixin.py:188} INFO - [2026-04-15T00:57:59.950+0000] {dagbag.py:538} INFO - Filling up the DagBag from /opt/airflow/dags/trade_fish_dag.py
[2026-04-15T00:57:59.984+0000] {processor.py:840} INFO - DAG(s) 'fish_trade_pipeline' retrieved from /opt/airflow/dags/trade_fish_dag.py
[2026-04-15T00:58:00.026+0000] {logging_mixin.py:188} INFO - [2026-04-15T00:58:00.025+0000] {dag.py:3036} INFO - Sync 1 DAGs
[2026-04-15T00:58:00.042+0000] {logging_mixin.py:188} INFO - [2026-04-15T00:58:00.042+0000] {dag.py:3823} INFO - Setting next_dagrun for fish_trade_pipeline to 2026-05-01 10:00:00+00:00, run_after=2026-06-01 10:00:00+00:00
[2026-04-15T00:58:00.065+0000] {processor.py:183} INFO - Processing /opt/airflow/dags/trade_fish_dag.py took 0.121 seconds
[2026-04-15T00:58:30.377+0000] {processor.py:161} INFO - Started process (PID=39836) to work on /opt/airflow/dags/trade_fish_dag.py
[2026-04-15T00:58:30.378+0000] {processor.py:830} INFO - Processing file /opt/airflow/dags/trade_fish_dag.py for tasks to queue
[2026-04-15T00:58:30.379+0000] {logging_mixin.py:188} INFO - [2026-04-15T00:58:30.378+0000] {dagbag.py:538} INFO - Filling up the DagBag from /opt/airflow/dags/trade_fish_dag.py
[2026-04-15T00:58:30.453+0000] {processor.py:840} INFO - DAG(s) 'fish_trade_pipeline' retrieved from /opt/airflow/dags/trade_fish_dag.py
[2026-04-15T00:58:30.489+0000] {logging_mixin.py:188} INFO - [2026-04-15T00:58:30.489+0000] {dag.py:3036} INFO - Sync 1 DAGs
[2026-04-15T00:58:30.504+0000] {logging_mixin.py:188} INFO - [2026-04-15T00:58:30.504+0000] {dag.py:3823} INFO - Setting next_dagrun for fish_trade_pipeline to 2026-05-01 10:00:00+00:00, run_after=2026-06-01 10:00:00+00:00
[2026-04-15T00:58:30.524+0000] {processor.py:183} INFO - Processing /opt/airflow/dags/trade_fish_dag.py took 0.150 seconds
[2026-04-15T00:59:00.729+0000] {processor.py:161} INFO - Started process (PID=39847) to work on /opt/airflow/dags/trade_fish_dag.py
[2026-04-15T00:59:00.731+0000] {processor.py:830} INFO - Processing file /opt/airflow/dags/trade_fish_dag.py for tasks to queue
[2026-04-15T00:59:00.733+0000] {logging_mixin.py:188} INFO - [2026-04-15T00:59:00.732+0000] {dagbag.py:538} INFO - Filling up the DagBag from /opt/airflow/dags/trade_fish_dag.py
[2026-04-15T00:59:00.773+0000] {processor.py:840} INFO - DAG(s) 'fish_trade_pipeline' retrieved from /opt/airflow/dags/trade_fish_dag.py
[2026-04-15T00:59:00.808+0000] {logging_mixin.py:188} INFO - [2026-04-15T00:59:00.808+0000] {dag.py:3036} INFO - Sync 1 DAGs
[2026-04-15T00:59:00.825+0000] {logging_mixin.py:188} INFO - [2026-04-15T00:59:00.825+0000] {dag.py:3823} INFO - Setting next_dagrun for fish_trade_pipeline to 2026-05-01 10:00:00+00:00, run_after=2026-06-01 10:00:00+00:00
[2026-04-15T00:59:00.845+0000] {processor.py:183} INFO - Processing /opt/airflow/dags/trade_fish_dag.py took 0.122 seconds
[2026-04-15T00:59:31.231+0000] {processor.py:161} INFO - Started process (PID=39858) to work on /opt/airflow/dags/trade_fish_dag.py
[2026-04-15T00:59:31.236+0000] {processor.py:830} INFO - Processing file /opt/airflow/dags/trade_fish_dag.py for tasks to queue
[2026-04-15T00:59:31.238+0000] {logging_mixin.py:188} INFO - [2026-04-15T00:59:31.237+0000] {dagbag.py:538} INFO - Filling up the DagBag from /opt/airflow/dags/trade_fish_dag.py
[2026-04-15T00:59:31.534+0000] {processor.py:840} INFO - DAG(s) 'fish_trade_pipeline' retrieved from /opt/airflow/dags/trade_fish_dag.py
[2026-04-15T00:59:31.570+0000] {logging_mixin.py:188} INFO - [2026-04-15T00:59:31.570+0000] {dag.py:3036} INFO - Sync 1 DAGs
[2026-04-15T00:59:31.589+0000] {logging_mixin.py:188} INFO - [2026-04-15T00:59:31.589+0000] {dag.py:3823} INFO - Setting next_dagrun for fish_trade_pipeline to 2026-05-01 10:00:00+00:00, run_after=2026-06-01 10:00:00+00:00
[2026-04-15T00:59:31.676+0000] {processor.py:183} INFO - Processing /opt/airflow/dags/trade_fish_dag.py took 0.450 seconds
[2026-04-15T01:00:02.200+0000] {processor.py:161} INFO - Started process (PID=39869) to work on /opt/airflow/dags/trade_fish_dag.py
[2026-04-15T01:00:02.202+0000] {processor.py:830} INFO - Processing file /opt/airflow/dags/trade_fish_dag.py for tasks to queue
[2026-04-15T01:00:02.203+0000] {logging_mixin.py:188} INFO - [2026-04-15T01:00:02.203+0000] {dagbag.py:538} INFO - Filling up the DagBag from /opt/airflow/dags/trade_fish_dag.py
[2026-04-15T01:00:02.245+0000] {processor.py:840} INFO - DAG(s) 'fish_trade_pipeline' retrieved from /opt/airflow/dags/trade_fish_dag.py
[2026-04-15T01:00:02.277+0000] {logging_mixin.py:188} INFO - [2026-04-15T01:00:02.277+0000] {dag.py:3036} INFO - Sync 1 DAGs
[2026-04-15T01:00:02.293+0000] {logging_mixin.py:188} INFO - [2026-04-15T01:00:02.293+0000] {dag.py:3823} INFO - Setting next_dagrun for fish_trade_pipeline to 2026-05-01 10:00:00+00:00, run_after=2026-06-01 10:00:00+00:00
[2026-04-15T01:00:02.352+0000] {processor.py:183} INFO - Processing /opt/airflow/dags/trade_fish_dag.py took 0.157 seconds
[2026-04-15T01:00:32.551+0000] {processor.py:161} INFO - Started process (PID=39880) to work on /opt/airflow/dags/trade_fish_dag.py
[2026-04-15T01:00:32.552+0000] {processor.py:830} INFO - Processing file /opt/airflow/dags/trade_fish_dag.py for tasks to queue
[2026-04-15T01:00:32.554+0000] {logging_mixin.py:188} INFO - [2026-04-15T01:00:32.553+0000] {dagbag.py:538} INFO - Filling up the DagBag from /opt/airflow/dags/trade_fish_dag.py
[2026-04-15T01:00:32.634+0000] {processor.py:840} INFO - DAG(s) 'fish_trade_pipeline' retrieved from /opt/airflow/dags/trade_fish_dag.py
[2026-04-15T01:00:32.669+0000] {logging_mixin.py:188} INFO - [2026-04-15T01:00:32.669+0000] {dag.py:3036} INFO - Sync 1 DAGs
[2026-04-15T01:00:32.685+0000] {logging_mixin.py:188} INFO - [2026-04-15T01:00:32.685+0000] {dag.py:3823} INFO - Setting next_dagrun for fish_trade_pipeline to 2026-05-01 10:00:00+00:00, run_after=2026-06-01 10:00:00+00:00
[2026-04-15T01:00:32.723+0000] {processor.py:183} INFO - Processing /opt/airflow/dags/trade_fish_dag.py took 0.176 seconds
[2026-04-15T01:01:02.884+0000] {processor.py:161} INFO - Started process (PID=39891) to work on /opt/airflow/dags/trade_fish_dag.py
[2026-04-15T01:01:02.886+0000] {processor.py:830} INFO - Processing file /opt/airflow/dags/trade_fish_dag.py for tasks to queue
[2026-04-15T01:01:02.887+0000] {logging_mixin.py:188} INFO - [2026-04-15T01:01:02.887+0000] {dagbag.py:538} INFO - Filling up the DagBag from /opt/airflow/dags/trade_fish_dag.py
[2026-04-15T01:01:02.942+0000] {processor.py:840} INFO - DAG(s) 'fish_trade_pipeline' retrieved from /opt/airflow/dags/trade_fish_dag.py
[2026-04-15T01:01:02.977+0000] {logging_mixin.py:188} INFO - [2026-04-15T01:01:02.976+0000] {dag.py:3036} INFO - Sync 1 DAGs
[2026-04-15T01:01:02.993+0000] {logging_mixin.py:188} INFO - [2026-04-15T01:01:02.993+0000] {dag.py:3823} INFO - Setting next_dagrun for fish_trade_pipeline to 2026-05-01 10:00:00+00:00, run_after=2026-06-01 10:00:00+00:00
[2026-04-15T01:01:03.010+0000] {processor.py:183} INFO - Processing /opt/airflow/dags/trade_fish_dag.py took 0.131 seconds
[2026-04-15T01:01:33.348+0000] {processor.py:161} INFO - Started process (PID=39908) to work on /opt/airflow/dags/trade_fish_dag.py
[2026-04-15T01:01:33.351+0000] {processor.py:830} INFO - Processing file /opt/airflow/dags/trade_fish_dag.py for tasks to queue
[2026-04-15T01:01:33.353+0000] {logging_mixin.py:188} INFO - [2026-04-15T01:01:33.352+0000] {dagbag.py:538} INFO - Filling up the DagBag from /opt/airflow/dags/trade_fish_dag.py
[2026-04-15T01:01:33.407+0000] {processor.py:840} INFO - DAG(s) 'fish_trade_pipeline' retrieved from /opt/airflow/dags/trade_fish_dag.py
[2026-04-15T01:01:33.452+0000] {logging_mixin.py:188} INFO - [2026-04-15T01:01:33.452+0000] {dag.py:3036} INFO - Sync 1 DAGs
[2026-04-15T01:01:33.470+0000] {logging_mixin.py:188} INFO - [2026-04-15T01:01:33.470+0000] {dag.py:3823} INFO - Setting next_dagrun for fish_trade_pipeline to 2026-05-01 10:00:00+00:00, run_after=2026-06-01 10:00:00+00:00
[2026-04-15T01:01:33.488+0000] {processor.py:183} INFO - Processing /opt/airflow/dags/trade_fish_dag.py took 0.146 seconds
[2026-04-15T01:02:03.587+0000] {processor.py:161} INFO - Started process (PID=39919) to work on /opt/airflow/dags/trade_fish_dag.py
[2026-04-15T01:02:03.588+0000] {processor.py:830} INFO - Processing file /opt/airflow/dags/trade_fish_dag.py for tasks to queue
[2026-04-15T01:02:03.589+0000] {logging_mixin.py:188} INFO - [2026-04-15T01:02:03.589+0000] {dagbag.py:538} INFO - Filling up the DagBag from /opt/airflow/dags/trade_fish_dag.py
[2026-04-15T01:02:03.616+0000] {processor.py:840} INFO - DAG(s) 'fish_trade_pipeline' retrieved from /opt/airflow/dags/trade_fish_dag.py
[2026-04-15T01:02:03.644+0000] {logging_mixin.py:188} INFO - [2026-04-15T01:02:03.644+0000] {dag.py:3036} INFO - Sync 1 DAGs
[2026-04-15T01:02:03.659+0000] {logging_mixin.py:188} INFO - [2026-04-15T01:02:03.659+0000] {dag.py:3823} INFO - Setting next_dagrun for fish_trade_pipeline to 2026-05-01 10:00:00+00:00, run_after=2026-06-01 10:00:00+00:00
[2026-04-15T01:02:03.676+0000] {processor.py:183} INFO - Processing /opt/airflow/dags/trade_fish_dag.py took 0.092 seconds
[2026-04-15T01:02:33.927+0000] {processor.py:161} INFO - Started process (PID=39930) to work on /opt/airflow/dags/trade_fish_dag.py
[2026-04-15T01:02:33.929+0000] {processor.py:830} INFO - Processing file /opt/airflow/dags/trade_fish_dag.py for tasks to queue
[2026-04-15T01:02:33.930+0000] {logging_mixin.py:188} INFO - [2026-04-15T01:02:33.930+0000] {dagbag.py:538} INFO - Filling up the DagBag from /opt/airflow/dags/trade_fish_dag.py
[2026-04-15T01:02:34.010+0000] {processor.py:840} INFO - DAG(s) 'fish_trade_pipeline' retrieved from /opt/airflow/dags/trade_fish_dag.py
[2026-04-15T01:02:34.046+0000] {logging_mixin.py:188} INFO - [2026-04-15T01:02:34.046+0000] {dag.py:3036} INFO - Sync 1 DAGs
[2026-04-15T01:02:34.068+0000] {logging_mixin.py:188} INFO - [2026-04-15T01:02:34.068+0000] {dag.py:3823} INFO - Setting next_dagrun for fish_trade_pipeline to 2026-05-01 10:00:00+00:00, run_after=2026-06-01 10:00:00+00:00
[2026-04-15T01:02:34.153+0000] {processor.py:183} INFO - Processing /opt/airflow/dags/trade_fish_dag.py took 0.228 seconds
[2026-04-15T01:03:04.422+0000] {processor.py:161} INFO - Started process (PID=39941) to work on /opt/airflow/dags/trade_fish_dag.py
[2026-04-15T01:03:04.423+0000] {processor.py:830} INFO - Processing file /opt/airflow/dags/trade_fish_dag.py for tasks to queue
[2026-04-15T01:03:04.425+0000] {logging_mixin.py:188} INFO - [2026-04-15T01:03:04.424+0000] {dagbag.py:538} INFO - Filling up the DagBag from /opt/airflow/dags/trade_fish_dag.py
[2026-04-15T01:03:04.514+0000] {processor.py:840} INFO - DAG(s) 'fish_trade_pipeline' retrieved from /opt/airflow/dags/trade_fish_dag.py
[2026-04-15T01:03:04.558+0000] {logging_mixin.py:188} INFO - [2026-04-15T01:03:04.558+0000] {dag.py:3036} INFO - Sync 1 DAGs
[2026-04-15T01:03:04.575+0000] {logging_mixin.py:188} INFO - [2026-04-15T01:03:04.575+0000] {dag.py:3823} INFO - Setting next_dagrun for fish_trade_pipeline to 2026-05-01 10:00:00+00:00, run_after=2026-06-01 10:00:00+00:00
[2026-04-15T01:03:04.595+0000] {processor.py:183} INFO - Processing /opt/airflow/dags/trade_fish_dag.py took 0.176 seconds
[2026-04-15T01:03:34.781+0000] {processor.py:161} INFO - Started process (PID=39952) to work on /opt/airflow/dags/trade_fish_dag.py
[2026-04-15T01:03:34.783+0000] {processor.py:830} INFO - Processing file /opt/airflow/dags/trade_fish_dag.py for tasks to queue
[2026-04-15T01:03:34.784+0000] {logging_mixin.py:188} INFO - [2026-04-15T01:03:34.784+0000] {dagbag.py:538} INFO - Filling up the DagBag from /opt/airflow/dags/trade_fish_dag.py
[2026-04-15T01:03:34.814+0000] {processor.py:840} INFO - DAG(s) 'fish_trade_pipeline' retrieved from /opt/airflow/dags/trade_fish_dag.py
[2026-04-15T01:03:34.843+0000] {logging_mixin.py:188} INFO - [2026-04-15T01:03:34.843+0000] {dag.py:3036} INFO - Sync 1 DAGs
[2026-04-15T01:03:34.858+0000] {logging_mixin.py:188} INFO - [2026-04-15T01:03:34.858+0000] {dag.py:3823} INFO - Setting next_dagrun for fish_trade_pipeline to 2026-05-01 10:00:00+00:00, run_after=2026-06-01 10:00:00+00:00
[2026-04-15T01:03:34.933+0000] {processor.py:183} INFO - Processing /opt/airflow/dags/trade_fish_dag.py took 0.157 seconds
[2026-04-15T01:04:05.354+0000] {processor.py:161} INFO - Started process (PID=39963) to work on /opt/airflow/dags/trade_fish_dag.py
[2026-04-15T01:04:05.355+0000] {processor.py:830} INFO - Processing file /opt/airflow/dags/trade_fish_dag.py for tasks to queue
[2026-04-15T01:04:05.356+0000] {logging_mixin.py:188} INFO - [2026-04-15T01:04:05.356+0000] {dagbag.py:538} INFO - Filling up the DagBag from /opt/airflow/dags/trade_fish_dag.py
[2026-04-15T01:04:05.377+0000] {processor.py:840} INFO - DAG(s) 'fish_trade_pipeline' retrieved from /opt/airflow/dags/trade_fish_dag.py
[2026-04-15T01:04:05.413+0000] {logging_mixin.py:188} INFO - [2026-04-15T01:04:05.412+0000] {dag.py:3036} INFO - Sync 1 DAGs
[2026-04-15T01:04:05.430+0000] {logging_mixin.py:188} INFO - [2026-04-15T01:04:05.429+0000] {dag.py:3823} INFO - Setting next_dagrun for fish_trade_pipeline to 2026-05-01 10:00:00+00:00, run_after=2026-06-01 10:00:00+00:00
[2026-04-15T01:04:05.447+0000] {processor.py:183} INFO - Processing /opt/airflow/dags/trade_fish_dag.py took 0.095 seconds
[2026-04-15T01:04:35.698+0000] {processor.py:161} INFO - Started process (PID=39974) to work on /opt/airflow/dags/trade_fish_dag.py
[2026-04-15T01:04:35.699+0000] {processor.py:830} INFO - Processing file /opt/airflow/dags/trade_fish_dag.py for tasks to queue
[2026-04-15T01:04:35.700+0000] {logging_mixin.py:188} INFO - [2026-04-15T01:04:35.700+0000] {dagbag.py:538} INFO - Filling up the DagBag from /opt/airflow/dags/trade_fish_dag.py
[2026-04-15T01:04:35.717+0000] {processor.py:840} INFO - DAG(s) 'fish_trade_pipeline' retrieved from /opt/airflow/dags/trade_fish_dag.py
[2026-04-15T01:04:35.743+0000] {logging_mixin.py:188} INFO - [2026-04-15T01:04:35.743+0000] {dag.py:3036} INFO - Sync 1 DAGs
[2026-04-15T01:04:35.758+0000] {logging_mixin.py:188} INFO - [2026-04-15T01:04:35.758+0000] {dag.py:3823} INFO - Setting next_dagrun for fish_trade_pipeline to 2026-05-01 10:00:00+00:00, run_after=2026-06-01 10:00:00+00:00
[2026-04-15T01:04:35.776+0000] {processor.py:183} INFO - Processing /opt/airflow/dags/trade_fish_dag.py took 0.080 seconds
[2026-04-15T01:05:06.117+0000] {processor.py:161} INFO - Started process (PID=39985) to work on /opt/airflow/dags/trade_fish_dag.py
[2026-04-15T01:05:06.119+0000] {processor.py:830} INFO - Processing file /opt/airflow/dags/trade_fish_dag.py for tasks to queue
[2026-04-15T01:05:06.121+0000] {logging_mixin.py:188} INFO - [2026-04-15T01:05:06.120+0000] {dagbag.py:538} INFO - Filling up the DagBag from /opt/airflow/dags/trade_fish_dag.py
[2026-04-15T01:05:06.166+0000] {processor.py:840} INFO - DAG(s) 'fish_trade_pipeline' retrieved from /opt/airflow/dags/trade_fish_dag.py
[2026-04-15T01:05:06.224+0000] {logging_mixin.py:188} INFO - [2026-04-15T01:05:06.224+0000] {dag.py:3036} INFO - Sync 1 DAGs
[2026-04-15T01:05:06.240+0000] {logging_mixin.py:188} INFO - [2026-04-15T01:05:06.239+0000] {dag.py:3823} INFO - Setting next_dagrun for fish_trade_pipeline to 2026-05-01 10:00:00+00:00, run_after=2026-06-01 10:00:00+00:00
[2026-04-15T01:05:06.263+0000] {processor.py:183} INFO - Processing /opt/airflow/dags/trade_fish_dag.py took 0.151 seconds
[2026-04-15T01:05:36.375+0000] {processor.py:161} INFO - Started process (PID=39996) to work on /opt/airflow/dags/trade_fish_dag.py
[2026-04-15T01:05:36.377+0000] {processor.py:830} INFO - Processing file /opt/airflow/dags/trade_fish_dag.py for tasks to queue
[2026-04-15T01:05:36.378+0000] {logging_mixin.py:188} INFO - [2026-04-15T01:05:36.377+0000] {dagbag.py:538} INFO - Filling up the DagBag from /opt/airflow/dags/trade_fish_dag.py
[2026-04-15T01:05:36.397+0000] {processor.py:840} INFO - DAG(s) 'fish_trade_pipeline' retrieved from /opt/airflow/dags/trade_fish_dag.py
[2026-04-15T01:05:36.425+0000] {logging_mixin.py:188} INFO - [2026-04-15T01:05:36.425+0000] {dag.py:3036} INFO - Sync 1 DAGs
[2026-04-15T01:05:36.442+0000] {logging_mixin.py:188} INFO - [2026-04-15T01:05:36.442+0000] {dag.py:3823} INFO - Setting next_dagrun for fish_trade_pipeline to 2026-05-01 10:00:00+00:00, run_after=2026-06-01 10:00:00+00:00
[2026-04-15T01:05:36.457+0000] {processor.py:183} INFO - Processing /opt/airflow/dags/trade_fish_dag.py took 0.084 seconds
[2026-04-15T01:06:06.720+0000] {processor.py:161} INFO - Started process (PID=40007) to work on /opt/airflow/dags/trade_fish_dag.py
[2026-04-15T01:06:06.722+0000] {processor.py:830} INFO - Processing file /opt/airflow/dags/trade_fish_dag.py for tasks to queue
[2026-04-15T01:06:06.723+0000] {logging_mixin.py:188} INFO - [2026-04-15T01:06:06.722+0000] {dagbag.py:538} INFO - Filling up the DagBag from /opt/airflow/dags/trade_fish_dag.py
[2026-04-15T01:06:06.771+0000] {processor.py:840} INFO - DAG(s) 'fish_trade_pipeline' retrieved from /opt/airflow/dags/trade_fish_dag.py
[2026-04-15T01:06:06.819+0000] {logging_mixin.py:188} INFO - [2026-04-15T01:06:06.818+0000] {dag.py:3036} INFO - Sync 1 DAGs
[2026-04-15T01:06:06.839+0000] {logging_mixin.py:188} INFO - [2026-04-15T01:06:06.839+0000] {dag.py:3823} INFO - Setting next_dagrun for fish_trade_pipeline to 2026-05-01 10:00:00+00:00, run_after=2026-06-01 10:00:00+00:00
[2026-04-15T01:06:06.864+0000] {processor.py:183} INFO - Processing /opt/airflow/dags/trade_fish_dag.py took 0.146 seconds
[2026-04-15T01:06:37.076+0000] {processor.py:161} INFO - Started process (PID=40019) to work on /opt/airflow/dags/trade_fish_dag.py
[2026-04-15T01:06:37.078+0000] {processor.py:830} INFO - Processing file /opt/airflow/dags/trade_fish_dag.py for tasks to queue
[2026-04-15T01:06:37.080+0000] {logging_mixin.py:188} INFO - [2026-04-15T01:06:37.080+0000] {dagbag.py:538} INFO - Filling up the DagBag from /opt/airflow/dags/trade_fish_dag.py
[2026-04-15T01:06:37.127+0000] {processor.py:840} INFO - DAG(s) 'fish_trade_pipeline' retrieved from /opt/airflow/dags/trade_fish_dag.py
[2026-04-15T01:06:37.166+0000] {logging_mixin.py:188} INFO - [2026-04-15T01:06:37.166+0000] {dag.py:3036} INFO - Sync 1 DAGs
[2026-04-15T01:06:37.187+0000] {logging_mixin.py:188} INFO - [2026-04-15T01:06:37.187+0000] {dag.py:3823} INFO - Setting next_dagrun for fish_trade_pipeline to 2026-05-01 10:00:00+00:00, run_after=2026-06-01 10:00:00+00:00
[2026-04-15T01:06:37.230+0000] {processor.py:183} INFO - Processing /opt/airflow/dags/trade_fish_dag.py took 0.157 seconds
[2026-04-15T01:07:07.331+0000] {processor.py:161} INFO - Started process (PID=40030) to work on /opt/airflow/dags/trade_fish_dag.py
[2026-04-15T01:07:07.332+0000] {processor.py:830} INFO - Processing file /opt/airflow/dags/trade_fish_dag.py for tasks to queue
[2026-04-15T01:07:07.332+0000] {logging_mixin.py:188} INFO - [2026-04-15T01:07:07.332+0000] {dagbag.py:538} INFO - Filling up the DagBag from /opt/airflow/dags/trade_fish_dag.py
[2026-04-15T01:07:07.412+0000] {processor.py:840} INFO - DAG(s) 'fish_trade_pipeline' retrieved from /opt/airflow/dags/trade_fish_dag.py
[2026-04-15T01:07:07.455+0000] {logging_mixin.py:188} INFO - [2026-04-15T01:07:07.455+0000] {dag.py:3036} INFO - Sync 1 DAGs
[2026-04-15T01:07:07.471+0000] {logging_mixin.py:188} INFO - [2026-04-15T01:07:07.471+0000] {dag.py:3823} INFO - Setting next_dagrun for fish_trade_pipeline to 2026-05-01 10:00:00+00:00, run_after=2026-06-01 10:00:00+00:00
[2026-04-15T01:07:07.489+0000] {processor.py:183} INFO - Processing /opt/airflow/dags/trade_fish_dag.py took 0.161 seconds
[2026-04-15T01:07:37.658+0000] {processor.py:161} INFO - Started process (PID=40041) to work on /opt/airflow/dags/trade_fish_dag.py
[2026-04-15T01:07:37.659+0000] {processor.py:830} INFO - Processing file /opt/airflow/dags/trade_fish_dag.py for tasks to queue
[2026-04-15T01:07:37.660+0000] {logging_mixin.py:188} INFO - [2026-04-15T01:07:37.660+0000] {dagbag.py:538} INFO - Filling up the DagBag from /opt/airflow/dags/trade_fish_dag.py
[2026-04-15T01:07:37.678+0000] {processor.py:840} INFO - DAG(s) 'fish_trade_pipeline' retrieved from /opt/airflow/dags/trade_fish_dag.py
[2026-04-15T01:07:37.718+0000] {logging_mixin.py:188} INFO - [2026-04-15T01:07:37.718+0000] {dag.py:3036} INFO - Sync 1 DAGs
[2026-04-15T01:07:37.738+0000] {logging_mixin.py:188} INFO - [2026-04-15T01:07:37.738+0000] {dag.py:3823} INFO - Setting next_dagrun for fish_trade_pipeline to 2026-05-01 10:00:00+00:00, run_after=2026-06-01 10:00:00+00:00
[2026-04-15T01:07:37.808+0000] {processor.py:183} INFO - Processing /opt/airflow/dags/trade_fish_dag.py took 0.153 seconds
[2026-04-15T01:08:08.077+0000] {processor.py:161} INFO - Started process (PID=40052) to work on /opt/airflow/dags/trade_fish_dag.py
[2026-04-15T01:08:08.078+0000] {processor.py:830} INFO - Processing file /opt/airflow/dags/trade_fish_dag.py for tasks to queue
[2026-04-15T01:08:08.080+0000] {logging_mixin.py:188} INFO - [2026-04-15T01:08:08.079+0000] {dagbag.py:538} INFO - Filling up the DagBag from /opt/airflow/dags/trade_fish_dag.py
[2026-04-15T01:08:08.102+0000] {processor.py:840} INFO - DAG(s) 'fish_trade_pipeline' retrieved from /opt/airflow/dags/trade_fish_dag.py
[2026-04-15T01:08:08.150+0000] {logging_mixin.py:188} INFO - [2026-04-15T01:08:08.149+0000] {dag.py:3036} INFO - Sync 1 DAGs
[2026-04-15T01:08:08.166+0000] {logging_mixin.py:188} INFO - [2026-04-15T01:08:08.166+0000] {dag.py:3823} INFO - Setting next_dagrun for fish_trade_pipeline to 2026-05-01 10:00:00+00:00, run_after=2026-06-01 10:00:00+00:00
[2026-04-15T01:08:08.184+0000] {processor.py:183} INFO - Processing /opt/airflow/dags/trade_fish_dag.py took 0.110 seconds
[2026-04-15T01:08:38.332+0000] {processor.py:161} INFO - Started process (PID=40063) to work on /opt/airflow/dags/trade_fish_dag.py
[2026-04-15T01:08:38.333+0000] {processor.py:830} INFO - Processing file /opt/airflow/dags/trade_fish_dag.py for tasks to queue
[2026-04-15T01:08:38.334+0000] {logging_mixin.py:188} INFO - [2026-04-15T01:08:38.334+0000] {dagbag.py:538} INFO - Filling up the DagBag from /opt/airflow/dags/trade_fish_dag.py
[2026-04-15T01:08:38.349+0000] {processor.py:840} INFO - DAG(s) 'fish_trade_pipeline' retrieved from /opt/airflow/dags/trade_fish_dag.py
[2026-04-15T01:08:38.375+0000] {logging_mixin.py:188} INFO - [2026-04-15T01:08:38.375+0000] {dag.py:3036} INFO - Sync 1 DAGs
[2026-04-15T01:08:38.390+0000] {logging_mixin.py:188} INFO - [2026-04-15T01:08:38.390+0000] {dag.py:3823} INFO - Setting next_dagrun for fish_trade_pipeline to 2026-05-01 10:00:00+00:00, run_after=2026-06-01 10:00:00+00:00
[2026-04-15T01:08:38.410+0000] {processor.py:183} INFO - Processing /opt/airflow/dags/trade_fish_dag.py took 0.080 seconds
[2026-04-15T01:09:08.609+0000] {processor.py:161} INFO - Started process (PID=40074) to work on /opt/airflow/dags/trade_fish_dag.py
[2026-04-15T01:09:08.610+0000] {processor.py:830} INFO - Processing file /opt/airflow/dags/trade_fish_dag.py for tasks to queue
[2026-04-15T01:09:08.611+0000] {logging_mixin.py:188} INFO - [2026-04-15T01:09:08.611+0000] {dagbag.py:538} INFO - Filling up the DagBag from /opt/airflow/dags/trade_fish_dag.py
[2026-04-15T01:09:08.682+0000] {processor.py:840} INFO - DAG(s) 'fish_trade_pipeline' retrieved from /opt/airflow/dags/trade_fish_dag.py
[2026-04-15T01:09:08.725+0000] {logging_mixin.py:188} INFO - [2026-04-15T01:09:08.725+0000] {dag.py:3036} INFO - Sync 1 DAGs
[2026-04-15T01:09:08.741+0000] {logging_mixin.py:188} INFO - [2026-04-15T01:09:08.741+0000] {dag.py:3823} INFO - Setting next_dagrun for fish_trade_pipeline to 2026-05-01 10:00:00+00:00, run_after=2026-06-01 10:00:00+00:00
[2026-04-15T01:09:08.757+0000] {processor.py:183} INFO - Processing /opt/airflow/dags/trade_fish_dag.py took 0.151 seconds
[2026-04-15T01:09:39.077+0000] {processor.py:161} INFO - Started process (PID=40085) to work on /opt/airflow/dags/trade_fish_dag.py
[2026-04-15T01:09:39.078+0000] {processor.py:830} INFO - Processing file /opt/airflow/dags/trade_fish_dag.py for tasks to queue
[2026-04-15T01:09:39.079+0000] {logging_mixin.py:188} INFO - [2026-04-15T01:09:39.079+0000] {dagbag.py:538} INFO - Filling up the DagBag from /opt/airflow/dags/trade_fish_dag.py
[2026-04-15T01:09:39.103+0000] {processor.py:840} INFO - DAG(s) 'fish_trade_pipeline' retrieved from /opt/airflow/dags/trade_fish_dag.py
[2026-04-15T01:09:39.129+0000] {logging_mixin.py:188} INFO - [2026-04-15T01:09:39.129+0000] {dag.py:3036} INFO - Sync 1 DAGs
[2026-04-15T01:09:39.144+0000] {logging_mixin.py:188} INFO - [2026-04-15T01:09:39.144+0000] {dag.py:3823} INFO - Setting next_dagrun for fish_trade_pipeline to 2026-05-01 10:00:00+00:00, run_after=2026-06-01 10:00:00+00:00
[2026-04-15T01:09:39.159+0000] {processor.py:183} INFO - Processing /opt/airflow/dags/trade_fish_dag.py took 0.085 seconds
[2026-04-15T01:10:09.371+0000] {processor.py:161} INFO - Started process (PID=40096) to work on /opt/airflow/dags/trade_fish_dag.py
[2026-04-15T01:10:09.372+0000] {processor.py:830} INFO - Processing file /opt/airflow/dags/trade_fish_dag.py for tasks to queue
[2026-04-15T01:10:09.373+0000] {logging_mixin.py:188} INFO - [2026-04-15T01:10:09.373+0000] {dagbag.py:538} INFO - Filling up the DagBag from /opt/airflow/dags/trade_fish_dag.py
[2026-04-15T01:10:09.391+0000] {processor.py:840} INFO - DAG(s) 'fish_trade_pipeline' retrieved from /opt/airflow/dags/trade_fish_dag.py
[2026-04-15T01:10:09.420+0000] {logging_mixin.py:188} INFO - [2026-04-15T01:10:09.420+0000] {dag.py:3036} INFO - Sync 1 DAGs
[2026-04-15T01:10:09.434+0000] {logging_mixin.py:188} INFO - [2026-04-15T01:10:09.434+0000] {dag.py:3823} INFO - Setting next_dagrun for fish_trade_pipeline to 2026-05-01 10:00:00+00:00, run_after=2026-06-01 10:00:00+00:00
[2026-04-15T01:10:09.453+0000] {processor.py:183} INFO - Processing /opt/airflow/dags/trade_fish_dag.py took 0.086 seconds
[2026-04-15T01:10:39.797+0000] {processor.py:161} INFO - Started process (PID=40107) to work on /opt/airflow/dags/trade_fish_dag.py
[2026-04-15T01:10:39.798+0000] {processor.py:830} INFO - Processing file /opt/airflow/dags/trade_fish_dag.py for tasks to queue
[2026-04-15T01:10:39.800+0000] {logging_mixin.py:188} INFO - [2026-04-15T01:10:39.799+0000] {dagbag.py:538} INFO - Filling up the DagBag from /opt/airflow/dags/trade_fish_dag.py
[2026-04-15T01:10:39.821+0000] {processor.py:840} INFO - DAG(s) 'fish_trade_pipeline' retrieved from /opt/airflow/dags/trade_fish_dag.py
[2026-04-15T01:10:39.950+0000] {logging_mixin.py:188} INFO - [2026-04-15T01:10:39.950+0000] {dag.py:3036} INFO - Sync 1 DAGs
[2026-04-15T01:10:39.976+0000] {logging_mixin.py:188} INFO - [2026-04-15T01:10:39.976+0000] {dag.py:3823} INFO - Setting next_dagrun for fish_trade_pipeline to 2026-05-01 10:00:00+00:00, run_after=2026-06-01 10:00:00+00:00
[2026-04-15T01:10:40.001+0000] {processor.py:183} INFO - Processing /opt/airflow/dags/trade_fish_dag.py took 0.208 seconds
[2026-04-15T01:11:10.199+0000] {processor.py:161} INFO - Started process (PID=40118) to work on /opt/airflow/dags/trade_fish_dag.py
[2026-04-15T01:11:10.200+0000] {processor.py:830} INFO - Processing file /opt/airflow/dags/trade_fish_dag.py for tasks to queue
[2026-04-15T01:11:10.202+0000] {logging_mixin.py:188} INFO - [2026-04-15T01:11:10.202+0000] {dagbag.py:538} INFO - Filling up the DagBag from /opt/airflow/dags/trade_fish_dag.py
[2026-04-15T01:11:10.226+0000] {processor.py:840} INFO - DAG(s) 'fish_trade_pipeline' retrieved from /opt/airflow/dags/trade_fish_dag.py
[2026-04-15T01:11:10.296+0000] {logging_mixin.py:188} INFO - [2026-04-15T01:11:10.296+0000] {dag.py:3036} INFO - Sync 1 DAGs
[2026-04-15T01:11:10.314+0000] {logging_mixin.py:188} INFO - [2026-04-15T01:11:10.314+0000] {dag.py:3823} INFO - Setting next_dagrun for fish_trade_pipeline to 2026-05-01 10:00:00+00:00, run_after=2026-06-01 10:00:00+00:00
[2026-04-15T01:11:10.334+0000] {processor.py:183} INFO - Processing /opt/airflow/dags/trade_fish_dag.py took 0.141 seconds
[2026-04-15T01:11:40.608+0000] {processor.py:161} INFO - Started process (PID=40129) to work on /opt/airflow/dags/trade_fish_dag.py
[2026-04-15T01:11:40.609+0000] {processor.py:830} INFO - Processing file /opt/airflow/dags/trade_fish_dag.py for tasks to queue
[2026-04-15T01:11:40.610+0000] {logging_mixin.py:188} INFO - [2026-04-15T01:11:40.610+0000] {dagbag.py:538} INFO - Filling up the DagBag from /opt/airflow/dags/trade_fish_dag.py
[2026-04-15T01:11:40.648+0000] {processor.py:840} INFO - DAG(s) 'fish_trade_pipeline' retrieved from /opt/airflow/dags/trade_fish_dag.py
[2026-04-15T01:11:40.678+0000] {logging_mixin.py:188} INFO - [2026-04-15T01:11:40.678+0000] {dag.py:3036} INFO - Sync 1 DAGs
[2026-04-15T01:11:40.695+0000] {logging_mixin.py:188} INFO - [2026-04-15T01:11:40.695+0000] {dag.py:3823} INFO - Setting next_dagrun for fish_trade_pipeline to 2026-05-01 10:00:00+00:00, run_after=2026-06-01 10:00:00+00:00
[2026-04-15T01:11:40.775+0000] {processor.py:183} INFO - Processing /opt/airflow/dags/trade_fish_dag.py took 0.170 seconds
[2026-04-15T01:12:11.126+0000] {processor.py:161} INFO - Started process (PID=40140) to work on /opt/airflow/dags/trade_fish_dag.py
[2026-04-15T01:12:11.127+0000] {processor.py:830} INFO - Processing file /opt/airflow/dags/trade_fish_dag.py for tasks to queue
[2026-04-15T01:12:11.128+0000] {logging_mixin.py:188} INFO - [2026-04-15T01:12:11.128+0000] {dagbag.py:538} INFO - Filling up the DagBag from /opt/airflow/dags/trade_fish_dag.py
[2026-04-15T01:12:11.159+0000] {processor.py:840} INFO - DAG(s) 'fish_trade_pipeline' retrieved from /opt/airflow/dags/trade_fish_dag.py
[2026-04-15T01:12:11.197+0000] {logging_mixin.py:188} INFO - [2026-04-15T01:12:11.197+0000] {dag.py:3036} INFO - Sync 1 DAGs
[2026-04-15T01:12:11.213+0000] {logging_mixin.py:188} INFO - [2026-04-15T01:12:11.213+0000] {dag.py:3823} INFO - Setting next_dagrun for fish_trade_pipeline to 2026-05-01 10:00:00+00:00, run_after=2026-06-01 10:00:00+00:00
[2026-04-15T01:12:11.254+0000] {processor.py:183} INFO - Processing /opt/airflow/dags/trade_fish_dag.py took 0.130 seconds
[2026-04-15T01:12:41.381+0000] {processor.py:161} INFO - Started process (PID=40151) to work on /opt/airflow/dags/trade_fish_dag.py
[2026-04-15T01:12:41.382+0000] {processor.py:830} INFO - Processing file /opt/airflow/dags/trade_fish_dag.py for tasks to queue
[2026-04-15T01:12:41.383+0000] {logging_mixin.py:188} INFO - [2026-04-15T01:12:41.383+0000] {dagbag.py:538} INFO - Filling up the DagBag from /opt/airflow/dags/trade_fish_dag.py
[2026-04-15T01:12:41.398+0000] {processor.py:840} INFO - DAG(s) 'fish_trade_pipeline' retrieved from /opt/airflow/dags/trade_fish_dag.py
[2026-04-15T01:12:41.421+0000] {logging_mixin.py:188} INFO - [2026-04-15T01:12:41.421+0000] {dag.py:3036} INFO - Sync 1 DAGs
[2026-04-15T01:12:41.436+0000] {logging_mixin.py:188} INFO - [2026-04-15T01:12:41.436+0000] {dag.py:3823} INFO - Setting next_dagrun for fish_trade_pipeline to 2026-05-01 10:00:00+00:00, run_after=2026-06-01 10:00:00+00:00
[2026-04-15T01:12:41.452+0000] {processor.py:183} INFO - Processing /opt/airflow/dags/trade_fish_dag.py took 0.073 seconds
[2026-04-15T01:13:11.672+0000] {processor.py:161} INFO - Started process (PID=40161) to work on /opt/airflow/dags/trade_fish_dag.py
[2026-04-15T01:13:11.673+0000] {processor.py:830} INFO - Processing file /opt/airflow/dags/trade_fish_dag.py for tasks to queue
[2026-04-15T01:13:11.675+0000] {logging_mixin.py:188} INFO - [2026-04-15T01:13:11.674+0000] {dagbag.py:538} INFO - Filling up the DagBag from /opt/airflow/dags/trade_fish_dag.py
[2026-04-15T01:13:11.702+0000] {processor.py:840} INFO - DAG(s) 'fish_trade_pipeline' retrieved from /opt/airflow/dags/trade_fish_dag.py
[2026-04-15T01:13:11.735+0000] {logging_mixin.py:188} INFO - [2026-04-15T01:13:11.735+0000] {dag.py:3036} INFO - Sync 1 DAGs
[2026-04-15T01:13:11.752+0000] {logging_mixin.py:188} INFO - [2026-04-15T01:13:11.752+0000] {dag.py:3823} INFO - Setting next_dagrun for fish_trade_pipeline to 2026-05-01 10:00:00+00:00, run_after=2026-06-01 10:00:00+00:00
[2026-04-15T01:13:11.770+0000] {processor.py:183} INFO - Processing /opt/airflow/dags/trade_fish_dag.py took 0.104 seconds
[2026-04-15T01:13:42.281+0000] {processor.py:161} INFO - Started process (PID=40172) to work on /opt/airflow/dags/trade_fish_dag.py
[2026-04-15T01:13:42.293+0000] {processor.py:830} INFO - Processing file /opt/airflow/dags/trade_fish_dag.py for tasks to queue
[2026-04-15T01:13:42.312+0000] {logging_mixin.py:188} INFO - [2026-04-15T01:13:42.311+0000] {dagbag.py:538} INFO - Filling up the DagBag from /opt/airflow/dags/trade_fish_dag.py
[2026-04-15T01:13:42.429+0000] {processor.py:840} INFO - DAG(s) 'fish_trade_pipeline' retrieved from /opt/airflow/dags/trade_fish_dag.py
[2026-04-15T01:13:42.462+0000] {logging_mixin.py:188} INFO - [2026-04-15T01:13:42.462+0000] {dag.py:3036} INFO - Sync 1 DAGs
[2026-04-15T01:13:42.481+0000] {logging_mixin.py:188} INFO - [2026-04-15T01:13:42.481+0000] {dag.py:3823} INFO - Setting next_dagrun for fish_trade_pipeline to 2026-05-01 10:00:00+00:00, run_after=2026-06-01 10:00:00+00:00
[2026-04-15T01:13:42.552+0000] {processor.py:183} INFO - Processing /opt/airflow/dags/trade_fish_dag.py took 0.274 seconds
[2026-04-15T01:14:12.633+0000] {processor.py:161} INFO - Started process (PID=40183) to work on /opt/airflow/dags/trade_fish_dag.py
[2026-04-15T01:14:12.634+0000] {processor.py:830} INFO - Processing file /opt/airflow/dags/trade_fish_dag.py for tasks to queue
[2026-04-15T01:14:12.635+0000] {logging_mixin.py:188} INFO - [2026-04-15T01:14:12.635+0000] {dagbag.py:538} INFO - Filling up the DagBag from /opt/airflow/dags/trade_fish_dag.py
[2026-04-15T01:14:12.691+0000] {processor.py:840} INFO - DAG(s) 'fish_trade_pipeline' retrieved from /opt/airflow/dags/trade_fish_dag.py
[2026-04-15T01:14:12.726+0000] {logging_mixin.py:188} INFO - [2026-04-15T01:14:12.726+0000] {dag.py:3036} INFO - Sync 1 DAGs
[2026-04-15T01:14:12.746+0000] {logging_mixin.py:188} INFO - [2026-04-15T01:14:12.746+0000] {dag.py:3823} INFO - Setting next_dagrun for fish_trade_pipeline to 2026-05-01 10:00:00+00:00, run_after=2026-06-01 10:00:00+00:00
[2026-04-15T01:14:12.764+0000] {processor.py:183} INFO - Processing /opt/airflow/dags/trade_fish_dag.py took 0.135 seconds
[2026-04-15T01:14:43.403+0000] {processor.py:161} INFO - Started process (PID=40194) to work on /opt/airflow/dags/trade_fish_dag.py
[2026-04-15T01:14:43.415+0000] {processor.py:830} INFO - Processing file /opt/airflow/dags/trade_fish_dag.py for tasks to queue
[2026-04-15T01:14:43.425+0000] {logging_mixin.py:188} INFO - [2026-04-15T01:14:43.422+0000] {dagbag.py:538} INFO - Filling up the DagBag from /opt/airflow/dags/trade_fish_dag.py
[2026-04-15T01:14:43.495+0000] {processor.py:840} INFO - DAG(s) 'fish_trade_pipeline' retrieved from /opt/airflow/dags/trade_fish_dag.py
[2026-04-15T01:14:43.617+0000] {logging_mixin.py:188} INFO - [2026-04-15T01:14:43.617+0000] {dag.py:3036} INFO - Sync 1 DAGs
[2026-04-15T01:14:43.646+0000] {logging_mixin.py:188} INFO - [2026-04-15T01:14:43.646+0000] {dag.py:3823} INFO - Setting next_dagrun for fish_trade_pipeline to 2026-05-01 10:00:00+00:00, run_after=2026-06-01 10:00:00+00:00
[2026-04-15T01:14:43.675+0000] {processor.py:183} INFO - Processing /opt/airflow/dags/trade_fish_dag.py took 0.300 seconds
[2026-04-15T01:36:08.879+0000] {processor.py:161} INFO - Started process (PID=40199) to work on /opt/airflow/dags/trade_fish_dag.py
[2026-04-15T01:36:08.881+0000] {processor.py:830} INFO - Processing file /opt/airflow/dags/trade_fish_dag.py for tasks to queue
[2026-04-15T01:36:08.883+0000] {logging_mixin.py:188} INFO - [2026-04-15T01:36:08.882+0000] {dagbag.py:538} INFO - Filling up the DagBag from /opt/airflow/dags/trade_fish_dag.py
[2026-04-15T01:36:08.997+0000] {processor.py:840} INFO - DAG(s) 'fish_trade_pipeline' retrieved from /opt/airflow/dags/trade_fish_dag.py
[2026-04-15T01:36:09.080+0000] {logging_mixin.py:188} INFO - [2026-04-15T01:36:09.079+0000] {dag.py:3036} INFO - Sync 1 DAGs
[2026-04-15T01:36:09.154+0000] {logging_mixin.py:188} INFO - [2026-04-15T01:36:09.153+0000] {dag.py:3823} INFO - Setting next_dagrun for fish_trade_pipeline to 2026-05-01 10:00:00+00:00, run_after=2026-06-01 10:00:00+00:00
[2026-04-15T01:36:09.198+0000] {processor.py:183} INFO - Processing /opt/airflow/dags/trade_fish_dag.py took 0.325 seconds
[2026-04-15T01:36:39.448+0000] {processor.py:161} INFO - Started process (PID=40213) to work on /opt/airflow/dags/trade_fish_dag.py
[2026-04-15T01:36:39.457+0000] {processor.py:830} INFO - Processing file /opt/airflow/dags/trade_fish_dag.py for tasks to queue
[2026-04-15T01:36:39.459+0000] {logging_mixin.py:188} INFO - [2026-04-15T01:36:39.458+0000] {dagbag.py:538} INFO - Filling up the DagBag from /opt/airflow/dags/trade_fish_dag.py
[2026-04-15T01:36:39.510+0000] {processor.py:840} INFO - DAG(s) 'fish_trade_pipeline' retrieved from /opt/airflow/dags/trade_fish_dag.py
[2026-04-15T01:36:39.566+0000] {logging_mixin.py:188} INFO - [2026-04-15T01:36:39.566+0000] {dag.py:3036} INFO - Sync 1 DAGs
[2026-04-15T01:36:39.591+0000] {logging_mixin.py:188} INFO - [2026-04-15T01:36:39.591+0000] {dag.py:3823} INFO - Setting next_dagrun for fish_trade_pipeline to 2026-05-01 10:00:00+00:00, run_after=2026-06-01 10:00:00+00:00
[2026-04-15T01:36:39.651+0000] {processor.py:183} INFO - Processing /opt/airflow/dags/trade_fish_dag.py took 0.208 seconds
[2026-04-15T01:37:09.887+0000] {processor.py:161} INFO - Started process (PID=40224) to work on /opt/airflow/dags/trade_fish_dag.py
[2026-04-15T01:37:09.888+0000] {processor.py:830} INFO - Processing file /opt/airflow/dags/trade_fish_dag.py for tasks to queue
[2026-04-15T01:37:09.890+0000] {logging_mixin.py:188} INFO - [2026-04-15T01:37:09.889+0000] {dagbag.py:538} INFO - Filling up the DagBag from /opt/airflow/dags/trade_fish_dag.py
[2026-04-15T01:37:09.924+0000] {processor.py:840} INFO - DAG(s) 'fish_trade_pipeline' retrieved from /opt/airflow/dags/trade_fish_dag.py
[2026-04-15T01:37:09.970+0000] {logging_mixin.py:188} INFO - [2026-04-15T01:37:09.969+0000] {dag.py:3036} INFO - Sync 1 DAGs
[2026-04-15T01:37:09.992+0000] {logging_mixin.py:188} INFO - [2026-04-15T01:37:09.992+0000] {dag.py:3823} INFO - Setting next_dagrun for fish_trade_pipeline to 2026-05-01 10:00:00+00:00, run_after=2026-06-01 10:00:00+00:00
[2026-04-15T01:37:10.015+0000] {processor.py:183} INFO - Processing /opt/airflow/dags/trade_fish_dag.py took 0.133 seconds
[2026-04-15T01:37:40.190+0000] {processor.py:161} INFO - Started process (PID=40235) to work on /opt/airflow/dags/trade_fish_dag.py
[2026-04-15T01:37:40.192+0000] {processor.py:830} INFO - Processing file /opt/airflow/dags/trade_fish_dag.py for tasks to queue
[2026-04-15T01:37:40.193+0000] {logging_mixin.py:188} INFO - [2026-04-15T01:37:40.193+0000] {dagbag.py:538} INFO - Filling up the DagBag from /opt/airflow/dags/trade_fish_dag.py
[2026-04-15T01:37:40.232+0000] {processor.py:840} INFO - DAG(s) 'fish_trade_pipeline' retrieved from /opt/airflow/dags/trade_fish_dag.py
[2026-04-15T01:37:40.264+0000] {logging_mixin.py:188} INFO - [2026-04-15T01:37:40.264+0000] {dag.py:3036} INFO - Sync 1 DAGs
[2026-04-15T01:37:40.283+0000] {logging_mixin.py:188} INFO - [2026-04-15T01:37:40.282+0000] {dag.py:3823} INFO - Setting next_dagrun for fish_trade_pipeline to 2026-05-01 10:00:00+00:00, run_after=2026-06-01 10:00:00+00:00
[2026-04-15T01:37:40.301+0000] {processor.py:183} INFO - Processing /opt/airflow/dags/trade_fish_dag.py took 0.114 seconds
[2026-04-15T01:38:10.428+0000] {processor.py:161} INFO - Started process (PID=40246) to work on /opt/airflow/dags/trade_fish_dag.py
[2026-04-15T01:38:10.430+0000] {processor.py:830} INFO - Processing file /opt/airflow/dags/trade_fish_dag.py for tasks to queue
[2026-04-15T01:38:10.431+0000] {logging_mixin.py:188} INFO - [2026-04-15T01:38:10.430+0000] {dagbag.py:538} INFO - Filling up the DagBag from /opt/airflow/dags/trade_fish_dag.py
[2026-04-15T01:38:10.464+0000] {processor.py:840} INFO - DAG(s) 'fish_trade_pipeline' retrieved from /opt/airflow/dags/trade_fish_dag.py
[2026-04-15T01:38:10.496+0000] {logging_mixin.py:188} INFO - [2026-04-15T01:38:10.496+0000] {dag.py:3036} INFO - Sync 1 DAGs
[2026-04-15T01:38:10.516+0000] {logging_mixin.py:188} INFO - [2026-04-15T01:38:10.516+0000] {dag.py:3823} INFO - Setting next_dagrun for fish_trade_pipeline to 2026-05-01 10:00:00+00:00, run_after=2026-06-01 10:00:00+00:00
[2026-04-15T01:38:10.540+0000] {processor.py:183} INFO - Processing /opt/airflow/dags/trade_fish_dag.py took 0.115 seconds
[2026-04-15T01:38:40.628+0000] {processor.py:161} INFO - Started process (PID=40257) to work on /opt/airflow/dags/trade_fish_dag.py
[2026-04-15T01:38:40.629+0000] {processor.py:830} INFO - Processing file /opt/airflow/dags/trade_fish_dag.py for tasks to queue
[2026-04-15T01:38:40.631+0000] {logging_mixin.py:188} INFO - [2026-04-15T01:38:40.630+0000] {dagbag.py:538} INFO - Filling up the DagBag from /opt/airflow/dags/trade_fish_dag.py
[2026-04-15T01:38:40.661+0000] {processor.py:840} INFO - DAG(s) 'fish_trade_pipeline' retrieved from /opt/airflow/dags/trade_fish_dag.py
[2026-04-15T01:38:40.694+0000] {logging_mixin.py:188} INFO - [2026-04-15T01:38:40.693+0000] {dag.py:3036} INFO - Sync 1 DAGs
[2026-04-15T01:38:40.713+0000] {logging_mixin.py:188} INFO - [2026-04-15T01:38:40.713+0000] {dag.py:3823} INFO - Setting next_dagrun for fish_trade_pipeline to 2026-05-01 10:00:00+00:00, run_after=2026-06-01 10:00:00+00:00
[2026-04-15T01:38:40.731+0000] {processor.py:183} INFO - Processing /opt/airflow/dags/trade_fish_dag.py took 0.106 seconds
[2026-04-15T01:39:10.872+0000] {processor.py:161} INFO - Started process (PID=40268) to work on /opt/airflow/dags/trade_fish_dag.py
[2026-04-15T01:39:10.874+0000] {processor.py:830} INFO - Processing file /opt/airflow/dags/trade_fish_dag.py for tasks to queue
[2026-04-15T01:39:10.875+0000] {logging_mixin.py:188} INFO - [2026-04-15T01:39:10.875+0000] {dagbag.py:538} INFO - Filling up the DagBag from /opt/airflow/dags/trade_fish_dag.py
[2026-04-15T01:39:10.913+0000] {processor.py:840} INFO - DAG(s) 'fish_trade_pipeline' retrieved from /opt/airflow/dags/trade_fish_dag.py
[2026-04-15T01:39:10.952+0000] {logging_mixin.py:188} INFO - [2026-04-15T01:39:10.952+0000] {dag.py:3036} INFO - Sync 1 DAGs
[2026-04-15T01:39:10.969+0000] {logging_mixin.py:188} INFO - [2026-04-15T01:39:10.969+0000] {dag.py:3823} INFO - Setting next_dagrun for fish_trade_pipeline to 2026-05-01 10:00:00+00:00, run_after=2026-06-01 10:00:00+00:00
[2026-04-15T01:39:10.989+0000] {processor.py:183} INFO - Processing /opt/airflow/dags/trade_fish_dag.py took 0.120 seconds
[2026-04-15T01:39:41.050+0000] {processor.py:161} INFO - Started process (PID=40280) to work on /opt/airflow/dags/trade_fish_dag.py
[2026-04-15T01:39:41.052+0000] {processor.py:830} INFO - Processing file /opt/airflow/dags/trade_fish_dag.py for tasks to queue
[2026-04-15T01:39:41.054+0000] {logging_mixin.py:188} INFO - [2026-04-15T01:39:41.053+0000] {dagbag.py:538} INFO - Filling up the DagBag from /opt/airflow/dags/trade_fish_dag.py
[2026-04-15T01:39:41.085+0000] {processor.py:840} INFO - DAG(s) 'fish_trade_pipeline' retrieved from /opt/airflow/dags/trade_fish_dag.py
[2026-04-15T01:39:41.121+0000] {logging_mixin.py:188} INFO - [2026-04-15T01:39:41.121+0000] {dag.py:3036} INFO - Sync 1 DAGs
[2026-04-15T01:39:41.141+0000] {logging_mixin.py:188} INFO - [2026-04-15T01:39:41.141+0000] {dag.py:3823} INFO - Setting next_dagrun for fish_trade_pipeline to 2026-05-01 10:00:00+00:00, run_after=2026-06-01 10:00:00+00:00
[2026-04-15T01:39:41.163+0000] {processor.py:183} INFO - Processing /opt/airflow/dags/trade_fish_dag.py took 0.117 seconds
[2026-04-15T01:40:11.428+0000] {processor.py:161} INFO - Started process (PID=40291) to work on /opt/airflow/dags/trade_fish_dag.py
[2026-04-15T01:40:11.430+0000] {processor.py:830} INFO - Processing file /opt/airflow/dags/trade_fish_dag.py for tasks to queue
[2026-04-15T01:40:11.431+0000] {logging_mixin.py:188} INFO - [2026-04-15T01:40:11.430+0000] {dagbag.py:538} INFO - Filling up the DagBag from /opt/airflow/dags/trade_fish_dag.py
[2026-04-15T01:40:11.462+0000] {processor.py:840} INFO - DAG(s) 'fish_trade_pipeline' retrieved from /opt/airflow/dags/trade_fish_dag.py
[2026-04-15T01:40:11.493+0000] {logging_mixin.py:188} INFO - [2026-04-15T01:40:11.493+0000] {dag.py:3036} INFO - Sync 1 DAGs
[2026-04-15T01:40:11.510+0000] {logging_mixin.py:188} INFO - [2026-04-15T01:40:11.510+0000] {dag.py:3823} INFO - Setting next_dagrun for fish_trade_pipeline to 2026-05-01 10:00:00+00:00, run_after=2026-06-01 10:00:00+00:00
[2026-04-15T01:40:11.529+0000] {processor.py:183} INFO - Processing /opt/airflow/dags/trade_fish_dag.py took 0.104 seconds
[2026-04-15T01:40:41.797+0000] {processor.py:161} INFO - Started process (PID=40302) to work on /opt/airflow/dags/trade_fish_dag.py
[2026-04-15T01:40:41.799+0000] {processor.py:830} INFO - Processing file /opt/airflow/dags/trade_fish_dag.py for tasks to queue
[2026-04-15T01:40:41.800+0000] {logging_mixin.py:188} INFO - [2026-04-15T01:40:41.799+0000] {dagbag.py:538} INFO - Filling up the DagBag from /opt/airflow/dags/trade_fish_dag.py
[2026-04-15T01:40:41.828+0000] {processor.py:840} INFO - DAG(s) 'fish_trade_pipeline' retrieved from /opt/airflow/dags/trade_fish_dag.py
[2026-04-15T01:40:41.867+0000] {logging_mixin.py:188} INFO - [2026-04-15T01:40:41.867+0000] {dag.py:3036} INFO - Sync 1 DAGs
[2026-04-15T01:40:41.885+0000] {logging_mixin.py:188} INFO - [2026-04-15T01:40:41.885+0000] {dag.py:3823} INFO - Setting next_dagrun for fish_trade_pipeline to 2026-05-01 10:00:00+00:00, run_after=2026-06-01 10:00:00+00:00
[2026-04-15T01:40:41.904+0000] {processor.py:183} INFO - Processing /opt/airflow/dags/trade_fish_dag.py took 0.110 seconds
[2026-04-15T01:41:12.115+0000] {processor.py:161} INFO - Started process (PID=40313) to work on /opt/airflow/dags/trade_fish_dag.py
[2026-04-15T01:41:12.116+0000] {processor.py:830} INFO - Processing file /opt/airflow/dags/trade_fish_dag.py for tasks to queue
[2026-04-15T01:41:12.117+0000] {logging_mixin.py:188} INFO - [2026-04-15T01:41:12.117+0000] {dagbag.py:538} INFO - Filling up the DagBag from /opt/airflow/dags/trade_fish_dag.py
[2026-04-15T01:41:12.157+0000] {processor.py:840} INFO - DAG(s) 'fish_trade_pipeline' retrieved from /opt/airflow/dags/trade_fish_dag.py
[2026-04-15T01:41:12.188+0000] {logging_mixin.py:188} INFO - [2026-04-15T01:41:12.188+0000] {dag.py:3036} INFO - Sync 1 DAGs
[2026-04-15T01:41:12.208+0000] {logging_mixin.py:188} INFO - [2026-04-15T01:41:12.208+0000] {dag.py:3823} INFO - Setting next_dagrun for fish_trade_pipeline to 2026-05-01 10:00:00+00:00, run_after=2026-06-01 10:00:00+00:00
[2026-04-15T01:41:12.230+0000] {processor.py:183} INFO - Processing /opt/airflow/dags/trade_fish_dag.py took 0.118 seconds
[2026-04-15T01:41:42.415+0000] {processor.py:161} INFO - Started process (PID=40324) to work on /opt/airflow/dags/trade_fish_dag.py
[2026-04-15T01:41:42.417+0000] {processor.py:830} INFO - Processing file /opt/airflow/dags/trade_fish_dag.py for tasks to queue
[2026-04-15T01:41:42.418+0000] {logging_mixin.py:188} INFO - [2026-04-15T01:41:42.418+0000] {dagbag.py:538} INFO - Filling up the DagBag from /opt/airflow/dags/trade_fish_dag.py
[2026-04-15T01:41:42.456+0000] {processor.py:840} INFO - DAG(s) 'fish_trade_pipeline' retrieved from /opt/airflow/dags/trade_fish_dag.py
[2026-04-15T01:41:42.492+0000] {logging_mixin.py:188} INFO - [2026-04-15T01:41:42.491+0000] {dag.py:3036} INFO - Sync 1 DAGs
[2026-04-15T01:41:42.513+0000] {logging_mixin.py:188} INFO - [2026-04-15T01:41:42.512+0000] {dag.py:3823} INFO - Setting next_dagrun for fish_trade_pipeline to 2026-05-01 10:00:00+00:00, run_after=2026-06-01 10:00:00+00:00
[2026-04-15T01:41:42.536+0000] {processor.py:183} INFO - Processing /opt/airflow/dags/trade_fish_dag.py took 0.125 seconds
[2026-04-15T01:42:12.857+0000] {processor.py:161} INFO - Started process (PID=40335) to work on /opt/airflow/dags/trade_fish_dag.py
[2026-04-15T01:42:12.858+0000] {processor.py:830} INFO - Processing file /opt/airflow/dags/trade_fish_dag.py for tasks to queue
[2026-04-15T01:42:12.860+0000] {logging_mixin.py:188} INFO - [2026-04-15T01:42:12.859+0000] {dagbag.py:538} INFO - Filling up the DagBag from /opt/airflow/dags/trade_fish_dag.py
[2026-04-15T01:42:12.925+0000] {processor.py:840} INFO - DAG(s) 'fish_trade_pipeline' retrieved from /opt/airflow/dags/trade_fish_dag.py
[2026-04-15T01:42:12.972+0000] {logging_mixin.py:188} INFO - [2026-04-15T01:42:12.971+0000] {dag.py:3036} INFO - Sync 1 DAGs
[2026-04-15T01:42:12.990+0000] {logging_mixin.py:188} INFO - [2026-04-15T01:42:12.990+0000] {dag.py:3823} INFO - Setting next_dagrun for fish_trade_pipeline to 2026-05-01 10:00:00+00:00, run_after=2026-06-01 10:00:00+00:00
[2026-04-15T01:42:13.009+0000] {processor.py:183} INFO - Processing /opt/airflow/dags/trade_fish_dag.py took 0.154 seconds
[2026-04-15T01:42:43.075+0000] {processor.py:161} INFO - Started process (PID=40346) to work on /opt/airflow/dags/trade_fish_dag.py
[2026-04-15T01:42:43.076+0000] {processor.py:830} INFO - Processing file /opt/airflow/dags/trade_fish_dag.py for tasks to queue
[2026-04-15T01:42:43.077+0000] {logging_mixin.py:188} INFO - [2026-04-15T01:42:43.077+0000] {dagbag.py:538} INFO - Filling up the DagBag from /opt/airflow/dags/trade_fish_dag.py
[2026-04-15T01:42:43.103+0000] {processor.py:840} INFO - DAG(s) 'fish_trade_pipeline' retrieved from /opt/airflow/dags/trade_fish_dag.py
[2026-04-15T01:42:43.134+0000] {logging_mixin.py:188} INFO - [2026-04-15T01:42:43.134+0000] {dag.py:3036} INFO - Sync 1 DAGs
[2026-04-15T01:42:43.154+0000] {logging_mixin.py:188} INFO - [2026-04-15T01:42:43.154+0000] {dag.py:3823} INFO - Setting next_dagrun for fish_trade_pipeline to 2026-05-01 10:00:00+00:00, run_after=2026-06-01 10:00:00+00:00
[2026-04-15T01:42:43.174+0000] {processor.py:183} INFO - Processing /opt/airflow/dags/trade_fish_dag.py took 0.102 seconds
[2026-04-15T01:43:13.424+0000] {processor.py:161} INFO - Started process (PID=40357) to work on /opt/airflow/dags/trade_fish_dag.py
[2026-04-15T01:43:13.426+0000] {processor.py:830} INFO - Processing file /opt/airflow/dags/trade_fish_dag.py for tasks to queue
[2026-04-15T01:43:13.427+0000] {logging_mixin.py:188} INFO - [2026-04-15T01:43:13.427+0000] {dagbag.py:538} INFO - Filling up the DagBag from /opt/airflow/dags/trade_fish_dag.py
[2026-04-15T01:43:13.475+0000] {processor.py:840} INFO - DAG(s) 'fish_trade_pipeline' retrieved from /opt/airflow/dags/trade_fish_dag.py
[2026-04-15T01:43:13.509+0000] {logging_mixin.py:188} INFO - [2026-04-15T01:43:13.509+0000] {dag.py:3036} INFO - Sync 1 DAGs
[2026-04-15T01:43:13.528+0000] {logging_mixin.py:188} INFO - [2026-04-15T01:43:13.528+0000] {dag.py:3823} INFO - Setting next_dagrun for fish_trade_pipeline to 2026-05-01 10:00:00+00:00, run_after=2026-06-01 10:00:00+00:00
[2026-04-15T01:43:13.550+0000] {processor.py:183} INFO - Processing /opt/airflow/dags/trade_fish_dag.py took 0.131 seconds
[2026-04-15T01:43:43.637+0000] {processor.py:161} INFO - Started process (PID=40368) to work on /opt/airflow/dags/trade_fish_dag.py
[2026-04-15T01:43:43.639+0000] {processor.py:830} INFO - Processing file /opt/airflow/dags/trade_fish_dag.py for tasks to queue
[2026-04-15T01:43:43.640+0000] {logging_mixin.py:188} INFO - [2026-04-15T01:43:43.640+0000] {dagbag.py:538} INFO - Filling up the DagBag from /opt/airflow/dags/trade_fish_dag.py
[2026-04-15T01:43:43.711+0000] {processor.py:840} INFO - DAG(s) 'fish_trade_pipeline' retrieved from /opt/airflow/dags/trade_fish_dag.py
[2026-04-15T01:43:43.740+0000] {logging_mixin.py:188} INFO - [2026-04-15T01:43:43.740+0000] {dag.py:3036} INFO - Sync 1 DAGs
[2026-04-15T01:43:43.762+0000] {logging_mixin.py:188} INFO - [2026-04-15T01:43:43.761+0000] {dag.py:3823} INFO - Setting next_dagrun for fish_trade_pipeline to 2026-05-01 10:00:00+00:00, run_after=2026-06-01 10:00:00+00:00
[2026-04-15T01:43:43.781+0000] {processor.py:183} INFO - Processing /opt/airflow/dags/trade_fish_dag.py took 0.146 seconds
[2026-04-15T01:44:13.946+0000] {processor.py:161} INFO - Started process (PID=40379) to work on /opt/airflow/dags/trade_fish_dag.py
[2026-04-15T01:44:13.948+0000] {processor.py:830} INFO - Processing file /opt/airflow/dags/trade_fish_dag.py for tasks to queue
[2026-04-15T01:44:13.949+0000] {logging_mixin.py:188} INFO - [2026-04-15T01:44:13.949+0000] {dagbag.py:538} INFO - Filling up the DagBag from /opt/airflow/dags/trade_fish_dag.py
[2026-04-15T01:44:13.968+0000] {processor.py:840} INFO - DAG(s) 'fish_trade_pipeline' retrieved from /opt/airflow/dags/trade_fish_dag.py
[2026-04-15T01:44:14.009+0000] {logging_mixin.py:188} INFO - [2026-04-15T01:44:14.009+0000] {dag.py:3036} INFO - Sync 1 DAGs
[2026-04-15T01:44:14.029+0000] {logging_mixin.py:188} INFO - [2026-04-15T01:44:14.028+0000] {dag.py:3823} INFO - Setting next_dagrun for fish_trade_pipeline to 2026-05-01 10:00:00+00:00, run_after=2026-06-01 10:00:00+00:00
[2026-04-15T01:44:14.048+0000] {processor.py:183} INFO - Processing /opt/airflow/dags/trade_fish_dag.py took 0.106 seconds
[2026-04-15T01:44:44.220+0000] {processor.py:161} INFO - Started process (PID=40390) to work on /opt/airflow/dags/trade_fish_dag.py
[2026-04-15T01:44:44.221+0000] {processor.py:830} INFO - Processing file /opt/airflow/dags/trade_fish_dag.py for tasks to queue
[2026-04-15T01:44:44.222+0000] {logging_mixin.py:188} INFO - [2026-04-15T01:44:44.222+0000] {dagbag.py:538} INFO - Filling up the DagBag from /opt/airflow/dags/trade_fish_dag.py
[2026-04-15T01:44:44.241+0000] {processor.py:840} INFO - DAG(s) 'fish_trade_pipeline' retrieved from /opt/airflow/dags/trade_fish_dag.py
[2026-04-15T01:44:44.268+0000] {logging_mixin.py:188} INFO - [2026-04-15T01:44:44.268+0000] {dag.py:3036} INFO - Sync 1 DAGs
[2026-04-15T01:44:44.285+0000] {logging_mixin.py:188} INFO - [2026-04-15T01:44:44.285+0000] {dag.py:3823} INFO - Setting next_dagrun for fish_trade_pipeline to 2026-05-01 10:00:00+00:00, run_after=2026-06-01 10:00:00+00:00
[2026-04-15T01:44:44.306+0000] {processor.py:183} INFO - Processing /opt/airflow/dags/trade_fish_dag.py took 0.089 seconds
[2026-04-15T01:45:14.518+0000] {processor.py:161} INFO - Started process (PID=40401) to work on /opt/airflow/dags/trade_fish_dag.py
[2026-04-15T01:45:14.520+0000] {processor.py:830} INFO - Processing file /opt/airflow/dags/trade_fish_dag.py for tasks to queue
[2026-04-15T01:45:14.522+0000] {logging_mixin.py:188} INFO - [2026-04-15T01:45:14.521+0000] {dagbag.py:538} INFO - Filling up the DagBag from /opt/airflow/dags/trade_fish_dag.py
[2026-04-15T01:45:14.542+0000] {processor.py:840} INFO - DAG(s) 'fish_trade_pipeline' retrieved from /opt/airflow/dags/trade_fish_dag.py
[2026-04-15T01:45:14.573+0000] {logging_mixin.py:188} INFO - [2026-04-15T01:45:14.572+0000] {dag.py:3036} INFO - Sync 1 DAGs
[2026-04-15T01:45:14.591+0000] {logging_mixin.py:188} INFO - [2026-04-15T01:45:14.591+0000] {dag.py:3823} INFO - Setting next_dagrun for fish_trade_pipeline to 2026-05-01 10:00:00+00:00, run_after=2026-06-01 10:00:00+00:00
[2026-04-15T01:45:14.622+0000] {processor.py:183} INFO - Processing /opt/airflow/dags/trade_fish_dag.py took 0.107 seconds
[2026-04-15T01:45:44.779+0000] {processor.py:161} INFO - Started process (PID=40412) to work on /opt/airflow/dags/trade_fish_dag.py
[2026-04-15T01:45:44.780+0000] {processor.py:830} INFO - Processing file /opt/airflow/dags/trade_fish_dag.py for tasks to queue
[2026-04-15T01:45:44.781+0000] {logging_mixin.py:188} INFO - [2026-04-15T01:45:44.781+0000] {dagbag.py:538} INFO - Filling up the DagBag from /opt/airflow/dags/trade_fish_dag.py
[2026-04-15T01:45:44.812+0000] {processor.py:840} INFO - DAG(s) 'fish_trade_pipeline' retrieved from /opt/airflow/dags/trade_fish_dag.py
[2026-04-15T01:45:44.846+0000] {logging_mixin.py:188} INFO - [2026-04-15T01:45:44.846+0000] {dag.py:3036} INFO - Sync 1 DAGs
[2026-04-15T01:45:44.868+0000] {logging_mixin.py:188} INFO - [2026-04-15T01:45:44.868+0000] {dag.py:3823} INFO - Setting next_dagrun for fish_trade_pipeline to 2026-05-01 10:00:00+00:00, run_after=2026-06-01 10:00:00+00:00
[2026-04-15T01:45:44.891+0000] {processor.py:183} INFO - Processing /opt/airflow/dags/trade_fish_dag.py took 0.116 seconds
[2026-04-15T01:46:15.161+0000] {processor.py:161} INFO - Started process (PID=40423) to work on /opt/airflow/dags/trade_fish_dag.py
[2026-04-15T01:46:15.162+0000] {processor.py:830} INFO - Processing file /opt/airflow/dags/trade_fish_dag.py for tasks to queue
[2026-04-15T01:46:15.164+0000] {logging_mixin.py:188} INFO - [2026-04-15T01:46:15.163+0000] {dagbag.py:538} INFO - Filling up the DagBag from /opt/airflow/dags/trade_fish_dag.py
[2026-04-15T01:46:15.196+0000] {processor.py:840} INFO - DAG(s) 'fish_trade_pipeline' retrieved from /opt/airflow/dags/trade_fish_dag.py
[2026-04-15T01:46:15.232+0000] {logging_mixin.py:188} INFO - [2026-04-15T01:46:15.232+0000] {dag.py:3036} INFO - Sync 1 DAGs
[2026-04-15T01:46:15.253+0000] {logging_mixin.py:188} INFO - [2026-04-15T01:46:15.253+0000] {dag.py:3823} INFO - Setting next_dagrun for fish_trade_pipeline to 2026-05-01 10:00:00+00:00, run_after=2026-06-01 10:00:00+00:00
[2026-04-15T01:46:15.273+0000] {processor.py:183} INFO - Processing /opt/airflow/dags/trade_fish_dag.py took 0.114 seconds
[2026-04-15T01:46:45.431+0000] {processor.py:161} INFO - Started process (PID=40434) to work on /opt/airflow/dags/trade_fish_dag.py
[2026-04-15T01:46:45.433+0000] {processor.py:830} INFO - Processing file /opt/airflow/dags/trade_fish_dag.py for tasks to queue
[2026-04-15T01:46:45.434+0000] {logging_mixin.py:188} INFO - [2026-04-15T01:46:45.434+0000] {dagbag.py:538} INFO - Filling up the DagBag from /opt/airflow/dags/trade_fish_dag.py
[2026-04-15T01:46:45.466+0000] {processor.py:840} INFO - DAG(s) 'fish_trade_pipeline' retrieved from /opt/airflow/dags/trade_fish_dag.py
[2026-04-15T01:46:45.493+0000] {logging_mixin.py:188} INFO - [2026-04-15T01:46:45.493+0000] {dag.py:3036} INFO - Sync 1 DAGs
[2026-04-15T01:46:45.511+0000] {logging_mixin.py:188} INFO - [2026-04-15T01:46:45.511+0000] {dag.py:3823} INFO - Setting next_dagrun for fish_trade_pipeline to 2026-05-01 10:00:00+00:00, run_after=2026-06-01 10:00:00+00:00
[2026-04-15T01:46:45.532+0000] {processor.py:183} INFO - Processing /opt/airflow/dags/trade_fish_dag.py took 0.103 seconds
[2026-04-15T01:47:15.734+0000] {processor.py:161} INFO - Started process (PID=40445) to work on /opt/airflow/dags/trade_fish_dag.py
[2026-04-15T01:47:15.735+0000] {processor.py:830} INFO - Processing file /opt/airflow/dags/trade_fish_dag.py for tasks to queue
[2026-04-15T01:47:15.737+0000] {logging_mixin.py:188} INFO - [2026-04-15T01:47:15.736+0000] {dagbag.py:538} INFO - Filling up the DagBag from /opt/airflow/dags/trade_fish_dag.py
[2026-04-15T01:47:15.772+0000] {processor.py:840} INFO - DAG(s) 'fish_trade_pipeline' retrieved from /opt/airflow/dags/trade_fish_dag.py
[2026-04-15T01:47:15.805+0000] {logging_mixin.py:188} INFO - [2026-04-15T01:47:15.805+0000] {dag.py:3036} INFO - Sync 1 DAGs
[2026-04-15T01:47:15.825+0000] {logging_mixin.py:188} INFO - [2026-04-15T01:47:15.824+0000] {dag.py:3823} INFO - Setting next_dagrun for fish_trade_pipeline to 2026-05-01 10:00:00+00:00, run_after=2026-06-01 10:00:00+00:00
[2026-04-15T01:47:15.844+0000] {processor.py:183} INFO - Processing /opt/airflow/dags/trade_fish_dag.py took 0.113 seconds
[2026-04-15T01:47:46.081+0000] {processor.py:161} INFO - Started process (PID=40456) to work on /opt/airflow/dags/trade_fish_dag.py
[2026-04-15T01:47:46.082+0000] {processor.py:830} INFO - Processing file /opt/airflow/dags/trade_fish_dag.py for tasks to queue
[2026-04-15T01:47:46.083+0000] {logging_mixin.py:188} INFO - [2026-04-15T01:47:46.083+0000] {dagbag.py:538} INFO - Filling up the DagBag from /opt/airflow/dags/trade_fish_dag.py
[2026-04-15T01:47:46.122+0000] {processor.py:840} INFO - DAG(s) 'fish_trade_pipeline' retrieved from /opt/airflow/dags/trade_fish_dag.py
[2026-04-15T01:47:46.151+0000] {logging_mixin.py:188} INFO - [2026-04-15T01:47:46.150+0000] {dag.py:3036} INFO - Sync 1 DAGs
[2026-04-15T01:47:46.168+0000] {logging_mixin.py:188} INFO - [2026-04-15T01:47:46.168+0000] {dag.py:3823} INFO - Setting next_dagrun for fish_trade_pipeline to 2026-05-01 10:00:00+00:00, run_after=2026-06-01 10:00:00+00:00
[2026-04-15T01:47:46.258+0000] {processor.py:183} INFO - Processing /opt/airflow/dags/trade_fish_dag.py took 0.181 seconds
[2026-04-15T01:48:16.387+0000] {processor.py:161} INFO - Started process (PID=40467) to work on /opt/airflow/dags/trade_fish_dag.py
[2026-04-15T01:48:16.390+0000] {processor.py:830} INFO - Processing file /opt/airflow/dags/trade_fish_dag.py for tasks to queue
[2026-04-15T01:48:16.391+0000] {logging_mixin.py:188} INFO - [2026-04-15T01:48:16.390+0000] {dagbag.py:538} INFO - Filling up the DagBag from /opt/airflow/dags/trade_fish_dag.py
[2026-04-15T01:48:16.436+0000] {processor.py:840} INFO - DAG(s) 'fish_trade_pipeline' retrieved from /opt/airflow/dags/trade_fish_dag.py
[2026-04-15T01:48:16.473+0000] {logging_mixin.py:188} INFO - [2026-04-15T01:48:16.473+0000] {dag.py:3036} INFO - Sync 1 DAGs
[2026-04-15T01:48:16.492+0000] {logging_mixin.py:188} INFO - [2026-04-15T01:48:16.492+0000] {dag.py:3823} INFO - Setting next_dagrun for fish_trade_pipeline to 2026-05-01 10:00:00+00:00, run_after=2026-06-01 10:00:00+00:00
[2026-04-15T01:48:16.577+0000] {processor.py:183} INFO - Processing /opt/airflow/dags/trade_fish_dag.py took 0.193 seconds
[2026-04-15T01:48:46.726+0000] {processor.py:161} INFO - Started process (PID=40478) to work on /opt/airflow/dags/trade_fish_dag.py
[2026-04-15T01:48:46.728+0000] {processor.py:830} INFO - Processing file /opt/airflow/dags/trade_fish_dag.py for tasks to queue
[2026-04-15T01:48:46.731+0000] {logging_mixin.py:188} INFO - [2026-04-15T01:48:46.731+0000] {dagbag.py:538} INFO - Filling up the DagBag from /opt/airflow/dags/trade_fish_dag.py
[2026-04-15T01:48:46.782+0000] {processor.py:840} INFO - DAG(s) 'fish_trade_pipeline' retrieved from /opt/airflow/dags/trade_fish_dag.py
[2026-04-15T01:48:46.816+0000] {logging_mixin.py:188} INFO - [2026-04-15T01:48:46.816+0000] {dag.py:3036} INFO - Sync 1 DAGs
[2026-04-15T01:48:46.837+0000] {logging_mixin.py:188} INFO - [2026-04-15T01:48:46.836+0000] {dag.py:3823} INFO - Setting next_dagrun for fish_trade_pipeline to 2026-05-01 10:00:00+00:00, run_after=2026-06-01 10:00:00+00:00
[2026-04-15T01:48:46.859+0000] {processor.py:183} INFO - Processing /opt/airflow/dags/trade_fish_dag.py took 0.138 seconds
[2026-04-15T01:49:17.096+0000] {processor.py:161} INFO - Started process (PID=40489) to work on /opt/airflow/dags/trade_fish_dag.py
[2026-04-15T01:49:17.097+0000] {processor.py:830} INFO - Processing file /opt/airflow/dags/trade_fish_dag.py for tasks to queue
[2026-04-15T01:49:17.099+0000] {logging_mixin.py:188} INFO - [2026-04-15T01:49:17.098+0000] {dagbag.py:538} INFO - Filling up the DagBag from /opt/airflow/dags/trade_fish_dag.py
[2026-04-15T01:49:17.132+0000] {processor.py:840} INFO - DAG(s) 'fish_trade_pipeline' retrieved from /opt/airflow/dags/trade_fish_dag.py
[2026-04-15T01:49:17.166+0000] {logging_mixin.py:188} INFO - [2026-04-15T01:49:17.166+0000] {dag.py:3036} INFO - Sync 1 DAGs
[2026-04-15T01:49:17.184+0000] {logging_mixin.py:188} INFO - [2026-04-15T01:49:17.184+0000] {dag.py:3823} INFO - Setting next_dagrun for fish_trade_pipeline to 2026-05-01 10:00:00+00:00, run_after=2026-06-01 10:00:00+00:00
[2026-04-15T01:49:17.201+0000] {processor.py:183} INFO - Processing /opt/airflow/dags/trade_fish_dag.py took 0.110 seconds
[2026-04-15T01:49:47.448+0000] {processor.py:161} INFO - Started process (PID=40500) to work on /opt/airflow/dags/trade_fish_dag.py
[2026-04-15T01:49:47.449+0000] {processor.py:830} INFO - Processing file /opt/airflow/dags/trade_fish_dag.py for tasks to queue
[2026-04-15T01:49:47.451+0000] {logging_mixin.py:188} INFO - [2026-04-15T01:49:47.450+0000] {dagbag.py:538} INFO - Filling up the DagBag from /opt/airflow/dags/trade_fish_dag.py
[2026-04-15T01:49:47.481+0000] {processor.py:840} INFO - DAG(s) 'fish_trade_pipeline' retrieved from /opt/airflow/dags/trade_fish_dag.py
[2026-04-15T01:49:47.514+0000] {logging_mixin.py:188} INFO - [2026-04-15T01:49:47.514+0000] {dag.py:3036} INFO - Sync 1 DAGs
[2026-04-15T01:49:47.535+0000] {logging_mixin.py:188} INFO - [2026-04-15T01:49:47.534+0000] {dag.py:3823} INFO - Setting next_dagrun for fish_trade_pipeline to 2026-05-01 10:00:00+00:00, run_after=2026-06-01 10:00:00+00:00
[2026-04-15T01:49:47.556+0000] {processor.py:183} INFO - Processing /opt/airflow/dags/trade_fish_dag.py took 0.110 seconds
[2026-04-15T01:50:17.721+0000] {processor.py:161} INFO - Started process (PID=40511) to work on /opt/airflow/dags/trade_fish_dag.py
[2026-04-15T01:50:17.723+0000] {processor.py:830} INFO - Processing file /opt/airflow/dags/trade_fish_dag.py for tasks to queue
[2026-04-15T01:50:17.724+0000] {logging_mixin.py:188} INFO - [2026-04-15T01:50:17.723+0000] {dagbag.py:538} INFO - Filling up the DagBag from /opt/airflow/dags/trade_fish_dag.py
[2026-04-15T01:50:17.772+0000] {processor.py:840} INFO - DAG(s) 'fish_trade_pipeline' retrieved from /opt/airflow/dags/trade_fish_dag.py
[2026-04-15T01:50:17.803+0000] {logging_mixin.py:188} INFO - [2026-04-15T01:50:17.803+0000] {dag.py:3036} INFO - Sync 1 DAGs
[2026-04-15T01:50:17.823+0000] {logging_mixin.py:188} INFO - [2026-04-15T01:50:17.823+0000] {dag.py:3823} INFO - Setting next_dagrun for fish_trade_pipeline to 2026-05-01 10:00:00+00:00, run_after=2026-06-01 10:00:00+00:00
[2026-04-15T01:50:17.845+0000] {processor.py:183} INFO - Processing /opt/airflow/dags/trade_fish_dag.py took 0.126 seconds
[2026-04-15T01:50:47.993+0000] {processor.py:161} INFO - Started process (PID=40522) to work on /opt/airflow/dags/trade_fish_dag.py
[2026-04-15T01:50:47.994+0000] {processor.py:830} INFO - Processing file /opt/airflow/dags/trade_fish_dag.py for tasks to queue
[2026-04-15T01:50:47.995+0000] {logging_mixin.py:188} INFO - [2026-04-15T01:50:47.995+0000] {dagbag.py:538} INFO - Filling up the DagBag from /opt/airflow/dags/trade_fish_dag.py
[2026-04-15T01:50:48.024+0000] {processor.py:840} INFO - DAG(s) 'fish_trade_pipeline' retrieved from /opt/airflow/dags/trade_fish_dag.py
[2026-04-15T01:50:48.053+0000] {logging_mixin.py:188} INFO - [2026-04-15T01:50:48.053+0000] {dag.py:3036} INFO - Sync 1 DAGs
[2026-04-15T01:50:48.072+0000] {logging_mixin.py:188} INFO - [2026-04-15T01:50:48.072+0000] {dag.py:3823} INFO - Setting next_dagrun for fish_trade_pipeline to 2026-05-01 10:00:00+00:00, run_after=2026-06-01 10:00:00+00:00
[2026-04-15T01:50:48.091+0000] {processor.py:183} INFO - Processing /opt/airflow/dags/trade_fish_dag.py took 0.102 seconds
[2026-04-15T01:51:18.236+0000] {processor.py:161} INFO - Started process (PID=40533) to work on /opt/airflow/dags/trade_fish_dag.py
[2026-04-15T01:51:18.238+0000] {processor.py:830} INFO - Processing file /opt/airflow/dags/trade_fish_dag.py for tasks to queue
[2026-04-15T01:51:18.239+0000] {logging_mixin.py:188} INFO - [2026-04-15T01:51:18.238+0000] {dagbag.py:538} INFO - Filling up the DagBag from /opt/airflow/dags/trade_fish_dag.py
[2026-04-15T01:51:18.272+0000] {processor.py:840} INFO - DAG(s) 'fish_trade_pipeline' retrieved from /opt/airflow/dags/trade_fish_dag.py
[2026-04-15T01:51:18.313+0000] {logging_mixin.py:188} INFO - [2026-04-15T01:51:18.313+0000] {dag.py:3036} INFO - Sync 1 DAGs
[2026-04-15T01:51:18.334+0000] {logging_mixin.py:188} INFO - [2026-04-15T01:51:18.333+0000] {dag.py:3823} INFO - Setting next_dagrun for fish_trade_pipeline to 2026-05-01 10:00:00+00:00, run_after=2026-06-01 10:00:00+00:00
[2026-04-15T01:51:18.353+0000] {processor.py:183} INFO - Processing /opt/airflow/dags/trade_fish_dag.py took 0.120 seconds
[2026-04-15T01:51:48.462+0000] {processor.py:161} INFO - Started process (PID=40544) to work on /opt/airflow/dags/trade_fish_dag.py
[2026-04-15T01:51:48.464+0000] {processor.py:830} INFO - Processing file /opt/airflow/dags/trade_fish_dag.py for tasks to queue
[2026-04-15T01:51:48.465+0000] {logging_mixin.py:188} INFO - [2026-04-15T01:51:48.465+0000] {dagbag.py:538} INFO - Filling up the DagBag from /opt/airflow/dags/trade_fish_dag.py
[2026-04-15T01:51:48.491+0000] {processor.py:840} INFO - DAG(s) 'fish_trade_pipeline' retrieved from /opt/airflow/dags/trade_fish_dag.py
[2026-04-15T01:51:48.522+0000] {logging_mixin.py:188} INFO - [2026-04-15T01:51:48.522+0000] {dag.py:3036} INFO - Sync 1 DAGs
[2026-04-15T01:51:48.539+0000] {logging_mixin.py:188} INFO - [2026-04-15T01:51:48.539+0000] {dag.py:3823} INFO - Setting next_dagrun for fish_trade_pipeline to 2026-05-01 10:00:00+00:00, run_after=2026-06-01 10:00:00+00:00
[2026-04-15T01:51:48.555+0000] {processor.py:183} INFO - Processing /opt/airflow/dags/trade_fish_dag.py took 0.096 seconds
[2026-04-15T01:52:18.739+0000] {processor.py:161} INFO - Started process (PID=40555) to work on /opt/airflow/dags/trade_fish_dag.py
[2026-04-15T01:52:18.740+0000] {processor.py:830} INFO - Processing file /opt/airflow/dags/trade_fish_dag.py for tasks to queue
[2026-04-15T01:52:18.741+0000] {logging_mixin.py:188} INFO - [2026-04-15T01:52:18.741+0000] {dagbag.py:538} INFO - Filling up the DagBag from /opt/airflow/dags/trade_fish_dag.py
[2026-04-15T01:52:18.771+0000] {processor.py:840} INFO - DAG(s) 'fish_trade_pipeline' retrieved from /opt/airflow/dags/trade_fish_dag.py
[2026-04-15T01:52:18.804+0000] {logging_mixin.py:188} INFO - [2026-04-15T01:52:18.804+0000] {dag.py:3036} INFO - Sync 1 DAGs
[2026-04-15T01:52:18.822+0000] {logging_mixin.py:188} INFO - [2026-04-15T01:52:18.822+0000] {dag.py:3823} INFO - Setting next_dagrun for fish_trade_pipeline to 2026-05-01 10:00:00+00:00, run_after=2026-06-01 10:00:00+00:00
[2026-04-15T01:52:18.839+0000] {processor.py:183} INFO - Processing /opt/airflow/dags/trade_fish_dag.py took 0.102 seconds
[2026-04-15T01:52:48.930+0000] {processor.py:161} INFO - Started process (PID=40566) to work on /opt/airflow/dags/trade_fish_dag.py
[2026-04-15T01:52:48.931+0000] {processor.py:830} INFO - Processing file /opt/airflow/dags/trade_fish_dag.py for tasks to queue
[2026-04-15T01:52:48.933+0000] {logging_mixin.py:188} INFO - [2026-04-15T01:52:48.932+0000] {dagbag.py:538} INFO - Filling up the DagBag from /opt/airflow/dags/trade_fish_dag.py
[2026-04-15T01:52:48.952+0000] {processor.py:840} INFO - DAG(s) 'fish_trade_pipeline' retrieved from /opt/airflow/dags/trade_fish_dag.py
[2026-04-15T01:52:48.983+0000] {logging_mixin.py:188} INFO - [2026-04-15T01:52:48.982+0000] {dag.py:3036} INFO - Sync 1 DAGs
[2026-04-15T01:52:48.999+0000] {logging_mixin.py:188} INFO - [2026-04-15T01:52:48.999+0000] {dag.py:3823} INFO - Setting next_dagrun for fish_trade_pipeline to 2026-05-01 10:00:00+00:00, run_after=2026-06-01 10:00:00+00:00
[2026-04-15T01:52:49.016+0000] {processor.py:183} INFO - Processing /opt/airflow/dags/trade_fish_dag.py took 0.089 seconds
[2026-04-15T01:53:19.202+0000] {processor.py:161} INFO - Started process (PID=40577) to work on /opt/airflow/dags/trade_fish_dag.py
[2026-04-15T01:53:19.203+0000] {processor.py:830} INFO - Processing file /opt/airflow/dags/trade_fish_dag.py for tasks to queue
[2026-04-15T01:53:19.204+0000] {logging_mixin.py:188} INFO - [2026-04-15T01:53:19.204+0000] {dagbag.py:538} INFO - Filling up the DagBag from /opt/airflow/dags/trade_fish_dag.py
[2026-04-15T01:53:19.234+0000] {processor.py:840} INFO - DAG(s) 'fish_trade_pipeline' retrieved from /opt/airflow/dags/trade_fish_dag.py
[2026-04-15T01:53:19.264+0000] {logging_mixin.py:188} INFO - [2026-04-15T01:53:19.264+0000] {dag.py:3036} INFO - Sync 1 DAGs
[2026-04-15T01:53:19.282+0000] {logging_mixin.py:188} INFO - [2026-04-15T01:53:19.282+0000] {dag.py:3823} INFO - Setting next_dagrun for fish_trade_pipeline to 2026-05-01 10:00:00+00:00, run_after=2026-06-01 10:00:00+00:00
[2026-04-15T01:53:19.322+0000] {processor.py:183} INFO - Processing /opt/airflow/dags/trade_fish_dag.py took 0.123 seconds
[2026-04-15T01:53:49.492+0000] {processor.py:161} INFO - Started process (PID=40589) to work on /opt/airflow/dags/trade_fish_dag.py
[2026-04-15T01:53:49.493+0000] {processor.py:830} INFO - Processing file /opt/airflow/dags/trade_fish_dag.py for tasks to queue
[2026-04-15T01:53:49.495+0000] {logging_mixin.py:188} INFO - [2026-04-15T01:53:49.494+0000] {dagbag.py:538} INFO - Filling up the DagBag from /opt/airflow/dags/trade_fish_dag.py
[2026-04-15T01:53:49.524+0000] {processor.py:840} INFO - DAG(s) 'fish_trade_pipeline' retrieved from /opt/airflow/dags/trade_fish_dag.py
[2026-04-15T01:53:49.557+0000] {logging_mixin.py:188} INFO - [2026-04-15T01:53:49.557+0000] {dag.py:3036} INFO - Sync 1 DAGs
[2026-04-15T01:53:49.577+0000] {logging_mixin.py:188} INFO - [2026-04-15T01:53:49.576+0000] {dag.py:3823} INFO - Setting next_dagrun for fish_trade_pipeline to 2026-05-01 10:00:00+00:00, run_after=2026-06-01 10:00:00+00:00
[2026-04-15T01:53:49.598+0000] {processor.py:183} INFO - Processing /opt/airflow/dags/trade_fish_dag.py took 0.109 seconds
[2026-04-15T01:54:19.812+0000] {processor.py:161} INFO - Started process (PID=40600) to work on /opt/airflow/dags/trade_fish_dag.py
[2026-04-15T01:54:19.814+0000] {processor.py:830} INFO - Processing file /opt/airflow/dags/trade_fish_dag.py for tasks to queue
[2026-04-15T01:54:19.815+0000] {logging_mixin.py:188} INFO - [2026-04-15T01:54:19.815+0000] {dagbag.py:538} INFO - Filling up the DagBag from /opt/airflow/dags/trade_fish_dag.py
[2026-04-15T01:54:19.850+0000] {processor.py:840} INFO - DAG(s) 'fish_trade_pipeline' retrieved from /opt/airflow/dags/trade_fish_dag.py
[2026-04-15T01:54:19.882+0000] {logging_mixin.py:188} INFO - [2026-04-15T01:54:19.882+0000] {dag.py:3036} INFO - Sync 1 DAGs
[2026-04-15T01:54:19.902+0000] {logging_mixin.py:188} INFO - [2026-04-15T01:54:19.902+0000] {dag.py:3823} INFO - Setting next_dagrun for fish_trade_pipeline to 2026-05-01 10:00:00+00:00, run_after=2026-06-01 10:00:00+00:00
[2026-04-15T01:54:19.921+0000] {processor.py:183} INFO - Processing /opt/airflow/dags/trade_fish_dag.py took 0.112 seconds
[2026-04-15T01:54:50.116+0000] {processor.py:161} INFO - Started process (PID=40611) to work on /opt/airflow/dags/trade_fish_dag.py
[2026-04-15T01:54:50.118+0000] {processor.py:830} INFO - Processing file /opt/airflow/dags/trade_fish_dag.py for tasks to queue
[2026-04-15T01:54:50.119+0000] {logging_mixin.py:188} INFO - [2026-04-15T01:54:50.119+0000] {dagbag.py:538} INFO - Filling up the DagBag from /opt/airflow/dags/trade_fish_dag.py
[2026-04-15T01:54:50.142+0000] {processor.py:840} INFO - DAG(s) 'fish_trade_pipeline' retrieved from /opt/airflow/dags/trade_fish_dag.py
[2026-04-15T01:54:50.169+0000] {logging_mixin.py:188} INFO - [2026-04-15T01:54:50.169+0000] {dag.py:3036} INFO - Sync 1 DAGs
[2026-04-15T01:54:50.187+0000] {logging_mixin.py:188} INFO - [2026-04-15T01:54:50.187+0000] {dag.py:3823} INFO - Setting next_dagrun for fish_trade_pipeline to 2026-05-01 10:00:00+00:00, run_after=2026-06-01 10:00:00+00:00
[2026-04-15T01:54:50.207+0000] {processor.py:183} INFO - Processing /opt/airflow/dags/trade_fish_dag.py took 0.095 seconds
[2026-04-15T01:55:20.352+0000] {processor.py:161} INFO - Started process (PID=40622) to work on /opt/airflow/dags/trade_fish_dag.py
[2026-04-15T01:55:20.353+0000] {processor.py:830} INFO - Processing file /opt/airflow/dags/trade_fish_dag.py for tasks to queue
[2026-04-15T01:55:20.354+0000] {logging_mixin.py:188} INFO - [2026-04-15T01:55:20.354+0000] {dagbag.py:538} INFO - Filling up the DagBag from /opt/airflow/dags/trade_fish_dag.py
[2026-04-15T01:55:20.427+0000] {processor.py:840} INFO - DAG(s) 'fish_trade_pipeline' retrieved from /opt/airflow/dags/trade_fish_dag.py
[2026-04-15T01:55:20.465+0000] {logging_mixin.py:188} INFO - [2026-04-15T01:55:20.464+0000] {dag.py:3036} INFO - Sync 1 DAGs
[2026-04-15T01:55:20.481+0000] {logging_mixin.py:188} INFO - [2026-04-15T01:55:20.480+0000] {dag.py:3823} INFO - Setting next_dagrun for fish_trade_pipeline to 2026-05-01 10:00:00+00:00, run_after=2026-06-01 10:00:00+00:00
[2026-04-15T01:55:20.499+0000] {processor.py:183} INFO - Processing /opt/airflow/dags/trade_fish_dag.py took 0.150 seconds
[2026-04-15T01:55:50.844+0000] {processor.py:161} INFO - Started process (PID=40633) to work on /opt/airflow/dags/trade_fish_dag.py
[2026-04-15T01:55:50.845+0000] {processor.py:830} INFO - Processing file /opt/airflow/dags/trade_fish_dag.py for tasks to queue
[2026-04-15T01:55:50.846+0000] {logging_mixin.py:188} INFO - [2026-04-15T01:55:50.846+0000] {dagbag.py:538} INFO - Filling up the DagBag from /opt/airflow/dags/trade_fish_dag.py
[2026-04-15T01:55:50.915+0000] {processor.py:840} INFO - DAG(s) 'fish_trade_pipeline' retrieved from /opt/airflow/dags/trade_fish_dag.py
[2026-04-15T01:55:50.951+0000] {logging_mixin.py:188} INFO - [2026-04-15T01:55:50.951+0000] {dag.py:3036} INFO - Sync 1 DAGs
[2026-04-15T01:55:50.969+0000] {logging_mixin.py:188} INFO - [2026-04-15T01:55:50.969+0000] {dag.py:3823} INFO - Setting next_dagrun for fish_trade_pipeline to 2026-05-01 10:00:00+00:00, run_after=2026-06-01 10:00:00+00:00
[2026-04-15T01:55:50.986+0000] {processor.py:183} INFO - Processing /opt/airflow/dags/trade_fish_dag.py took 0.145 seconds
[2026-04-15T01:56:21.140+0000] {processor.py:161} INFO - Started process (PID=40644) to work on /opt/airflow/dags/trade_fish_dag.py
[2026-04-15T01:56:21.141+0000] {processor.py:830} INFO - Processing file /opt/airflow/dags/trade_fish_dag.py for tasks to queue
[2026-04-15T01:56:21.142+0000] {logging_mixin.py:188} INFO - [2026-04-15T01:56:21.142+0000] {dagbag.py:538} INFO - Filling up the DagBag from /opt/airflow/dags/trade_fish_dag.py
[2026-04-15T01:56:21.161+0000] {processor.py:840} INFO - DAG(s) 'fish_trade_pipeline' retrieved from /opt/airflow/dags/trade_fish_dag.py
[2026-04-15T01:56:21.189+0000] {logging_mixin.py:188} INFO - [2026-04-15T01:56:21.189+0000] {dag.py:3036} INFO - Sync 1 DAGs
[2026-04-15T01:56:21.207+0000] {logging_mixin.py:188} INFO - [2026-04-15T01:56:21.207+0000] {dag.py:3823} INFO - Setting next_dagrun for fish_trade_pipeline to 2026-05-01 10:00:00+00:00, run_after=2026-06-01 10:00:00+00:00
[2026-04-15T01:56:21.226+0000] {processor.py:183} INFO - Processing /opt/airflow/dags/trade_fish_dag.py took 0.089 seconds
[2026-04-15T01:56:51.478+0000] {processor.py:161} INFO - Started process (PID=40655) to work on /opt/airflow/dags/trade_fish_dag.py
[2026-04-15T01:56:51.479+0000] {processor.py:830} INFO - Processing file /opt/airflow/dags/trade_fish_dag.py for tasks to queue
[2026-04-15T01:56:51.480+0000] {logging_mixin.py:188} INFO - [2026-04-15T01:56:51.480+0000] {dagbag.py:538} INFO - Filling up the DagBag from /opt/airflow/dags/trade_fish_dag.py
[2026-04-15T01:56:51.555+0000] {processor.py:840} INFO - DAG(s) 'fish_trade_pipeline' retrieved from /opt/airflow/dags/trade_fish_dag.py
[2026-04-15T01:56:51.593+0000] {logging_mixin.py:188} INFO - [2026-04-15T01:56:51.592+0000] {dag.py:3036} INFO - Sync 1 DAGs
[2026-04-15T01:56:51.609+0000] {logging_mixin.py:188} INFO - [2026-04-15T01:56:51.609+0000] {dag.py:3823} INFO - Setting next_dagrun for fish_trade_pipeline to 2026-05-01 10:00:00+00:00, run_after=2026-06-01 10:00:00+00:00
[2026-04-15T01:56:51.628+0000] {processor.py:183} INFO - Processing /opt/airflow/dags/trade_fish_dag.py took 0.153 seconds
[2026-04-15T01:57:21.706+0000] {processor.py:161} INFO - Started process (PID=40666) to work on /opt/airflow/dags/trade_fish_dag.py
[2026-04-15T01:57:21.707+0000] {processor.py:830} INFO - Processing file /opt/airflow/dags/trade_fish_dag.py for tasks to queue
[2026-04-15T01:57:21.708+0000] {logging_mixin.py:188} INFO - [2026-04-15T01:57:21.708+0000] {dagbag.py:538} INFO - Filling up the DagBag from /opt/airflow/dags/trade_fish_dag.py
[2026-04-15T01:57:21.738+0000] {processor.py:840} INFO - DAG(s) 'fish_trade_pipeline' retrieved from /opt/airflow/dags/trade_fish_dag.py
[2026-04-15T01:57:21.771+0000] {logging_mixin.py:188} INFO - [2026-04-15T01:57:21.771+0000] {dag.py:3036} INFO - Sync 1 DAGs
[2026-04-15T01:57:21.792+0000] {logging_mixin.py:188} INFO - [2026-04-15T01:57:21.791+0000] {dag.py:3823} INFO - Setting next_dagrun for fish_trade_pipeline to 2026-05-01 10:00:00+00:00, run_after=2026-06-01 10:00:00+00:00
[2026-04-15T01:57:21.811+0000] {processor.py:183} INFO - Processing /opt/airflow/dags/trade_fish_dag.py took 0.108 seconds
[2026-04-15T01:57:52.069+0000] {processor.py:161} INFO - Started process (PID=40677) to work on /opt/airflow/dags/trade_fish_dag.py
[2026-04-15T01:57:52.070+0000] {processor.py:830} INFO - Processing file /opt/airflow/dags/trade_fish_dag.py for tasks to queue
[2026-04-15T01:57:52.071+0000] {logging_mixin.py:188} INFO - [2026-04-15T01:57:52.071+0000] {dagbag.py:538} INFO - Filling up the DagBag from /opt/airflow/dags/trade_fish_dag.py
[2026-04-15T01:57:52.093+0000] {processor.py:840} INFO - DAG(s) 'fish_trade_pipeline' retrieved from /opt/airflow/dags/trade_fish_dag.py
[2026-04-15T01:57:52.130+0000] {logging_mixin.py:188} INFO - [2026-04-15T01:57:52.130+0000] {dag.py:3036} INFO - Sync 1 DAGs
[2026-04-15T01:57:52.146+0000] {logging_mixin.py:188} INFO - [2026-04-15T01:57:52.146+0000] {dag.py:3823} INFO - Setting next_dagrun for fish_trade_pipeline to 2026-05-01 10:00:00+00:00, run_after=2026-06-01 10:00:00+00:00
[2026-04-15T01:57:52.162+0000] {processor.py:183} INFO - Processing /opt/airflow/dags/trade_fish_dag.py took 0.096 seconds
[2026-04-15T01:58:22.407+0000] {processor.py:161} INFO - Started process (PID=40688) to work on /opt/airflow/dags/trade_fish_dag.py
[2026-04-15T01:58:22.409+0000] {processor.py:830} INFO - Processing file /opt/airflow/dags/trade_fish_dag.py for tasks to queue
[2026-04-15T01:58:22.410+0000] {logging_mixin.py:188} INFO - [2026-04-15T01:58:22.410+0000] {dagbag.py:538} INFO - Filling up the DagBag from /opt/airflow/dags/trade_fish_dag.py
[2026-04-15T01:58:22.450+0000] {processor.py:840} INFO - DAG(s) 'fish_trade_pipeline' retrieved from /opt/airflow/dags/trade_fish_dag.py
[2026-04-15T01:58:22.485+0000] {logging_mixin.py:188} INFO - [2026-04-15T01:58:22.485+0000] {dag.py:3036} INFO - Sync 1 DAGs
[2026-04-15T01:58:22.501+0000] {logging_mixin.py:188} INFO - [2026-04-15T01:58:22.501+0000] {dag.py:3823} INFO - Setting next_dagrun for fish_trade_pipeline to 2026-05-01 10:00:00+00:00, run_after=2026-06-01 10:00:00+00:00
[2026-04-15T01:58:22.575+0000] {processor.py:183} INFO - Processing /opt/airflow/dags/trade_fish_dag.py took 0.172 seconds
[2026-04-15T01:58:52.727+0000] {processor.py:161} INFO - Started process (PID=40698) to work on /opt/airflow/dags/trade_fish_dag.py
[2026-04-15T01:58:52.728+0000] {processor.py:830} INFO - Processing file /opt/airflow/dags/trade_fish_dag.py for tasks to queue
[2026-04-15T01:58:52.730+0000] {logging_mixin.py:188} INFO - [2026-04-15T01:58:52.730+0000] {dagbag.py:538} INFO - Filling up the DagBag from /opt/airflow/dags/trade_fish_dag.py
[2026-04-15T01:58:52.762+0000] {processor.py:840} INFO - DAG(s) 'fish_trade_pipeline' retrieved from /opt/airflow/dags/trade_fish_dag.py
[2026-04-15T01:58:52.799+0000] {logging_mixin.py:188} INFO - [2026-04-15T01:58:52.799+0000] {dag.py:3036} INFO - Sync 1 DAGs
[2026-04-15T01:58:52.817+0000] {logging_mixin.py:188} INFO - [2026-04-15T01:58:52.816+0000] {dag.py:3823} INFO - Setting next_dagrun for fish_trade_pipeline to 2026-05-01 10:00:00+00:00, run_after=2026-06-01 10:00:00+00:00
[2026-04-15T01:58:52.834+0000] {processor.py:183} INFO - Processing /opt/airflow/dags/trade_fish_dag.py took 0.112 seconds
[2026-04-15T01:59:23.031+0000] {processor.py:161} INFO - Started process (PID=40710) to work on /opt/airflow/dags/trade_fish_dag.py
[2026-04-15T01:59:23.032+0000] {processor.py:830} INFO - Processing file /opt/airflow/dags/trade_fish_dag.py for tasks to queue
[2026-04-15T01:59:23.033+0000] {logging_mixin.py:188} INFO - [2026-04-15T01:59:23.033+0000] {dagbag.py:538} INFO - Filling up the DagBag from /opt/airflow/dags/trade_fish_dag.py
[2026-04-15T01:59:23.050+0000] {processor.py:840} INFO - DAG(s) 'fish_trade_pipeline' retrieved from /opt/airflow/dags/trade_fish_dag.py
[2026-04-15T01:59:23.077+0000] {logging_mixin.py:188} INFO - [2026-04-15T01:59:23.077+0000] {dag.py:3036} INFO - Sync 1 DAGs
[2026-04-15T01:59:23.094+0000] {logging_mixin.py:188} INFO - [2026-04-15T01:59:23.094+0000] {dag.py:3823} INFO - Setting next_dagrun for fish_trade_pipeline to 2026-05-01 10:00:00+00:00, run_after=2026-06-01 10:00:00+00:00
[2026-04-15T01:59:23.168+0000] {processor.py:183} INFO - Processing /opt/airflow/dags/trade_fish_dag.py took 0.140 seconds
[2026-04-15T01:59:53.333+0000] {processor.py:161} INFO - Started process (PID=40721) to work on /opt/airflow/dags/trade_fish_dag.py
[2026-04-15T01:59:53.337+0000] {processor.py:830} INFO - Processing file /opt/airflow/dags/trade_fish_dag.py for tasks to queue
[2026-04-15T01:59:53.341+0000] {logging_mixin.py:188} INFO - [2026-04-15T01:59:53.341+0000] {dagbag.py:538} INFO - Filling up the DagBag from /opt/airflow/dags/trade_fish_dag.py
[2026-04-15T01:59:53.455+0000] {processor.py:840} INFO - DAG(s) 'fish_trade_pipeline' retrieved from /opt/airflow/dags/trade_fish_dag.py
[2026-04-15T01:59:53.518+0000] {logging_mixin.py:188} INFO - [2026-04-15T01:59:53.518+0000] {dag.py:3036} INFO - Sync 1 DAGs
[2026-04-15T01:59:53.535+0000] {logging_mixin.py:188} INFO - [2026-04-15T01:59:53.535+0000] {dag.py:3823} INFO - Setting next_dagrun for fish_trade_pipeline to 2026-05-01 10:00:00+00:00, run_after=2026-06-01 10:00:00+00:00
[2026-04-15T01:59:53.552+0000] {processor.py:183} INFO - Processing /opt/airflow/dags/trade_fish_dag.py took 0.223 seconds
[2026-04-15T02:00:23.668+0000] {processor.py:161} INFO - Started process (PID=40732) to work on /opt/airflow/dags/trade_fish_dag.py
[2026-04-15T02:00:23.670+0000] {processor.py:830} INFO - Processing file /opt/airflow/dags/trade_fish_dag.py for tasks to queue
[2026-04-15T02:00:23.672+0000] {logging_mixin.py:188} INFO - [2026-04-15T02:00:23.671+0000] {dagbag.py:538} INFO - Filling up the DagBag from /opt/airflow/dags/trade_fish_dag.py
[2026-04-15T02:00:23.723+0000] {processor.py:840} INFO - DAG(s) 'fish_trade_pipeline' retrieved from /opt/airflow/dags/trade_fish_dag.py
[2026-04-15T02:00:23.753+0000] {logging_mixin.py:188} INFO - [2026-04-15T02:00:23.753+0000] {dag.py:3036} INFO - Sync 1 DAGs
[2026-04-15T02:00:23.771+0000] {logging_mixin.py:188} INFO - [2026-04-15T02:00:23.771+0000] {dag.py:3823} INFO - Setting next_dagrun for fish_trade_pipeline to 2026-05-01 10:00:00+00:00, run_after=2026-06-01 10:00:00+00:00
[2026-04-15T02:00:23.788+0000] {processor.py:183} INFO - Processing /opt/airflow/dags/trade_fish_dag.py took 0.127 seconds
[2026-04-15T02:00:54.034+0000] {processor.py:161} INFO - Started process (PID=40743) to work on /opt/airflow/dags/trade_fish_dag.py
[2026-04-15T02:00:54.036+0000] {processor.py:830} INFO - Processing file /opt/airflow/dags/trade_fish_dag.py for tasks to queue
[2026-04-15T02:00:54.037+0000] {logging_mixin.py:188} INFO - [2026-04-15T02:00:54.037+0000] {dagbag.py:538} INFO - Filling up the DagBag from /opt/airflow/dags/trade_fish_dag.py
[2026-04-15T02:00:54.111+0000] {processor.py:840} INFO - DAG(s) 'fish_trade_pipeline' retrieved from /opt/airflow/dags/trade_fish_dag.py
[2026-04-15T02:00:54.149+0000] {logging_mixin.py:188} INFO - [2026-04-15T02:00:54.149+0000] {dag.py:3036} INFO - Sync 1 DAGs
[2026-04-15T02:00:54.165+0000] {logging_mixin.py:188} INFO - [2026-04-15T02:00:54.165+0000] {dag.py:3823} INFO - Setting next_dagrun for fish_trade_pipeline to 2026-05-01 10:00:00+00:00, run_after=2026-06-01 10:00:00+00:00
[2026-04-15T02:00:54.185+0000] {processor.py:183} INFO - Processing /opt/airflow/dags/trade_fish_dag.py took 0.155 seconds
[2026-04-15T02:01:24.511+0000] {processor.py:161} INFO - Started process (PID=40754) to work on /opt/airflow/dags/trade_fish_dag.py
[2026-04-15T02:01:24.512+0000] {processor.py:830} INFO - Processing file /opt/airflow/dags/trade_fish_dag.py for tasks to queue
[2026-04-15T02:01:24.513+0000] {logging_mixin.py:188} INFO - [2026-04-15T02:01:24.513+0000] {dagbag.py:538} INFO - Filling up the DagBag from /opt/airflow/dags/trade_fish_dag.py
[2026-04-15T02:01:24.530+0000] {processor.py:840} INFO - DAG(s) 'fish_trade_pipeline' retrieved from /opt/airflow/dags/trade_fish_dag.py
[2026-04-15T02:01:24.557+0000] {logging_mixin.py:188} INFO - [2026-04-15T02:01:24.557+0000] {dag.py:3036} INFO - Sync 1 DAGs
[2026-04-15T02:01:24.573+0000] {logging_mixin.py:188} INFO - [2026-04-15T02:01:24.573+0000] {dag.py:3823} INFO - Setting next_dagrun for fish_trade_pipeline to 2026-05-01 10:00:00+00:00, run_after=2026-06-01 10:00:00+00:00
[2026-04-15T02:01:24.652+0000] {processor.py:183} INFO - Processing /opt/airflow/dags/trade_fish_dag.py took 0.144 seconds
[2026-04-15T02:01:54.827+0000] {processor.py:161} INFO - Started process (PID=40765) to work on /opt/airflow/dags/trade_fish_dag.py
[2026-04-15T02:01:54.829+0000] {processor.py:830} INFO - Processing file /opt/airflow/dags/trade_fish_dag.py for tasks to queue
[2026-04-15T02:01:54.830+0000] {logging_mixin.py:188} INFO - [2026-04-15T02:01:54.830+0000] {dagbag.py:538} INFO - Filling up the DagBag from /opt/airflow/dags/trade_fish_dag.py
[2026-04-15T02:01:54.855+0000] {processor.py:840} INFO - DAG(s) 'fish_trade_pipeline' retrieved from /opt/airflow/dags/trade_fish_dag.py
[2026-04-15T02:01:54.883+0000] {logging_mixin.py:188} INFO - [2026-04-15T02:01:54.883+0000] {dag.py:3036} INFO - Sync 1 DAGs
[2026-04-15T02:01:54.900+0000] {logging_mixin.py:188} INFO - [2026-04-15T02:01:54.900+0000] {dag.py:3823} INFO - Setting next_dagrun for fish_trade_pipeline to 2026-05-01 10:00:00+00:00, run_after=2026-06-01 10:00:00+00:00
[2026-04-15T02:01:54.917+0000] {processor.py:183} INFO - Processing /opt/airflow/dags/trade_fish_dag.py took 0.092 seconds
[2026-04-15T02:02:25.131+0000] {processor.py:161} INFO - Started process (PID=40776) to work on /opt/airflow/dags/trade_fish_dag.py
[2026-04-15T02:02:25.132+0000] {processor.py:830} INFO - Processing file /opt/airflow/dags/trade_fish_dag.py for tasks to queue
[2026-04-15T02:02:25.133+0000] {logging_mixin.py:188} INFO - [2026-04-15T02:02:25.133+0000] {dagbag.py:538} INFO - Filling up the DagBag from /opt/airflow/dags/trade_fish_dag.py
[2026-04-15T02:02:25.153+0000] {processor.py:840} INFO - DAG(s) 'fish_trade_pipeline' retrieved from /opt/airflow/dags/trade_fish_dag.py
[2026-04-15T02:02:25.185+0000] {logging_mixin.py:188} INFO - [2026-04-15T02:02:25.185+0000] {dag.py:3036} INFO - Sync 1 DAGs
[2026-04-15T02:02:25.203+0000] {logging_mixin.py:188} INFO - [2026-04-15T02:02:25.203+0000] {dag.py:3823} INFO - Setting next_dagrun for fish_trade_pipeline to 2026-05-01 10:00:00+00:00, run_after=2026-06-01 10:00:00+00:00
[2026-04-15T02:02:25.233+0000] {processor.py:183} INFO - Processing /opt/airflow/dags/trade_fish_dag.py took 0.105 seconds
[2026-04-15T02:02:55.366+0000] {processor.py:161} INFO - Started process (PID=40787) to work on /opt/airflow/dags/trade_fish_dag.py
[2026-04-15T02:02:55.367+0000] {processor.py:830} INFO - Processing file /opt/airflow/dags/trade_fish_dag.py for tasks to queue
[2026-04-15T02:02:55.368+0000] {logging_mixin.py:188} INFO - [2026-04-15T02:02:55.368+0000] {dagbag.py:538} INFO - Filling up the DagBag from /opt/airflow/dags/trade_fish_dag.py
[2026-04-15T02:02:55.421+0000] {processor.py:840} INFO - DAG(s) 'fish_trade_pipeline' retrieved from /opt/airflow/dags/trade_fish_dag.py
[2026-04-15T02:02:55.459+0000] {logging_mixin.py:188} INFO - [2026-04-15T02:02:55.459+0000] {dag.py:3036} INFO - Sync 1 DAGs
[2026-04-15T02:02:55.475+0000] {logging_mixin.py:188} INFO - [2026-04-15T02:02:55.474+0000] {dag.py:3823} INFO - Setting next_dagrun for fish_trade_pipeline to 2026-05-01 10:00:00+00:00, run_after=2026-06-01 10:00:00+00:00
[2026-04-15T02:02:55.494+0000] {processor.py:183} INFO - Processing /opt/airflow/dags/trade_fish_dag.py took 0.131 seconds
[2026-04-15T02:03:25.780+0000] {processor.py:161} INFO - Started process (PID=40798) to work on /opt/airflow/dags/trade_fish_dag.py
[2026-04-15T02:03:25.781+0000] {processor.py:830} INFO - Processing file /opt/airflow/dags/trade_fish_dag.py for tasks to queue
[2026-04-15T02:03:25.782+0000] {logging_mixin.py:188} INFO - [2026-04-15T02:03:25.782+0000] {dagbag.py:538} INFO - Filling up the DagBag from /opt/airflow/dags/trade_fish_dag.py
[2026-04-15T02:03:25.806+0000] {processor.py:840} INFO - DAG(s) 'fish_trade_pipeline' retrieved from /opt/airflow/dags/trade_fish_dag.py
[2026-04-15T02:03:25.836+0000] {logging_mixin.py:188} INFO - [2026-04-15T02:03:25.836+0000] {dag.py:3036} INFO - Sync 1 DAGs
[2026-04-15T02:03:25.854+0000] {logging_mixin.py:188} INFO - [2026-04-15T02:03:25.853+0000] {dag.py:3823} INFO - Setting next_dagrun for fish_trade_pipeline to 2026-05-01 10:00:00+00:00, run_after=2026-06-01 10:00:00+00:00
[2026-04-15T02:03:25.886+0000] {processor.py:183} INFO - Processing /opt/airflow/dags/trade_fish_dag.py took 0.111 seconds
[2026-04-15T02:03:55.951+0000] {processor.py:161} INFO - Started process (PID=40809) to work on /opt/airflow/dags/trade_fish_dag.py
[2026-04-15T02:03:55.953+0000] {processor.py:830} INFO - Processing file /opt/airflow/dags/trade_fish_dag.py for tasks to queue
[2026-04-15T02:03:55.954+0000] {logging_mixin.py:188} INFO - [2026-04-15T02:03:55.954+0000] {dagbag.py:538} INFO - Filling up the DagBag from /opt/airflow/dags/trade_fish_dag.py
[2026-04-15T02:03:55.985+0000] {processor.py:840} INFO - DAG(s) 'fish_trade_pipeline' retrieved from /opt/airflow/dags/trade_fish_dag.py
[2026-04-15T02:03:56.016+0000] {logging_mixin.py:188} INFO - [2026-04-15T02:03:56.016+0000] {dag.py:3036} INFO - Sync 1 DAGs
[2026-04-15T02:03:56.034+0000] {logging_mixin.py:188} INFO - [2026-04-15T02:03:56.034+0000] {dag.py:3823} INFO - Setting next_dagrun for fish_trade_pipeline to 2026-05-01 10:00:00+00:00, run_after=2026-06-01 10:00:00+00:00
[2026-04-15T02:03:56.103+0000] {processor.py:183} INFO - Processing /opt/airflow/dags/trade_fish_dag.py took 0.158 seconds
[2026-04-15T02:04:26.299+0000] {processor.py:161} INFO - Started process (PID=40820) to work on /opt/airflow/dags/trade_fish_dag.py
[2026-04-15T02:04:26.301+0000] {processor.py:830} INFO - Processing file /opt/airflow/dags/trade_fish_dag.py for tasks to queue
[2026-04-15T02:04:26.303+0000] {logging_mixin.py:188} INFO - [2026-04-15T02:04:26.302+0000] {dagbag.py:538} INFO - Filling up the DagBag from /opt/airflow/dags/trade_fish_dag.py
[2026-04-15T02:04:26.341+0000] {processor.py:840} INFO - DAG(s) 'fish_trade_pipeline' retrieved from /opt/airflow/dags/trade_fish_dag.py
[2026-04-15T02:04:26.382+0000] {logging_mixin.py:188} INFO - [2026-04-15T02:04:26.381+0000] {dag.py:3036} INFO - Sync 1 DAGs
[2026-04-15T02:04:26.404+0000] {logging_mixin.py:188} INFO - [2026-04-15T02:04:26.404+0000] {dag.py:3823} INFO - Setting next_dagrun for fish_trade_pipeline to 2026-05-01 10:00:00+00:00, run_after=2026-06-01 10:00:00+00:00
[2026-04-15T02:04:26.427+0000] {processor.py:183} INFO - Processing /opt/airflow/dags/trade_fish_dag.py took 0.137 seconds
[2026-04-15T02:04:56.500+0000] {processor.py:161} INFO - Started process (PID=40831) to work on /opt/airflow/dags/trade_fish_dag.py
[2026-04-15T02:04:56.501+0000] {processor.py:830} INFO - Processing file /opt/airflow/dags/trade_fish_dag.py for tasks to queue
[2026-04-15T02:04:56.502+0000] {logging_mixin.py:188} INFO - [2026-04-15T02:04:56.501+0000] {dagbag.py:538} INFO - Filling up the DagBag from /opt/airflow/dags/trade_fish_dag.py
[2026-04-15T02:04:56.526+0000] {processor.py:840} INFO - DAG(s) 'fish_trade_pipeline' retrieved from /opt/airflow/dags/trade_fish_dag.py
[2026-04-15T02:04:56.564+0000] {logging_mixin.py:188} INFO - [2026-04-15T02:04:56.563+0000] {dag.py:3036} INFO - Sync 1 DAGs
[2026-04-15T02:04:56.582+0000] {logging_mixin.py:188} INFO - [2026-04-15T02:04:56.582+0000] {dag.py:3823} INFO - Setting next_dagrun for fish_trade_pipeline to 2026-05-01 10:00:00+00:00, run_after=2026-06-01 10:00:00+00:00
[2026-04-15T02:04:56.599+0000] {processor.py:183} INFO - Processing /opt/airflow/dags/trade_fish_dag.py took 0.102 seconds
[2026-04-15T02:05:26.706+0000] {processor.py:161} INFO - Started process (PID=40842) to work on /opt/airflow/dags/trade_fish_dag.py
[2026-04-15T02:05:26.707+0000] {processor.py:830} INFO - Processing file /opt/airflow/dags/trade_fish_dag.py for tasks to queue
[2026-04-15T02:05:26.708+0000] {logging_mixin.py:188} INFO - [2026-04-15T02:05:26.708+0000] {dagbag.py:538} INFO - Filling up the DagBag from /opt/airflow/dags/trade_fish_dag.py
[2026-04-15T02:05:26.726+0000] {processor.py:840} INFO - DAG(s) 'fish_trade_pipeline' retrieved from /opt/airflow/dags/trade_fish_dag.py
[2026-04-15T02:05:26.754+0000] {logging_mixin.py:188} INFO - [2026-04-15T02:05:26.754+0000] {dag.py:3036} INFO - Sync 1 DAGs
[2026-04-15T02:05:26.771+0000] {logging_mixin.py:188} INFO - [2026-04-15T02:05:26.771+0000] {dag.py:3823} INFO - Setting next_dagrun for fish_trade_pipeline to 2026-05-01 10:00:00+00:00, run_after=2026-06-01 10:00:00+00:00
[2026-04-15T02:05:26.789+0000] {processor.py:183} INFO - Processing /opt/airflow/dags/trade_fish_dag.py took 0.087 seconds
[2026-04-15T02:05:57.039+0000] {processor.py:161} INFO - Started process (PID=40853) to work on /opt/airflow/dags/trade_fish_dag.py
[2026-04-15T02:05:57.040+0000] {processor.py:830} INFO - Processing file /opt/airflow/dags/trade_fish_dag.py for tasks to queue
[2026-04-15T02:05:57.042+0000] {logging_mixin.py:188} INFO - [2026-04-15T02:05:57.041+0000] {dagbag.py:538} INFO - Filling up the DagBag from /opt/airflow/dags/trade_fish_dag.py
[2026-04-15T02:05:57.126+0000] {processor.py:840} INFO - DAG(s) 'fish_trade_pipeline' retrieved from /opt/airflow/dags/trade_fish_dag.py
[2026-04-15T02:05:57.168+0000] {logging_mixin.py:188} INFO - [2026-04-15T02:05:57.168+0000] {dag.py:3036} INFO - Sync 1 DAGs
[2026-04-15T02:05:57.184+0000] {logging_mixin.py:188} INFO - [2026-04-15T02:05:57.184+0000] {dag.py:3823} INFO - Setting next_dagrun for fish_trade_pipeline to 2026-05-01 10:00:00+00:00, run_after=2026-06-01 10:00:00+00:00
[2026-04-15T02:05:57.201+0000] {processor.py:183} INFO - Processing /opt/airflow/dags/trade_fish_dag.py took 0.165 seconds
[2026-04-15T02:06:27.499+0000] {processor.py:161} INFO - Started process (PID=40864) to work on /opt/airflow/dags/trade_fish_dag.py
[2026-04-15T02:06:27.501+0000] {processor.py:830} INFO - Processing file /opt/airflow/dags/trade_fish_dag.py for tasks to queue
[2026-04-15T02:06:27.503+0000] {logging_mixin.py:188} INFO - [2026-04-15T02:06:27.502+0000] {dagbag.py:538} INFO - Filling up the DagBag from /opt/airflow/dags/trade_fish_dag.py
[2026-04-15T02:06:27.529+0000] {processor.py:840} INFO - DAG(s) 'fish_trade_pipeline' retrieved from /opt/airflow/dags/trade_fish_dag.py
[2026-04-15T02:06:27.560+0000] {logging_mixin.py:188} INFO - [2026-04-15T02:06:27.560+0000] {dag.py:3036} INFO - Sync 1 DAGs
[2026-04-15T02:06:27.578+0000] {logging_mixin.py:188} INFO - [2026-04-15T02:06:27.578+0000] {dag.py:3823} INFO - Setting next_dagrun for fish_trade_pipeline to 2026-05-01 10:00:00+00:00, run_after=2026-06-01 10:00:00+00:00
[2026-04-15T02:06:27.649+0000] {processor.py:183} INFO - Processing /opt/airflow/dags/trade_fish_dag.py took 0.152 seconds
[2026-04-15T02:06:57.764+0000] {processor.py:161} INFO - Started process (PID=40875) to work on /opt/airflow/dags/trade_fish_dag.py
[2026-04-15T02:06:57.765+0000] {processor.py:830} INFO - Processing file /opt/airflow/dags/trade_fish_dag.py for tasks to queue
[2026-04-15T02:06:57.766+0000] {logging_mixin.py:188} INFO - [2026-04-15T02:06:57.766+0000] {dagbag.py:538} INFO - Filling up the DagBag from /opt/airflow/dags/trade_fish_dag.py
[2026-04-15T02:06:57.796+0000] {processor.py:840} INFO - DAG(s) 'fish_trade_pipeline' retrieved from /opt/airflow/dags/trade_fish_dag.py
[2026-04-15T02:06:57.839+0000] {logging_mixin.py:188} INFO - [2026-04-15T02:06:57.839+0000] {dag.py:3036} INFO - Sync 1 DAGs
[2026-04-15T02:06:57.858+0000] {logging_mixin.py:188} INFO - [2026-04-15T02:06:57.858+0000] {dag.py:3823} INFO - Setting next_dagrun for fish_trade_pipeline to 2026-05-01 10:00:00+00:00, run_after=2026-06-01 10:00:00+00:00
[2026-04-15T02:06:57.878+0000] {processor.py:183} INFO - Processing /opt/airflow/dags/trade_fish_dag.py took 0.117 seconds
[2026-04-15T02:07:28.087+0000] {processor.py:161} INFO - Started process (PID=40886) to work on /opt/airflow/dags/trade_fish_dag.py
[2026-04-15T02:07:28.088+0000] {processor.py:830} INFO - Processing file /opt/airflow/dags/trade_fish_dag.py for tasks to queue
[2026-04-15T02:07:28.089+0000] {logging_mixin.py:188} INFO - [2026-04-15T02:07:28.089+0000] {dagbag.py:538} INFO - Filling up the DagBag from /opt/airflow/dags/trade_fish_dag.py
[2026-04-15T02:07:28.118+0000] {processor.py:840} INFO - DAG(s) 'fish_trade_pipeline' retrieved from /opt/airflow/dags/trade_fish_dag.py
[2026-04-15T02:07:28.149+0000] {logging_mixin.py:188} INFO - [2026-04-15T02:07:28.148+0000] {dag.py:3036} INFO - Sync 1 DAGs
[2026-04-15T02:07:28.166+0000] {logging_mixin.py:188} INFO - [2026-04-15T02:07:28.166+0000] {dag.py:3823} INFO - Setting next_dagrun for fish_trade_pipeline to 2026-05-01 10:00:00+00:00, run_after=2026-06-01 10:00:00+00:00
[2026-04-15T02:07:28.238+0000] {processor.py:183} INFO - Processing /opt/airflow/dags/trade_fish_dag.py took 0.154 seconds
[2026-04-15T02:07:58.457+0000] {processor.py:161} INFO - Started process (PID=40897) to work on /opt/airflow/dags/trade_fish_dag.py
[2026-04-15T02:07:58.459+0000] {processor.py:830} INFO - Processing file /opt/airflow/dags/trade_fish_dag.py for tasks to queue
[2026-04-15T02:07:58.461+0000] {logging_mixin.py:188} INFO - [2026-04-15T02:07:58.461+0000] {dagbag.py:538} INFO - Filling up the DagBag from /opt/airflow/dags/trade_fish_dag.py
[2026-04-15T02:07:58.495+0000] {processor.py:840} INFO - DAG(s) 'fish_trade_pipeline' retrieved from /opt/airflow/dags/trade_fish_dag.py
[2026-04-15T02:07:58.531+0000] {logging_mixin.py:188} INFO - [2026-04-15T02:07:58.530+0000] {dag.py:3036} INFO - Sync 1 DAGs
[2026-04-15T02:07:58.548+0000] {logging_mixin.py:188} INFO - [2026-04-15T02:07:58.548+0000] {dag.py:3823} INFO - Setting next_dagrun for fish_trade_pipeline to 2026-05-01 10:00:00+00:00, run_after=2026-06-01 10:00:00+00:00
[2026-04-15T02:07:58.569+0000] {processor.py:183} INFO - Processing /opt/airflow/dags/trade_fish_dag.py took 0.117 seconds
[2026-04-15T02:08:28.737+0000] {processor.py:161} INFO - Started process (PID=40908) to work on /opt/airflow/dags/trade_fish_dag.py
[2026-04-15T02:08:28.739+0000] {processor.py:830} INFO - Processing file /opt/airflow/dags/trade_fish_dag.py for tasks to queue
[2026-04-15T02:08:28.740+0000] {logging_mixin.py:188} INFO - [2026-04-15T02:08:28.739+0000] {dagbag.py:538} INFO - Filling up the DagBag from /opt/airflow/dags/trade_fish_dag.py
[2026-04-15T02:08:28.769+0000] {processor.py:840} INFO - DAG(s) 'fish_trade_pipeline' retrieved from /opt/airflow/dags/trade_fish_dag.py
[2026-04-15T02:08:28.798+0000] {logging_mixin.py:188} INFO - [2026-04-15T02:08:28.798+0000] {dag.py:3036} INFO - Sync 1 DAGs
[2026-04-15T02:08:28.817+0000] {logging_mixin.py:188} INFO - [2026-04-15T02:08:28.817+0000] {dag.py:3823} INFO - Setting next_dagrun for fish_trade_pipeline to 2026-05-01 10:00:00+00:00, run_after=2026-06-01 10:00:00+00:00
[2026-04-15T02:08:28.836+0000] {processor.py:183} INFO - Processing /opt/airflow/dags/trade_fish_dag.py took 0.102 seconds
[2026-04-15T02:08:58.998+0000] {processor.py:161} INFO - Started process (PID=40925) to work on /opt/airflow/dags/trade_fish_dag.py
[2026-04-15T02:08:59.000+0000] {processor.py:830} INFO - Processing file /opt/airflow/dags/trade_fish_dag.py for tasks to queue
[2026-04-15T02:08:59.001+0000] {logging_mixin.py:188} INFO - [2026-04-15T02:08:59.001+0000] {dagbag.py:538} INFO - Filling up the DagBag from /opt/airflow/dags/trade_fish_dag.py
[2026-04-15T02:08:59.034+0000] {processor.py:840} INFO - DAG(s) 'fish_trade_pipeline' retrieved from /opt/airflow/dags/trade_fish_dag.py
[2026-04-15T02:08:59.082+0000] {logging_mixin.py:188} INFO - [2026-04-15T02:08:59.082+0000] {dag.py:3036} INFO - Sync 1 DAGs
[2026-04-15T02:08:59.102+0000] {logging_mixin.py:188} INFO - [2026-04-15T02:08:59.102+0000] {dag.py:3823} INFO - Setting next_dagrun for fish_trade_pipeline to 2026-05-01 10:00:00+00:00, run_after=2026-06-01 10:00:00+00:00
[2026-04-15T02:08:59.123+0000] {processor.py:183} INFO - Processing /opt/airflow/dags/trade_fish_dag.py took 0.129 seconds
[2026-04-15T02:09:29.214+0000] {processor.py:161} INFO - Started process (PID=40936) to work on /opt/airflow/dags/trade_fish_dag.py
[2026-04-15T02:09:29.215+0000] {processor.py:830} INFO - Processing file /opt/airflow/dags/trade_fish_dag.py for tasks to queue
[2026-04-15T02:09:29.216+0000] {logging_mixin.py:188} INFO - [2026-04-15T02:09:29.216+0000] {dagbag.py:538} INFO - Filling up the DagBag from /opt/airflow/dags/trade_fish_dag.py
[2026-04-15T02:09:29.246+0000] {processor.py:840} INFO - DAG(s) 'fish_trade_pipeline' retrieved from /opt/airflow/dags/trade_fish_dag.py
[2026-04-15T02:09:29.279+0000] {logging_mixin.py:188} INFO - [2026-04-15T02:09:29.279+0000] {dag.py:3036} INFO - Sync 1 DAGs
[2026-04-15T02:09:29.300+0000] {logging_mixin.py:188} INFO - [2026-04-15T02:09:29.299+0000] {dag.py:3823} INFO - Setting next_dagrun for fish_trade_pipeline to 2026-05-01 10:00:00+00:00, run_after=2026-06-01 10:00:00+00:00
[2026-04-15T02:09:29.321+0000] {processor.py:183} INFO - Processing /opt/airflow/dags/trade_fish_dag.py took 0.111 seconds
[2026-04-15T02:09:59.471+0000] {processor.py:161} INFO - Started process (PID=40947) to work on /opt/airflow/dags/trade_fish_dag.py
[2026-04-15T02:09:59.473+0000] {processor.py:830} INFO - Processing file /opt/airflow/dags/trade_fish_dag.py for tasks to queue
[2026-04-15T02:09:59.474+0000] {logging_mixin.py:188} INFO - [2026-04-15T02:09:59.474+0000] {dagbag.py:538} INFO - Filling up the DagBag from /opt/airflow/dags/trade_fish_dag.py
[2026-04-15T02:09:59.510+0000] {processor.py:840} INFO - DAG(s) 'fish_trade_pipeline' retrieved from /opt/airflow/dags/trade_fish_dag.py
[2026-04-15T02:09:59.558+0000] {logging_mixin.py:188} INFO - [2026-04-15T02:09:59.558+0000] {dag.py:3036} INFO - Sync 1 DAGs
[2026-04-15T02:09:59.577+0000] {logging_mixin.py:188} INFO - [2026-04-15T02:09:59.577+0000] {dag.py:3823} INFO - Setting next_dagrun for fish_trade_pipeline to 2026-05-01 10:00:00+00:00, run_after=2026-06-01 10:00:00+00:00
[2026-04-15T02:09:59.599+0000] {processor.py:183} INFO - Processing /opt/airflow/dags/trade_fish_dag.py took 0.130 seconds
[2026-04-15T02:10:29.722+0000] {processor.py:161} INFO - Started process (PID=40958) to work on /opt/airflow/dags/trade_fish_dag.py
[2026-04-15T02:10:29.724+0000] {processor.py:830} INFO - Processing file /opt/airflow/dags/trade_fish_dag.py for tasks to queue
[2026-04-15T02:10:29.725+0000] {logging_mixin.py:188} INFO - [2026-04-15T02:10:29.725+0000] {dagbag.py:538} INFO - Filling up the DagBag from /opt/airflow/dags/trade_fish_dag.py
[2026-04-15T02:10:29.756+0000] {processor.py:840} INFO - DAG(s) 'fish_trade_pipeline' retrieved from /opt/airflow/dags/trade_fish_dag.py
[2026-04-15T02:10:29.848+0000] {logging_mixin.py:188} INFO - [2026-04-15T02:10:29.847+0000] {dag.py:3036} INFO - Sync 1 DAGs
[2026-04-15T02:10:29.865+0000] {logging_mixin.py:188} INFO - [2026-04-15T02:10:29.865+0000] {dag.py:3823} INFO - Setting next_dagrun for fish_trade_pipeline to 2026-05-01 10:00:00+00:00, run_after=2026-06-01 10:00:00+00:00
[2026-04-15T02:10:29.883+0000] {processor.py:183} INFO - Processing /opt/airflow/dags/trade_fish_dag.py took 0.164 seconds
[2026-04-15T02:11:00.109+0000] {processor.py:161} INFO - Started process (PID=40969) to work on /opt/airflow/dags/trade_fish_dag.py
[2026-04-15T02:11:00.110+0000] {processor.py:830} INFO - Processing file /opt/airflow/dags/trade_fish_dag.py for tasks to queue
[2026-04-15T02:11:00.112+0000] {logging_mixin.py:188} INFO - [2026-04-15T02:11:00.111+0000] {dagbag.py:538} INFO - Filling up the DagBag from /opt/airflow/dags/trade_fish_dag.py
[2026-04-15T02:11:00.149+0000] {processor.py:840} INFO - DAG(s) 'fish_trade_pipeline' retrieved from /opt/airflow/dags/trade_fish_dag.py
[2026-04-15T02:11:00.193+0000] {logging_mixin.py:188} INFO - [2026-04-15T02:11:00.193+0000] {dag.py:3036} INFO - Sync 1 DAGs
[2026-04-15T02:11:00.211+0000] {logging_mixin.py:188} INFO - [2026-04-15T02:11:00.210+0000] {dag.py:3823} INFO - Setting next_dagrun for fish_trade_pipeline to 2026-05-01 10:00:00+00:00, run_after=2026-06-01 10:00:00+00:00
[2026-04-15T02:11:00.233+0000] {processor.py:183} INFO - Processing /opt/airflow/dags/trade_fish_dag.py took 0.126 seconds
[2026-04-15T02:11:30.387+0000] {processor.py:161} INFO - Started process (PID=40980) to work on /opt/airflow/dags/trade_fish_dag.py
[2026-04-15T02:11:30.389+0000] {processor.py:830} INFO - Processing file /opt/airflow/dags/trade_fish_dag.py for tasks to queue
[2026-04-15T02:11:30.390+0000] {logging_mixin.py:188} INFO - [2026-04-15T02:11:30.390+0000] {dagbag.py:538} INFO - Filling up the DagBag from /opt/airflow/dags/trade_fish_dag.py
[2026-04-15T02:11:30.425+0000] {processor.py:840} INFO - DAG(s) 'fish_trade_pipeline' retrieved from /opt/airflow/dags/trade_fish_dag.py
[2026-04-15T02:11:30.458+0000] {logging_mixin.py:188} INFO - [2026-04-15T02:11:30.458+0000] {dag.py:3036} INFO - Sync 1 DAGs
[2026-04-15T02:11:30.474+0000] {logging_mixin.py:188} INFO - [2026-04-15T02:11:30.474+0000] {dag.py:3823} INFO - Setting next_dagrun for fish_trade_pipeline to 2026-05-01 10:00:00+00:00, run_after=2026-06-01 10:00:00+00:00
[2026-04-15T02:11:30.490+0000] {processor.py:183} INFO - Processing /opt/airflow/dags/trade_fish_dag.py took 0.106 seconds
[2026-04-15T02:12:00.713+0000] {processor.py:161} INFO - Started process (PID=40992) to work on /opt/airflow/dags/trade_fish_dag.py
[2026-04-15T02:12:00.714+0000] {processor.py:830} INFO - Processing file /opt/airflow/dags/trade_fish_dag.py for tasks to queue
[2026-04-15T02:12:00.716+0000] {logging_mixin.py:188} INFO - [2026-04-15T02:12:00.716+0000] {dagbag.py:538} INFO - Filling up the DagBag from /opt/airflow/dags/trade_fish_dag.py
[2026-04-15T02:12:00.747+0000] {processor.py:840} INFO - DAG(s) 'fish_trade_pipeline' retrieved from /opt/airflow/dags/trade_fish_dag.py
[2026-04-15T02:12:00.780+0000] {logging_mixin.py:188} INFO - [2026-04-15T02:12:00.779+0000] {dag.py:3036} INFO - Sync 1 DAGs
[2026-04-15T02:12:00.795+0000] {logging_mixin.py:188} INFO - [2026-04-15T02:12:00.795+0000] {dag.py:3823} INFO - Setting next_dagrun for fish_trade_pipeline to 2026-05-01 10:00:00+00:00, run_after=2026-06-01 10:00:00+00:00
[2026-04-15T02:12:00.813+0000] {processor.py:183} INFO - Processing /opt/airflow/dags/trade_fish_dag.py took 0.105 seconds
[2026-04-15T02:12:30.939+0000] {processor.py:161} INFO - Started process (PID=41003) to work on /opt/airflow/dags/trade_fish_dag.py
[2026-04-15T02:12:30.941+0000] {processor.py:830} INFO - Processing file /opt/airflow/dags/trade_fish_dag.py for tasks to queue
[2026-04-15T02:12:30.942+0000] {logging_mixin.py:188} INFO - [2026-04-15T02:12:30.942+0000] {dagbag.py:538} INFO - Filling up the DagBag from /opt/airflow/dags/trade_fish_dag.py
[2026-04-15T02:12:30.986+0000] {processor.py:840} INFO - DAG(s) 'fish_trade_pipeline' retrieved from /opt/airflow/dags/trade_fish_dag.py
[2026-04-15T02:12:31.024+0000] {logging_mixin.py:188} INFO - [2026-04-15T02:12:31.024+0000] {dag.py:3036} INFO - Sync 1 DAGs
[2026-04-15T02:12:31.042+0000] {logging_mixin.py:188} INFO - [2026-04-15T02:12:31.041+0000] {dag.py:3823} INFO - Setting next_dagrun for fish_trade_pipeline to 2026-05-01 10:00:00+00:00, run_after=2026-06-01 10:00:00+00:00
[2026-04-15T02:12:31.116+0000] {processor.py:183} INFO - Processing /opt/airflow/dags/trade_fish_dag.py took 0.181 seconds
[2026-04-15T02:13:01.312+0000] {processor.py:161} INFO - Started process (PID=41014) to work on /opt/airflow/dags/trade_fish_dag.py
[2026-04-15T02:13:01.314+0000] {processor.py:830} INFO - Processing file /opt/airflow/dags/trade_fish_dag.py for tasks to queue
[2026-04-15T02:13:01.316+0000] {logging_mixin.py:188} INFO - [2026-04-15T02:13:01.315+0000] {dagbag.py:538} INFO - Filling up the DagBag from /opt/airflow/dags/trade_fish_dag.py
[2026-04-15T02:13:01.355+0000] {processor.py:840} INFO - DAG(s) 'fish_trade_pipeline' retrieved from /opt/airflow/dags/trade_fish_dag.py
[2026-04-15T02:13:01.391+0000] {logging_mixin.py:188} INFO - [2026-04-15T02:13:01.391+0000] {dag.py:3036} INFO - Sync 1 DAGs
[2026-04-15T02:13:01.411+0000] {logging_mixin.py:188} INFO - [2026-04-15T02:13:01.411+0000] {dag.py:3823} INFO - Setting next_dagrun for fish_trade_pipeline to 2026-05-01 10:00:00+00:00, run_after=2026-06-01 10:00:00+00:00
[2026-04-15T02:13:01.433+0000] {processor.py:183} INFO - Processing /opt/airflow/dags/trade_fish_dag.py took 0.123 seconds
[2026-04-15T02:13:31.525+0000] {processor.py:161} INFO - Started process (PID=41025) to work on /opt/airflow/dags/trade_fish_dag.py
[2026-04-15T02:13:31.526+0000] {processor.py:830} INFO - Processing file /opt/airflow/dags/trade_fish_dag.py for tasks to queue
[2026-04-15T02:13:31.528+0000] {logging_mixin.py:188} INFO - [2026-04-15T02:13:31.527+0000] {dagbag.py:538} INFO - Filling up the DagBag from /opt/airflow/dags/trade_fish_dag.py
[2026-04-15T02:13:31.562+0000] {processor.py:840} INFO - DAG(s) 'fish_trade_pipeline' retrieved from /opt/airflow/dags/trade_fish_dag.py
[2026-04-15T02:13:31.611+0000] {logging_mixin.py:188} INFO - [2026-04-15T02:13:31.611+0000] {dag.py:3036} INFO - Sync 1 DAGs
[2026-04-15T02:13:31.633+0000] {logging_mixin.py:188} INFO - [2026-04-15T02:13:31.633+0000] {dag.py:3823} INFO - Setting next_dagrun for fish_trade_pipeline to 2026-05-01 10:00:00+00:00, run_after=2026-06-01 10:00:00+00:00
[2026-04-15T02:13:31.658+0000] {processor.py:183} INFO - Processing /opt/airflow/dags/trade_fish_dag.py took 0.137 seconds
[2026-04-15T02:14:01.825+0000] {processor.py:161} INFO - Started process (PID=41036) to work on /opt/airflow/dags/trade_fish_dag.py
[2026-04-15T02:14:01.827+0000] {processor.py:830} INFO - Processing file /opt/airflow/dags/trade_fish_dag.py for tasks to queue
[2026-04-15T02:14:01.828+0000] {logging_mixin.py:188} INFO - [2026-04-15T02:14:01.827+0000] {dagbag.py:538} INFO - Filling up the DagBag from /opt/airflow/dags/trade_fish_dag.py
[2026-04-15T02:14:01.913+0000] {processor.py:840} INFO - DAG(s) 'fish_trade_pipeline' retrieved from /opt/airflow/dags/trade_fish_dag.py
[2026-04-15T02:14:01.948+0000] {logging_mixin.py:188} INFO - [2026-04-15T02:14:01.948+0000] {dag.py:3036} INFO - Sync 1 DAGs
[2026-04-15T02:14:01.966+0000] {logging_mixin.py:188} INFO - [2026-04-15T02:14:01.965+0000] {dag.py:3823} INFO - Setting next_dagrun for fish_trade_pipeline to 2026-05-01 10:00:00+00:00, run_after=2026-06-01 10:00:00+00:00
[2026-04-15T02:14:01.984+0000] {processor.py:183} INFO - Processing /opt/airflow/dags/trade_fish_dag.py took 0.161 seconds
[2026-04-15T02:14:32.081+0000] {processor.py:161} INFO - Started process (PID=41047) to work on /opt/airflow/dags/trade_fish_dag.py
[2026-04-15T02:14:32.082+0000] {processor.py:830} INFO - Processing file /opt/airflow/dags/trade_fish_dag.py for tasks to queue
[2026-04-15T02:14:32.083+0000] {logging_mixin.py:188} INFO - [2026-04-15T02:14:32.082+0000] {dagbag.py:538} INFO - Filling up the DagBag from /opt/airflow/dags/trade_fish_dag.py
[2026-04-15T02:14:32.104+0000] {processor.py:840} INFO - DAG(s) 'fish_trade_pipeline' retrieved from /opt/airflow/dags/trade_fish_dag.py
[2026-04-15T02:14:32.136+0000] {logging_mixin.py:188} INFO - [2026-04-15T02:14:32.136+0000] {dag.py:3036} INFO - Sync 1 DAGs
[2026-04-15T02:14:32.153+0000] {logging_mixin.py:188} INFO - [2026-04-15T02:14:32.153+0000] {dag.py:3823} INFO - Setting next_dagrun for fish_trade_pipeline to 2026-05-01 10:00:00+00:00, run_after=2026-06-01 10:00:00+00:00
[2026-04-15T02:14:32.179+0000] {processor.py:183} INFO - Processing /opt/airflow/dags/trade_fish_dag.py took 0.101 seconds
[2026-04-15T02:15:02.348+0000] {processor.py:161} INFO - Started process (PID=41058) to work on /opt/airflow/dags/trade_fish_dag.py
[2026-04-15T02:15:02.350+0000] {processor.py:830} INFO - Processing file /opt/airflow/dags/trade_fish_dag.py for tasks to queue
[2026-04-15T02:15:02.352+0000] {logging_mixin.py:188} INFO - [2026-04-15T02:15:02.351+0000] {dagbag.py:538} INFO - Filling up the DagBag from /opt/airflow/dags/trade_fish_dag.py
[2026-04-15T02:15:02.399+0000] {processor.py:840} INFO - DAG(s) 'fish_trade_pipeline' retrieved from /opt/airflow/dags/trade_fish_dag.py
[2026-04-15T02:15:02.441+0000] {logging_mixin.py:188} INFO - [2026-04-15T02:15:02.440+0000] {dag.py:3036} INFO - Sync 1 DAGs
[2026-04-15T02:15:02.460+0000] {logging_mixin.py:188} INFO - [2026-04-15T02:15:02.459+0000] {dag.py:3823} INFO - Setting next_dagrun for fish_trade_pipeline to 2026-05-01 10:00:00+00:00, run_after=2026-06-01 10:00:00+00:00
[2026-04-15T02:15:02.478+0000] {processor.py:183} INFO - Processing /opt/airflow/dags/trade_fish_dag.py took 0.133 seconds
[2026-04-15T02:15:32.647+0000] {processor.py:161} INFO - Started process (PID=41069) to work on /opt/airflow/dags/trade_fish_dag.py
[2026-04-15T02:15:32.651+0000] {processor.py:830} INFO - Processing file /opt/airflow/dags/trade_fish_dag.py for tasks to queue
[2026-04-15T02:15:32.652+0000] {logging_mixin.py:188} INFO - [2026-04-15T02:15:32.652+0000] {dagbag.py:538} INFO - Filling up the DagBag from /opt/airflow/dags/trade_fish_dag.py
[2026-04-15T02:15:32.690+0000] {processor.py:840} INFO - DAG(s) 'fish_trade_pipeline' retrieved from /opt/airflow/dags/trade_fish_dag.py
[2026-04-15T02:15:32.722+0000] {logging_mixin.py:188} INFO - [2026-04-15T02:15:32.722+0000] {dag.py:3036} INFO - Sync 1 DAGs
[2026-04-15T02:15:32.740+0000] {logging_mixin.py:188} INFO - [2026-04-15T02:15:32.740+0000] {dag.py:3823} INFO - Setting next_dagrun for fish_trade_pipeline to 2026-05-01 10:00:00+00:00, run_after=2026-06-01 10:00:00+00:00
[2026-04-15T02:15:32.760+0000] {processor.py:183} INFO - Processing /opt/airflow/dags/trade_fish_dag.py took 0.116 seconds
[2026-04-15T02:16:02.912+0000] {processor.py:161} INFO - Started process (PID=41080) to work on /opt/airflow/dags/trade_fish_dag.py
[2026-04-15T02:16:02.914+0000] {processor.py:830} INFO - Processing file /opt/airflow/dags/trade_fish_dag.py for tasks to queue
[2026-04-15T02:16:02.915+0000] {logging_mixin.py:188} INFO - [2026-04-15T02:16:02.914+0000] {dagbag.py:538} INFO - Filling up the DagBag from /opt/airflow/dags/trade_fish_dag.py
[2026-04-15T02:16:02.962+0000] {processor.py:840} INFO - DAG(s) 'fish_trade_pipeline' retrieved from /opt/airflow/dags/trade_fish_dag.py
[2026-04-15T02:16:03.005+0000] {logging_mixin.py:188} INFO - [2026-04-15T02:16:03.005+0000] {dag.py:3036} INFO - Sync 1 DAGs
[2026-04-15T02:16:03.023+0000] {logging_mixin.py:188} INFO - [2026-04-15T02:16:03.022+0000] {dag.py:3823} INFO - Setting next_dagrun for fish_trade_pipeline to 2026-05-01 10:00:00+00:00, run_after=2026-06-01 10:00:00+00:00
[2026-04-15T02:16:03.040+0000] {processor.py:183} INFO - Processing /opt/airflow/dags/trade_fish_dag.py took 0.131 seconds
[2026-04-15T02:16:33.222+0000] {processor.py:161} INFO - Started process (PID=41091) to work on /opt/airflow/dags/trade_fish_dag.py
[2026-04-15T02:16:33.223+0000] {processor.py:830} INFO - Processing file /opt/airflow/dags/trade_fish_dag.py for tasks to queue
[2026-04-15T02:16:33.223+0000] {logging_mixin.py:188} INFO - [2026-04-15T02:16:33.223+0000] {dagbag.py:538} INFO - Filling up the DagBag from /opt/airflow/dags/trade_fish_dag.py
[2026-04-15T02:16:33.243+0000] {processor.py:840} INFO - DAG(s) 'fish_trade_pipeline' retrieved from /opt/airflow/dags/trade_fish_dag.py
[2026-04-15T02:16:33.269+0000] {logging_mixin.py:188} INFO - [2026-04-15T02:16:33.269+0000] {dag.py:3036} INFO - Sync 1 DAGs
[2026-04-15T02:16:33.284+0000] {logging_mixin.py:188} INFO - [2026-04-15T02:16:33.284+0000] {dag.py:3823} INFO - Setting next_dagrun for fish_trade_pipeline to 2026-05-01 10:00:00+00:00, run_after=2026-06-01 10:00:00+00:00
[2026-04-15T02:16:33.305+0000] {processor.py:183} INFO - Processing /opt/airflow/dags/trade_fish_dag.py took 0.086 seconds
[2026-04-15T02:17:03.421+0000] {processor.py:161} INFO - Started process (PID=41102) to work on /opt/airflow/dags/trade_fish_dag.py
[2026-04-15T02:17:03.422+0000] {processor.py:830} INFO - Processing file /opt/airflow/dags/trade_fish_dag.py for tasks to queue
[2026-04-15T02:17:03.424+0000] {logging_mixin.py:188} INFO - [2026-04-15T02:17:03.423+0000] {dagbag.py:538} INFO - Filling up the DagBag from /opt/airflow/dags/trade_fish_dag.py
[2026-04-15T02:17:03.455+0000] {processor.py:840} INFO - DAG(s) 'fish_trade_pipeline' retrieved from /opt/airflow/dags/trade_fish_dag.py
[2026-04-15T02:17:03.487+0000] {logging_mixin.py:188} INFO - [2026-04-15T02:17:03.487+0000] {dag.py:3036} INFO - Sync 1 DAGs
[2026-04-15T02:17:03.505+0000] {logging_mixin.py:188} INFO - [2026-04-15T02:17:03.505+0000] {dag.py:3823} INFO - Setting next_dagrun for fish_trade_pipeline to 2026-05-01 10:00:00+00:00, run_after=2026-06-01 10:00:00+00:00
[2026-04-15T02:17:03.523+0000] {processor.py:183} INFO - Processing /opt/airflow/dags/trade_fish_dag.py took 0.105 seconds
[2026-04-15T02:17:34.017+0000] {processor.py:161} INFO - Started process (PID=41113) to work on /opt/airflow/dags/trade_fish_dag.py
[2026-04-15T02:17:34.020+0000] {processor.py:830} INFO - Processing file /opt/airflow/dags/trade_fish_dag.py for tasks to queue
[2026-04-15T02:17:34.022+0000] {logging_mixin.py:188} INFO - [2026-04-15T02:17:34.022+0000] {dagbag.py:538} INFO - Filling up the DagBag from /opt/airflow/dags/trade_fish_dag.py
[2026-04-15T02:17:34.079+0000] {processor.py:840} INFO - DAG(s) 'fish_trade_pipeline' retrieved from /opt/airflow/dags/trade_fish_dag.py
[2026-04-15T02:17:34.114+0000] {logging_mixin.py:188} INFO - [2026-04-15T02:17:34.114+0000] {dag.py:3036} INFO - Sync 1 DAGs
[2026-04-15T02:17:34.134+0000] {logging_mixin.py:188} INFO - [2026-04-15T02:17:34.134+0000] {dag.py:3823} INFO - Setting next_dagrun for fish_trade_pipeline to 2026-05-01 10:00:00+00:00, run_after=2026-06-01 10:00:00+00:00
[2026-04-15T02:17:34.202+0000] {processor.py:183} INFO - Processing /opt/airflow/dags/trade_fish_dag.py took 0.190 seconds
[2026-04-15T02:18:04.275+0000] {processor.py:161} INFO - Started process (PID=41124) to work on /opt/airflow/dags/trade_fish_dag.py
[2026-04-15T02:18:04.277+0000] {processor.py:830} INFO - Processing file /opt/airflow/dags/trade_fish_dag.py for tasks to queue
[2026-04-15T02:18:04.278+0000] {logging_mixin.py:188} INFO - [2026-04-15T02:18:04.278+0000] {dagbag.py:538} INFO - Filling up the DagBag from /opt/airflow/dags/trade_fish_dag.py
[2026-04-15T02:18:04.317+0000] {processor.py:840} INFO - DAG(s) 'fish_trade_pipeline' retrieved from /opt/airflow/dags/trade_fish_dag.py
[2026-04-15T02:18:04.360+0000] {logging_mixin.py:188} INFO - [2026-04-15T02:18:04.359+0000] {dag.py:3036} INFO - Sync 1 DAGs
[2026-04-15T02:18:04.387+0000] {logging_mixin.py:188} INFO - [2026-04-15T02:18:04.387+0000] {dag.py:3823} INFO - Setting next_dagrun for fish_trade_pipeline to 2026-05-01 10:00:00+00:00, run_after=2026-06-01 10:00:00+00:00
[2026-04-15T02:18:04.408+0000] {processor.py:183} INFO - Processing /opt/airflow/dags/trade_fish_dag.py took 0.137 seconds
[2026-04-15T02:18:34.688+0000] {processor.py:161} INFO - Started process (PID=41135) to work on /opt/airflow/dags/trade_fish_dag.py
[2026-04-15T02:18:34.690+0000] {processor.py:830} INFO - Processing file /opt/airflow/dags/trade_fish_dag.py for tasks to queue
[2026-04-15T02:18:34.693+0000] {logging_mixin.py:188} INFO - [2026-04-15T02:18:34.692+0000] {dagbag.py:538} INFO - Filling up the DagBag from /opt/airflow/dags/trade_fish_dag.py
[2026-04-15T02:18:34.751+0000] {processor.py:840} INFO - DAG(s) 'fish_trade_pipeline' retrieved from /opt/airflow/dags/trade_fish_dag.py
[2026-04-15T02:18:34.782+0000] {logging_mixin.py:188} INFO - [2026-04-15T02:18:34.782+0000] {dag.py:3036} INFO - Sync 1 DAGs
[2026-04-15T02:18:34.798+0000] {logging_mixin.py:188} INFO - [2026-04-15T02:18:34.798+0000] {dag.py:3823} INFO - Setting next_dagrun for fish_trade_pipeline to 2026-05-01 10:00:00+00:00, run_after=2026-06-01 10:00:00+00:00
[2026-04-15T02:18:34.817+0000] {processor.py:183} INFO - Processing /opt/airflow/dags/trade_fish_dag.py took 0.133 seconds
